customerID,Contract,PaperlessBilling,PaymentMethod
7590-VHVEG,Month-to-month,Yes,Electronic check
5575-GNVDE,One year,No,Mailed check
3668-QPYBK,Month-to-month,Yes,Mailed check
7795-CFOCW,One year,No,Bank transfer (automatic)
9237-HQITU,Month-to-month,Yes,Electronic check
9305-CDSKC,Month-to-month,Yes,Electronic check
1452-KIOVK,Month-to-month,Yes,Credit card (automatic)
6713-OKOMC,Month-to-month,No,Mailed check
7892-POOKP,Month-to-month,Yes,Electronic check
6388-TABGU,One year,No,Bank transfer (automatic)
9763-GRSKD,Month-to-month,Yes,Mailed check
7469-LKBCI,Two year,No,Credit card (automatic)
8091-TTVAX,One year,No,Credit card (automatic)
0280-XJGEX,Month-to-month,Yes,Bank transfer (automatic)
5129-JLPIS,Month-to-month,Yes,Electronic check
3655-SNQYZ,Two year,No,Credit card (automatic)
8191-XWSZG,One year,No,Mailed check
9959-WOFKT,Two year,No,Bank transfer (automatic)
4190-MFLUW,Month-to-month,No,Credit card (automatic)
4183-MYFRB,Month-to-month,Yes,Electronic check
8779-QRDMV,Month-to-month,Yes,Electronic check
1680-VDCWW,One year,No,Bank transfer (automatic)
1066-JKSGK,Month-to-month,No,Mailed check
3638-WEABW,Two year,Yes,Credit card (automatic)
6322-HRPFA,Month-to-month,No,Credit card (automatic)
6865-JZNKO,Month-to-month,Yes,Bank transfer (automatic)
6467-CHFZW,Month-to-month,Yes,Electronic check
8665-UTDHZ,Month-to-month,No,Electronic check
5248-YGIJN,Two year,Yes,Credit card (automatic)
8773-HHUOZ,Month-to-month,Yes,Mailed check
3841-NFECX,Two year,Yes,Credit card (automatic)
4929-XIHVW,Month-to-month,Yes,Credit card (automatic)
6827-IEAUQ,One year,No,Mailed check
7310-EGVHZ,Month-to-month,No,Bank transfer (automatic)
3413-BMNZE,Month-to-month,No,Bank transfer (automatic)
6234-RAAPL,Two year,No,Bank transfer (automatic)
6047-YHPVI,Month-to-month,Yes,Electronic check
6572-ADKRS,Month-to-month,Yes,Credit card (automatic)
5380-WJKOV,Month-to-month,Yes,Electronic check
8168-UQWWF,Month-to-month,Yes,Bank transfer (automatic)
8865-TNMNX,One year,No,Mailed check
9489-DEDVP,Two year,Yes,Credit card (automatic)
9867-JCZSP,One year,No,Mailed check
4671-VJLCL,Two year,Yes,Credit card (automatic)
4080-IIARD,Month-to-month,Yes,Electronic check
3714-NTNFO,Month-to-month,Yes,Electronic check
5948-UJZLF,Month-to-month,No,Mailed check
7760-OYPDY,Month-to-month,Yes,Electronic check
7639-LIAYI,Two year,Yes,Credit card (automatic)
2954-PIBKO,Two year,Yes,Credit card (automatic)
8012-SOUDQ,Month-to-month,Yes,Electronic check
9420-LOJKX,Month-to-month,Yes,Credit card (automatic)
6575-SUVOI,Month-to-month,Yes,Credit card (automatic)
7495-OOKFY,Month-to-month,Yes,Credit card (automatic)
4667-QONEA,One year,Yes,Credit card (automatic)
1658-BYGOY,Month-to-month,Yes,Electronic check
8769-KKTPH,One year,Yes,Credit card (automatic)
5067-XJQFU,One year,Yes,Electronic check
3957-SQXML,Two year,No,Credit card (automatic)
5954-BDFSG,Two year,Yes,Credit card (automatic)
0434-CSFON,Month-to-month,Yes,Electronic check
1215-FIGMP,Month-to-month,Yes,Bank transfer (automatic)
0526-SXDJP,Two year,No,Bank transfer (automatic)
0557-ASKVU,One year,Yes,Credit card (automatic)
5698-BQJOH,Month-to-month,No,Electronic check
5122-CYFXA,Month-to-month,Yes,Electronic check
8627-ZYGSZ,One year,Yes,Electronic check
3410-YOQBQ,Two year,No,Mailed check
3170-NMYVV,Two year,No,Bank transfer (automatic)
7410-OIEDU,Month-to-month,Yes,Mailed check
2273-QCKXA,Month-to-month,No,Mailed check
0731-EBJQB,One year,Yes,Electronic check
1891-QRQSA,Two year,Yes,Bank transfer (automatic)
8028-PNXHQ,Two year,Yes,Bank transfer (automatic)
5630-AHZIL,Month-to-month,Yes,Bank transfer (automatic)
2673-CXQEU,One year,No,Electronic check
6416-JNVRK,One year,No,Credit card (automatic)
5590-ZSKRV,Month-to-month,No,Mailed check
0191-ZHSKZ,Month-to-month,Yes,Electronic check
3887-PBQAO,One year,Yes,Credit card (automatic)
5919-TMRGD,Month-to-month,Yes,Electronic check
8108-UXRQN,Month-to-month,No,Electronic check
9191-MYQKX,Month-to-month,Yes,Bank transfer (automatic)
9919-YLNNG,Month-to-month,Yes,Bank transfer (automatic)
0318-ZOPWS,Two year,Yes,Bank transfer (automatic)
4445-ZJNMU,Month-to-month,Yes,Credit card (automatic)
4808-YNLEU,One year,Yes,Bank transfer (automatic)
1862-QRWPE,Two year,No,Bank transfer (automatic)
2796-NNUFI,Two year,Yes,Mailed check
3016-KSVCP,Month-to-month,No,Mailed check
4767-HZZHQ,Month-to-month,No,Bank transfer (automatic)
2424-WVHPL,Month-to-month,No,Electronic check
7233-PAHHL,Two year,Yes,Mailed check
6067-NGCEU,Month-to-month,Yes,Credit card (automatic)
9848-JQJTX,Two year,Yes,Bank transfer (automatic)
8637-XJIVR,Month-to-month,Yes,Electronic check
9803-FTJCG,One year,Yes,Credit card (automatic)
0278-YXOOG,Month-to-month,No,Mailed check
3212-KXOCR,Two year,No,Bank transfer (automatic)
4598-XLKNJ,Month-to-month,Yes,Electronic check
6380-ARCEH,Month-to-month,No,Mailed check
3679-XASPY,Month-to-month,No,Electronic check
7123-WQUHX,One year,No,Bank transfer (automatic)
5386-THSLQ,One year,No,Bank transfer (automatic)
3192-NQECA,Two year,Yes,Bank transfer (automatic)
6180-YBIQI,Month-to-month,No,Mailed check
6728-DKUCO,One year,Yes,Electronic check
9750-BOOHV,One year,No,Mailed check
8597-CWYHH,One year,No,Mailed check
2848-YXSMW,Two year,No,Credit card (automatic)
0486-HECZI,Month-to-month,Yes,Electronic check
4549-ZDQYY,One year,No,Credit card (automatic)
5712-AHQNN,Month-to-month,Yes,Electronic check
4846-WHAFZ,Month-to-month,Yes,Electronic check
5256-SKJGO,Two year,Yes,Electronic check
3071-VBYPO,Month-to-month,No,Electronic check
9560-BBZXK,Two year,No,Bank transfer (automatic)
5299-RULOA,Month-to-month,Yes,Electronic check
8402-OOOHJ,Two year,No,Mailed check
9445-ZUEQE,Month-to-month,Yes,Credit card (automatic)
1091-SOZGA,One year,Yes,Credit card (automatic)
2928-HLDBA,Month-to-month,No,Mailed check
0404-SWRVG,Month-to-month,Yes,Electronic check
6497-TILVL,Month-to-month,No,Mailed check
7219-TLZHO,Month-to-month,No,Mailed check
4622-YNKIJ,Two year,Yes,Electronic check
4412-YLTKF,Month-to-month,Yes,Electronic check
6734-PSBAW,Two year,Yes,Bank transfer (automatic)
3930-ZGWVE,Month-to-month,No,Mailed check
2639-UGMAZ,One year,Yes,Electronic check
2876-GZYZC,Month-to-month,Yes,Electronic check
6207-WIOLX,Month-to-month,Yes,Credit card (automatic)
8587-XYZSF,Two year,No,Bank transfer (automatic)
3091-FYHKI,Month-to-month,Yes,Electronic check
2372-HWUHI,Month-to-month,No,Electronic check
7799-LGRDP,Two year,Yes,Credit card (automatic)
7850-VWJUU,Month-to-month,Yes,Bank transfer (automatic)
3774-VBNXY,Two year,No,Mailed check
6217-KDYWC,Two year,Yes,Mailed check
0390-DCFDQ,Month-to-month,Yes,Mailed check
3146-MSEGF,Two year,Yes,Credit card (automatic)
4080-OGPJL,Month-to-month,No,Electronic check
1095-WGNGG,Two year,Yes,Bank transfer (automatic)
2636-SJDOU,One year,Yes,Credit card (automatic)
1131-QQZEB,Two year,No,Bank transfer (automatic)
5716-EZXZN,Two year,Yes,Credit card (automatic)
6837-BJYDQ,One year,No,Mailed check
2135-RXIHG,Month-to-month,Yes,Electronic check
6440-DKQGE,One year,No,Credit card (automatic)
3466-BYAVD,Month-to-month,Yes,Mailed check
3780-YVMFA,Month-to-month,Yes,Electronic check
3874-EQOEP,Month-to-month,No,Mailed check
1679-JRFBR,One year,Yes,Credit card (automatic)
9073-ZZIAY,Two year,No,Electronic check
3077-RSNTJ,Month-to-month,No,Mailed check
6551-GNYDG,Month-to-month,Yes,Bank transfer (automatic)
9167-APMXZ,Month-to-month,Yes,Bank transfer (automatic)
2749-CTKAJ,One year,No,Mailed check
6371-NZYEG,Two year,No,Mailed check
7554-NEWDD,Two year,No,Bank transfer (automatic)
8992-VONJD,Month-to-month,Yes,Electronic check
0867-MKZVY,Month-to-month,No,Electronic check
4482-EWFMI,Month-to-month,Yes,Electronic check
4648-YPBTM,Two year,Yes,Bank transfer (automatic)
2907-ILJBN,One year,No,Mailed check
6345-FZOQH,Two year,No,Mailed check
3376-BMGFE,Month-to-month,Yes,Bank transfer (automatic)
5997-OPVFA,Two year,Yes,Bank transfer (automatic)
3445-HXXGF,Month-to-month,Yes,Electronic check
1159-WFSGR,Month-to-month,No,Electronic check
7654-YWJUF,One year,Yes,Bank transfer (automatic)
1875-QIVME,Month-to-month,Yes,Electronic check
6727-IOTLZ,Two year,No,Mailed check
0691-JVSYA,One year,Yes,Bank transfer (automatic)
5918-VUKWP,One year,No,Bank transfer (automatic)
1744-JHKYS,Month-to-month,No,Electronic check
2656-FMOKZ,Month-to-month,Yes,Mailed check
2070-FNEXE,Month-to-month,No,Bank transfer (automatic)
5947-SGKCL,Month-to-month,Yes,Bank transfer (automatic)
3712-PKXZA,One year,Yes,Credit card (automatic)
6317-YPKDH,Month-to-month,No,Bank transfer (automatic)
6582-OIVSP,Month-to-month,No,Mailed check
9367-WXLCH,Month-to-month,No,Bank transfer (automatic)
5524-KHNJP,One year,No,Credit card (automatic)
1918-ZBFQJ,Month-to-month,Yes,Electronic check
1024-GUALD,Month-to-month,Yes,Electronic check
4827-USJHP,Month-to-month,Yes,Mailed check
8167-GJLRN,Month-to-month,No,Electronic check
0956-SYCWG,One year,No,Electronic check
8017-UVSZU,Month-to-month,No,Credit card (automatic)
7100-FQPRV,One year,Yes,Credit card (automatic)
2472-OVKUP,Month-to-month,Yes,Electronic check
2984-RGEYA,Two year,No,Bank transfer (automatic)
9680-NIAUV,Two year,No,Credit card (automatic)
2146-EGVDT,Two year,No,Credit card (automatic)
2604-IJPDU,Month-to-month,Yes,Electronic check
9178-JHUVJ,Two year,Yes,Bank transfer (automatic)
6168-YBYNP,Month-to-month,Yes,Electronic check
7255-SSFBC,Two year,Yes,Bank transfer (automatic)
3645-DEYGF,Month-to-month,No,Mailed check
9323-HGFWY,One year,Yes,Credit card (automatic)
8544-GOQSH,Month-to-month,Yes,Credit card (automatic)
3363-DTIVD,Two year,No,Electronic check
7018-WBJNK,Month-to-month,Yes,Credit card (automatic)
9142-KZXOP,Month-to-month,No,Credit card (automatic)
7674-YTAFD,One year,Yes,Bank transfer (automatic)
6348-SNFUS,Two year,Yes,Credit card (automatic)
1285-OKIPP,Month-to-month,No,Electronic check
7825-ECJRF,Month-to-month,Yes,Electronic check
1347-KTTTA,One year,Yes,Credit card (automatic)
7841-TZDMQ,Month-to-month,Yes,Credit card (automatic)
4195-NZGTA,Month-to-month,No,Electronic check
7157-SMCFK,Two year,No,Mailed check
4709-LKHYG,One year,No,Electronic check
2504-DSHIH,Month-to-month,No,Electronic check
0699-NDKJM,Month-to-month,Yes,Bank transfer (automatic)
9286-BHDQG,Two year,No,Credit card (automatic)
0230-WEQUW,Two year,Yes,Bank transfer (automatic)
2040-LDIWQ,Two year,Yes,Bank transfer (automatic)
6496-JDSSB,Month-to-month,Yes,Bank transfer (automatic)
9408-SSNVZ,Month-to-month,Yes,Electronic check
4443-EMBNA,Two year,No,Bank transfer (automatic)
6469-MRVET,One year,Yes,Electronic check
0742-MOABM,Month-to-month,No,Mailed check
5961-VUSRV,One year,Yes,Bank transfer (automatic)
6778-JFCMK,One year,Yes,Mailed check
6341-JVQGF,One year,Yes,Mailed check
2232-DMLXU,Month-to-month,No,Mailed check
4811-JBUVU,Month-to-month,Yes,Credit card (automatic)
0945-TSONX,Two year,Yes,Credit card (automatic)
2651-ZCBXV,Two year,Yes,Credit card (automatic)
3316-UWXUY,Month-to-month,Yes,Credit card (automatic)
8937-RDTHP,Month-to-month,Yes,Mailed check
7083-MIOPC,Two year,No,Credit card (automatic)
1984-GPTEH,Month-to-month,No,Electronic check
1251-KRREG,Month-to-month,Yes,Mailed check
0621-JFHOL,Two year,Yes,Mailed check
9903-LYSAB,Month-to-month,Yes,Electronic check
0094-OIFMO,Month-to-month,Yes,Electronic check
9227-UAQFT,Two year,No,Mailed check
7301-ABVAD,Two year,No,Bank transfer (automatic)
6614-FHDBO,Two year,No,Bank transfer (automatic)
7576-ASEJU,One year,Yes,Credit card (automatic)
9058-HRZSV,Month-to-month,No,Electronic check
4522-AKYLR,Month-to-month,Yes,Electronic check
0221-WMXNQ,Month-to-month,No,Electronic check
0303-UNCIP,One year,No,Mailed check
9947-OTFQU,Month-to-month,Yes,Electronic check
0322-YINQP,Month-to-month,Yes,Mailed check
0959-WHOKV,One year,Yes,Electronic check
4075-JFPGR,One year,Yes,Electronic check
4629-NRXKX,Month-to-month,No,Electronic check
9514-JDSKI,Month-to-month,No,Electronic check
3282-ZISZV,One year,No,Credit card (automatic)
3675-YDUPJ,Month-to-month,Yes,Mailed check
4111-BNXIF,Two year,Yes,Electronic check
7017-VFHAY,Two year,No,Credit card (automatic)
6655-LHBYW,One year,No,Credit card (automatic)
4959-JOSRX,Month-to-month,Yes,Credit card (automatic)
5046-NUHWD,Month-to-month,Yes,Electronic check
7273-TEFQD,Month-to-month,Yes,Electronic check
3606-TWKGI,Month-to-month,Yes,Electronic check
7529-ZDFXI,Month-to-month,Yes,Electronic check
7605-BDWDC,Two year,Yes,Bank transfer (automatic)
1950-KSVVJ,One year,No,Mailed check
0123-CRBRT,Two year,No,Mailed check
6292-TOSSS,Two year,No,Bank transfer (automatic)
3197-ARFOY,Month-to-month,Yes,Mailed check
6323-AYBRX,Two year,No,Mailed check
7014-ZZXAW,Two year,Yes,Credit card (automatic)
4385-GZQXV,Month-to-month,Yes,Electronic check
7633-MVPUY,Two year,Yes,Electronic check
6366-ZGQGL,Month-to-month,No,Bank transfer (automatic)
4716-HHKQH,Month-to-month,No,Electronic check
5940-AHUHD,Month-to-month,No,Mailed check
6432-TWQLB,Month-to-month,Yes,Electronic check
4484-GLZOU,Month-to-month,Yes,Electronic check
3179-GBRWV,Month-to-month,Yes,Bank transfer (automatic)
8645-KWHJO,Month-to-month,Yes,Electronic check
4130-MZLCC,Month-to-month,No,Bank transfer (automatic)
0314-TKOSI,Month-to-month,No,Mailed check
8229-MYEJZ,Month-to-month,No,Electronic check
2080-SRCDE,Month-to-month,No,Mailed check
9577-WJVCQ,Month-to-month,No,Mailed check
9512-UIBFX,Month-to-month,No,Mailed check
6202-DYYFX,One year,Yes,Credit card (automatic)
3808-HFKDE,Month-to-month,Yes,Electronic check
5583-SXDAG,Month-to-month,No,Electronic check
3488-PGMQJ,Month-to-month,Yes,Electronic check
3580-REOAC,Month-to-month,Yes,Credit card (automatic)
7534-BFESC,Month-to-month,Yes,Electronic check
3727-OWVYD,One year,No,Mailed check
2294-SALNE,One year,No,Mailed check
4847-TAJYI,Month-to-month,Yes,Electronic check
1563-IWQEX,Month-to-month,No,Mailed check
8203-XJZRC,Month-to-month,No,Mailed check
6556-DBKZF,Two year,No,Electronic check
6851-WEFYX,Month-to-month,Yes,Electronic check
2985-JUUBZ,Month-to-month,Yes,Electronic check
6390-DSAZX,Month-to-month,Yes,Mailed check
0895-LMRSF,One year,Yes,Bank transfer (automatic)
8098-LLAZX,Month-to-month,Yes,Electronic check
8266-VBFQL,Month-to-month,Yes,Electronic check
8181-YHCMF,Two year,No,Credit card (automatic)
2240-HSJQD,Month-to-month,Yes,Mailed check
1248-DYXUB,Two year,No,Mailed check
0265-EDXBD,Month-to-month,Yes,Electronic check
4115-BNPJY,Two year,No,Mailed check
3167-SNQPL,Month-to-month,No,Electronic check
4091-TVOCN,One year,Yes,Credit card (automatic)
1098-TDVUQ,Month-to-month,Yes,Bank transfer (automatic)
7277-OZCGZ,Month-to-month,Yes,Electronic check
1557-EMYVT,Two year,No,Credit card (automatic)
2799-ARNLO,Month-to-month,Yes,Electronic check
7563-BIUPC,Month-to-month,Yes,Electronic check
5027-YOCXN,One year,No,Credit card (automatic)
3973-SKMLN,Two year,Yes,Credit card (automatic)
2321-OMBXY,One year,No,Credit card (automatic)
2840-XANRC,Month-to-month,Yes,Electronic check
6745-JEFZB,Month-to-month,Yes,Credit card (automatic)
5020-ZSTTY,One year,No,Bank transfer (automatic)
9880-TDQAC,Two year,Yes,Electronic check
8705-WZCYL,Month-to-month,Yes,Electronic check
7102-JJVTX,One year,No,Mailed check
8626-PTQGE,Two year,Yes,Bank transfer (automatic)
4983-CLMLV,Month-to-month,Yes,Credit card (automatic)
5701-YVSVF,Month-to-month,Yes,Electronic check
5804-LEPIM,Month-to-month,Yes,Electronic check
5697-GOMBF,Month-to-month,Yes,Electronic check
2739-CACDQ,Month-to-month,Yes,Credit card (automatic)
9385-EHGDO,Two year,Yes,Mailed check
9498-FIMXL,One year,Yes,Mailed check
2379-GYFLQ,One year,Yes,Credit card (automatic)
0122-OAHPZ,Month-to-month,Yes,Electronic check
2868-SNELZ,Month-to-month,No,Mailed check
4322-RCYMT,One year,Yes,Bank transfer (automatic)
6680-NENYN,Two year,Yes,Electronic check
2088-IEBAU,Two year,Yes,Electronic check
7982-VCELR,Month-to-month,Yes,Credit card (automatic)
1343-EHPYB,Month-to-month,Yes,Electronic check
6035-BXTTY,Month-to-month,No,Bank transfer (automatic)
6885-PKOAM,Two year,No,Credit card (automatic)
7520-HQWJU,Month-to-month,Yes,Bank transfer (automatic)
9639-BUJXT,One year,No,Mailed check
5924-SNGKP,One year,Yes,Credit card (automatic)
0021-IKXGC,Month-to-month,Yes,Electronic check
2034-GDRCN,Month-to-month,Yes,Electronic check
8966-SNIZF,Two year,No,Bank transfer (automatic)
6243-OZGFH,Month-to-month,Yes,Electronic check
4654-DLAMQ,One year,No,Bank transfer (automatic)
0513-RBGPE,Two year,Yes,Credit card (automatic)
5160-UXJED,One year,No,Mailed check
4115-NZRKS,Month-to-month,Yes,Electronic check
0219-YTZUE,Month-to-month,Yes,Bank transfer (automatic)
0623-IIHUG,Month-to-month,Yes,Electronic check
4572-DVCGN,Month-to-month,Yes,Bank transfer (automatic)
3351-NGXYI,Month-to-month,Yes,Electronic check
8984-EYLLL,Two year,Yes,Electronic check
9057-MSWCO,Month-to-month,No,Credit card (automatic)
9833-TGFHX,One year,No,Electronic check
9294-TDIPC,Month-to-month,No,Mailed check
5229-DTFYB,Two year,Yes,Bank transfer (automatic)
0104-PPXDV,One year,No,Credit card (automatic)
5176-LMJXE,Two year,Yes,Mailed check
3583-KRKMD,Month-to-month,Yes,Bank transfer (automatic)
1010-DIAUQ,Month-to-month,No,Bank transfer (automatic)
9069-LGEUL,Month-to-month,Yes,Bank transfer (automatic)
7302-ZHMHP,Month-to-month,No,Mailed check
9571-EDEBV,One year,Yes,Credit card (automatic)
3520-FJGCV,Two year,Yes,Credit card (automatic)
6563-VRERX,One year,No,Mailed check
0259-GBZSH,Month-to-month,Yes,Electronic check
6122-EFVKN,Two year,No,Mailed check
2805-EDJPQ,One year,Yes,Credit card (automatic)
6862-CQUMB,Month-to-month,Yes,Credit card (automatic)
7156-MXBJE,One year,No,Credit card (automatic)
6158-HDPXZ,Month-to-month,No,Mailed check
9601-BRXPO,Month-to-month,Yes,Bank transfer (automatic)
2863-IMQDR,Two year,No,Electronic check
5686-CMAWK,One year,No,Electronic check
5651-CRHKQ,One year,Yes,Bank transfer (automatic)
6905-NIQIN,Month-to-month,No,Mailed check
8204-YJCLA,Two year,Yes,Bank transfer (automatic)
5167-ZFFMM,Month-to-month,Yes,Credit card (automatic)
6583-SZVGP,Two year,Yes,Bank transfer (automatic)
4895-TMWIR,Month-to-month,No,Mailed check
0533-BNWKF,Month-to-month,Yes,Electronic check
1708-PBBOA,One year,Yes,Electronic check
8782-LKFPK,Month-to-month,Yes,Mailed check
5522-JBWMO,Month-to-month,No,Electronic check
3597-MVHJT,Month-to-month,Yes,Bank transfer (automatic)
9774-NRNAU,Month-to-month,Yes,Bank transfer (automatic)
0224-RLWWD,Month-to-month,Yes,Electronic check
9967-ATRFS,Month-to-month,No,Mailed check
3951-NJCVI,Month-to-month,Yes,Electronic check
2977-CEBSX,Two year,Yes,Credit card (automatic)
0177-PXBAT,Month-to-month,Yes,Bank transfer (automatic)
6599-CEBNN,Month-to-month,Yes,Credit card (automatic)
2519-ERQOJ,Month-to-month,Yes,Electronic check
5876-QMYLD,One year,No,Mailed check
2277-AXSDC,One year,No,Bank transfer (automatic)
9442-JTWDL,One year,No,Credit card (automatic)
0979-PHULV,Month-to-month,Yes,Credit card (automatic)
3067-SVMTC,One year,No,Bank transfer (automatic)
5495-GPSRW,Two year,Yes,Mailed check
7606-BPHHN,Two year,Yes,Credit card (automatic)
4742-DRORA,One year,Yes,Bank transfer (automatic)
0111-KLBQG,Month-to-month,Yes,Mailed check
4800-VHZKI,Month-to-month,Yes,Mailed check
7989-CHGTL,Month-to-month,Yes,Mailed check
0334-GDDSO,Month-to-month,Yes,Electronic check
4163-NCJAK,One year,Yes,Bank transfer (automatic)
5233-AOZUF,Month-to-month,Yes,Electronic check
5973-EJGDP,Month-to-month,Yes,Electronic check
1996-DBMUS,Month-to-month,Yes,Bank transfer (automatic)
7916-VCCPB,Month-to-month,No,Bank transfer (automatic)
4686-GEFRM,Two year,Yes,Bank transfer (automatic)
5249-QYHEX,Two year,Yes,Mailed check
0578-SKVMF,Month-to-month,No,Electronic check
5564-NEMQO,Month-to-month,Yes,Bank transfer (automatic)
2233-FAGXV,Month-to-month,Yes,Mailed check
5605-IYGFG,Month-to-month,Yes,Bank transfer (automatic)
7663-ZTEGJ,One year,No,Credit card (automatic)
3935-TBRZZ,One year,No,Mailed check
8111-BKVDS,Month-to-month,No,Bank transfer (automatic)
2055-SIFSS,Month-to-month,No,Bank transfer (automatic)
2806-MLNTI,One year,Yes,Bank transfer (automatic)
8734-DKSTZ,Month-to-month,No,Electronic check
4360-PNRQB,Month-to-month,Yes,Bank transfer (automatic)
6152-ONASV,One year,No,Bank transfer (automatic)
9063-ZGTUY,Month-to-month,Yes,Mailed check
7781-HVGMK,Two year,Yes,Credit card (automatic)
2181-UAESM,Month-to-month,No,Electronic check
2957-LOLHO,Month-to-month,Yes,Bank transfer (automatic)
6048-NJXHX,Two year,Yes,Electronic check
2320-SLKMB,Month-to-month,Yes,Credit card (automatic)
4980-URKXC,One year,No,Bank transfer (automatic)
4376-KFVRS,Two year,Yes,Credit card (automatic)
5886-VLQVU,Month-to-month,Yes,Bank transfer (automatic)
3577-AMVUX,Month-to-month,No,Mailed check
0771-WLCLA,Month-to-month,Yes,Electronic check
5628-RKIFK,Month-to-month,No,Credit card (automatic)
0206-TBWLC,One year,Yes,Mailed check
2937-FTHUR,Month-to-month,No,Electronic check
1910-FMXJM,Month-to-month,No,Electronic check
7752-XUSCI,Month-to-month,Yes,Electronic check
4110-PFEUZ,Month-to-month,No,Mailed check
0732-OCQOC,Two year,Yes,Bank transfer (automatic)
5168-MSWXT,Month-to-month,Yes,Electronic check
1090-ESELR,Two year,No,Bank transfer (automatic)
8592-PLTMQ,One year,No,Mailed check
5760-WRAHC,Month-to-month,Yes,Mailed check
8847-GEOOQ,Month-to-month,Yes,Bank transfer (automatic)
0256-LTHVJ,Month-to-month,Yes,Electronic check
4785-FCIFB,Two year,No,Mailed check
8313-NDOIA,Month-to-month,Yes,Electronic check
5149-CUZUJ,One year,No,Bank transfer (automatic)
0942-KOWSM,Two year,No,Bank transfer (automatic)
4237-CLSMM,Month-to-month,No,Mailed check
1452-VOQCH,Month-to-month,Yes,Electronic check
4719-UMSIY,Month-to-month,No,Mailed check
6614-VBEGU,Month-to-month,Yes,Bank transfer (automatic)
0880-TKATG,Month-to-month,No,Electronic check
3811-VBYBZ,Month-to-month,Yes,Electronic check
1480-BKXGA,Two year,Yes,Bank transfer (automatic)
2996-XAUVF,Two year,Yes,Mailed check
9076-AXYIK,Two year,No,Electronic check
5968-XQIVE,One year,Yes,Electronic check
8896-RAZCR,Two year,No,Mailed check
4640-UHDOS,Month-to-month,No,Electronic check
4933-IKULF,One year,No,Mailed check
3583-EKAPL,Month-to-month,Yes,Electronic check
1304-BCCFO,Month-to-month,Yes,Mailed check
4104-PVRPS,Month-to-month,No,Mailed check
9399-APLBT,Month-to-month,Yes,Electronic check
2359-KMGLI,Month-to-month,Yes,Electronic check
3780-DDGSE,Month-to-month,Yes,Electronic check
4431-EDMIQ,Month-to-month,Yes,Electronic check
0306-JAELE,Month-to-month,Yes,Electronic check
6227-HWPWX,Month-to-month,No,Bank transfer (automatic)
0486-LGCCH,Two year,No,Mailed check
0447-BEMNG,Month-to-month,Yes,Bank transfer (automatic)
4612-SSVHJ,Month-to-month,Yes,Electronic check
5168-MQQCA,One year,Yes,Bank transfer (automatic)
5949-XIKAE,Month-to-month,Yes,Electronic check
7971-HLVXI,Two year,Yes,Credit card (automatic)
9094-AZPHK,Month-to-month,Yes,Electronic check
3649-JPUGY,Two year,Yes,Bank transfer (automatic)
8372-JUXUI,Month-to-month,Yes,Electronic check
3552-CTCYF,Two year,Yes,Bank transfer (automatic)
6778-YSNIH,Month-to-month,Yes,Electronic check
0388-EOPEX,Month-to-month,Yes,Electronic check
5756-OZRIO,One year,No,Bank transfer (automatic)
6579-JPICP,Month-to-month,No,Mailed check
8205-OTCHB,One year,Yes,Bank transfer (automatic)
4134-BSXLX,Month-to-month,No,Mailed check
0505-SPOOW,Two year,No,Bank transfer (automatic)
6235-VDHOM,Month-to-month,No,Electronic check
7783-YKGDV,Month-to-month,Yes,Bank transfer (automatic)
4374-YMUSQ,One year,No,Credit card (automatic)
4513-CXYIX,Two year,Yes,Credit card (automatic)
3957-HHLMR,One year,No,Bank transfer (automatic)
7803-XOCCZ,Month-to-month,Yes,Bank transfer (automatic)
5736-YEJAX,Two year,Yes,Credit card (automatic)
5609-CEBID,Month-to-month,Yes,Electronic check
8981-FJGLA,Month-to-month,Yes,Mailed check
7218-HKQFK,Month-to-month,Yes,Electronic check
4636-QRJKY,Month-to-month,Yes,Electronic check
1135-LMECX,Month-to-month,No,Mailed check
4332-MUOEZ,One year,No,Credit card (automatic)
8535-SFUTN,Month-to-month,Yes,Electronic check
5956-VKDTT,Month-to-month,Yes,Electronic check
8677-HDZEE,Month-to-month,Yes,Bank transfer (automatic)
2475-MROZF,Month-to-month,Yes,Credit card (automatic)
9412-GHEEC,Month-to-month,No,Bank transfer (automatic)
3482-ABPKK,One year,No,Mailed check
6705-LXORM,Month-to-month,No,Electronic check
0257-ZESQC,Month-to-month,Yes,Bank transfer (automatic)
7531-GQHME,Month-to-month,No,Credit card (automatic)
5174-ITUMV,One year,Yes,Electronic check
4109-CYRBD,Month-to-month,Yes,Electronic check
0913-XWSCN,Month-to-month,No,Bank transfer (automatic)
6825-UYPFK,Month-to-month,No,Bank transfer (automatic)
8397-MVTAZ,Month-to-month,Yes,Electronic check
0750-EBAIU,One year,No,Electronic check
8606-CIQUL,Two year,Yes,Credit card (automatic)
3571-DPYUH,One year,Yes,Credit card (automatic)
7601-GNDYK,Two year,No,Mailed check
0356-OBMAC,Two year,Yes,Bank transfer (automatic)
8067-NIOYM,Two year,Yes,Credit card (automatic)
1403-GYAFU,Two year,No,Credit card (automatic)
4234-XTNEA,Month-to-month,Yes,Electronic check
1297-VQDRP,One year,Yes,Credit card (automatic)
9282-IZGQK,Month-to-month,Yes,Electronic check
5348-CAGXB,Month-to-month,Yes,Electronic check
0621-HJWXJ,Month-to-month,Yes,Bank transfer (automatic)
5844-QVTAT,One year,Yes,Mailed check
8905-IAZPF,One year,Yes,Credit card (automatic)
5394-MEITZ,Two year,Yes,Bank transfer (automatic)
6859-QNXIQ,Two year,Yes,Bank transfer (automatic)
2782-LFZVW,Month-to-month,Yes,Mailed check
2866-IKBTM,Month-to-month,No,Mailed check
1342-JPNKI,Month-to-month,Yes,Bank transfer (automatic)
2817-NTQDO,Month-to-month,Yes,Credit card (automatic)
7129-AZJDE,One year,Yes,Bank transfer (automatic)
6986-IJDHX,Month-to-month,Yes,Mailed check
2560-PPCHE,One year,Yes,Bank transfer (automatic)
4676-MQUEA,One year,Yes,Bank transfer (automatic)
8138-EALND,Month-to-month,No,Mailed check
3580-HYCSP,Two year,Yes,Bank transfer (automatic)
1352-HNSAW,Two year,Yes,Bank transfer (automatic)
2075-PUEPR,Two year,No,Bank transfer (automatic)
1982-FEBTD,Two year,Yes,Credit card (automatic)
5301-GAUUY,Month-to-month,Yes,Bank transfer (automatic)
5791-KAJFD,One year,Yes,Bank transfer (automatic)
2654-VBVPB,Month-to-month,No,Bank transfer (automatic)
1154-HYWWO,One year,No,Mailed check
2501-XWWTZ,Month-to-month,No,Electronic check
3716-UVSPD,Month-to-month,Yes,Electronic check
6815-ABQFQ,One year,Yes,Electronic check
7343-EOBEU,Month-to-month,Yes,Mailed check
3701-SFMUH,Month-to-month,No,Credit card (automatic)
6103-LIANB,Two year,Yes,Credit card (automatic)
7319-VENRZ,Month-to-month,No,Bank transfer (automatic)
5846-NEQVZ,Two year,Yes,Credit card (automatic)
6967-QIQRV,One year,No,Electronic check
5781-RFZRP,Two year,No,Credit card (automatic)
0939-YAPAF,Month-to-month,Yes,Electronic check
0308-IVGOK,One year,Yes,Credit card (automatic)
7293-LSCDV,Two year,Yes,Credit card (automatic)
7025-WCBNE,Two year,No,Bank transfer (automatic)
5756-JYOJT,One year,No,Credit card (automatic)
4710-FDUIZ,One year,No,Credit card (automatic)
6030-REHUX,Month-to-month,Yes,Electronic check
9548-LIGTA,Two year,Yes,Mailed check
5150-LJNSR,One year,No,Bank transfer (automatic)
8270-RKSAP,Month-to-month,Yes,Electronic check
6522-YRBXD,Month-to-month,Yes,Electronic check
2640-LYMOV,Month-to-month,Yes,Mailed check
1218-VKFPE,Month-to-month,No,Mailed check
3627-FHKBK,Month-to-month,No,Mailed check
2865-TCHJW,Month-to-month,Yes,Electronic check
1423-BMPBQ,Month-to-month,Yes,Mailed check
2393-DIVAI,Month-to-month,Yes,Mailed check
5192-EBGOV,Month-to-month,Yes,Electronic check
4568-KNYWR,Two year,Yes,Credit card (automatic)
8752-IMQOS,One year,No,Mailed check
0742-LAFQK,Two year,Yes,Electronic check
0795-LAFGP,Two year,No,Electronic check
0619-OLYUR,Two year,Yes,Credit card (automatic)
5512-IDZEI,One year,No,Electronic check
0459-SPZHJ,Two year,No,Credit card (automatic)
0215-BQKGS,Month-to-month,Yes,Credit card (automatic)
9244-ZVAPM,Month-to-month,No,Mailed check
0719-SYFRB,Month-to-month,Yes,Mailed check
8208-EUMTE,Two year,No,Mailed check
5172-MIGPM,Month-to-month,No,Mailed check
1710-RCXUS,One year,Yes,Credit card (automatic)
0374-FIUCA,Two year,Yes,Credit card (automatic)
5839-SUYVZ,Month-to-month,Yes,Credit card (automatic)
5173-ZXXXL,One year,No,Mailed check
1096-ADRUX,One year,Yes,Bank transfer (automatic)
2001-MCUUW,Two year,No,Electronic check
2731-GJRDG,One year,Yes,Bank transfer (automatic)
4723-BEGSG,Two year,No,Credit card (automatic)
6516-NKQBO,Two year,No,Credit card (automatic)
8672-OAUPW,One year,No,Credit card (automatic)
8207-DMRVL,Two year,No,Bank transfer (automatic)
3419-SNJJD,Month-to-month,No,Bank transfer (automatic)
6543-CPZMK,Month-to-month,Yes,Electronic check
4765-OXPPD,Month-to-month,No,Mailed check
2804-ETQDK,Two year,No,Mailed check
6689-VRRTK,One year,Yes,Credit card (automatic)
7138-GIRSH,Two year,No,Bank transfer (automatic)
9396-ZSFLL,Month-to-month,No,Mailed check
6464-KEXXH,Month-to-month,Yes,Credit card (automatic)
7134-MJPDY,One year,Yes,Credit card (automatic)
5240-CAOYT,Month-to-month,Yes,Bank transfer (automatic)
4059-IIEBK,Month-to-month,Yes,Bank transfer (automatic)
4881-JVQOD,Month-to-month,Yes,Bank transfer (automatic)
0516-UXRMT,One year,Yes,Electronic check
4851-BQDNX,One year,Yes,Electronic check
5148-HKFIR,Two year,No,Mailed check
1009-IRMNA,Month-to-month,No,Bank transfer (automatic)
3003-CMDUU,Month-to-month,Yes,Electronic check
5016-IBERQ,Month-to-month,No,Electronic check
6797-UCJHZ,One year,No,Credit card (automatic)
2469-DTSGX,Two year,No,Electronic check
4554-YGZIH,Month-to-month,No,Credit card (automatic)
5099-BAILX,Month-to-month,Yes,Bank transfer (automatic)
9931-KGHOA,Month-to-month,No,Bank transfer (automatic)
1775-KWJKQ,Two year,No,Credit card (automatic)
7665-VIGUD,One year,No,Mailed check
9411-TPQQV,One year,Yes,Bank transfer (automatic)
7207-RMRDB,Month-to-month,Yes,Electronic check
7954-MLBUN,Two year,No,Bank transfer (automatic)
2077-DDHJK,Two year,No,Credit card (automatic)
4913-EHYUI,One year,Yes,Bank transfer (automatic)
0195-IESCP,Month-to-month,Yes,Electronic check
9574-BOSMD,Two year,No,Bank transfer (automatic)
4580-TMHJU,Month-to-month,No,Electronic check
0970-ETWGE,Month-to-month,Yes,Electronic check
4908-XAXAY,One year,Yes,Bank transfer (automatic)
8404-VLQFB,Month-to-month,Yes,Electronic check
1626-ERCMM,Month-to-month,Yes,Electronic check
0887-HJGAR,Month-to-month,Yes,Mailed check
2391-IPLOP,One year,Yes,Electronic check
5644-PDMZC,Month-to-month,No,Electronic check
3509-GWQGF,Month-to-month,No,Credit card (automatic)
9576-ANLXO,Month-to-month,Yes,Bank transfer (automatic)
2024-BASKD,Month-to-month,Yes,Mailed check
5845-BZZIB,Two year,No,Mailed check
1140-UKVZG,Month-to-month,No,Mailed check
4160-AMJTL,Month-to-month,No,Electronic check
5183-SNMJQ,Month-to-month,Yes,Credit card (automatic)
8100-PNJMH,Two year,Yes,Credit card (automatic)
7838-LAZFO,One year,No,Bank transfer (automatic)
4464-JCOLN,One year,No,Mailed check
2085-JVGAD,Month-to-month,No,Bank transfer (automatic)
5650-VDUDS,Month-to-month,Yes,Mailed check
8095-WANWK,Month-to-month,No,Mailed check
3030-ZKIWL,Month-to-month,No,Mailed check
9565-FLVCG,Two year,Yes,Mailed check
8755-OGKNA,Two year,No,Bank transfer (automatic)
2800-VEQXM,Month-to-month,Yes,Mailed check
7538-GWHML,Month-to-month,No,Electronic check
5533-RJFTJ,Month-to-month,Yes,Bank transfer (automatic)
3859-CVCET,Month-to-month,No,Mailed check
0214-JHPFW,Two year,No,Bank transfer (automatic)
5642-MHDQT,One year,Yes,Bank transfer (automatic)
3088-FVYWK,Two year,No,Credit card (automatic)
3276-HDUEG,Month-to-month,Yes,Mailed check
9092-GDZKO,Month-to-month,Yes,Credit card (automatic)
0823-HSCDJ,Month-to-month,Yes,Electronic check
3729-OWRVL,Two year,Yes,Electronic check
2324-AALNO,One year,No,Bank transfer (automatic)
0822-GAVAP,Month-to-month,Yes,Electronic check
5760-IFJOZ,Month-to-month,No,Mailed check
2826-UWHIS,Month-to-month,No,Bank transfer (automatic)
1448-PWKYE,Month-to-month,No,Electronic check
7501-IWUNG,Two year,Yes,Bank transfer (automatic)
4957-TREIR,Month-to-month,Yes,Credit card (automatic)
7251-LJBQN,One year,Yes,Credit card (automatic)
8040-MNRTF,Month-to-month,No,Mailed check
1536-HBSWP,Month-to-month,Yes,Electronic check
5313-FPXWG,One year,Yes,Bank transfer (automatic)
0067-DKWBL,Month-to-month,Yes,Electronic check
0946-FKYTX,One year,No,Mailed check
5076-YVXCM,Month-to-month,No,Bank transfer (automatic)
8262-COGGB,Month-to-month,Yes,Mailed check
6663-JOCQO,One year,Yes,Bank transfer (automatic)
9620-QJREV,One year,No,Credit card (automatic)
2276-YDAVZ,Month-to-month,Yes,Credit card (automatic)
2682-KEVRP,One year,Yes,Mailed check
2480-JZOSN,Month-to-month,Yes,Mailed check
0078-XZMHT,Two year,Yes,Bank transfer (automatic)
5896-NPFWW,Month-to-month,Yes,Electronic check
9978-HYCIN,One year,Yes,Bank transfer (automatic)
8338-QIUNR,Two year,Yes,Credit card (automatic)
1525-LNLOJ,Two year,Yes,Bank transfer (automatic)
9450-TRJUU,Month-to-month,No,Electronic check
1766-GKNMI,Month-to-month,Yes,Electronic check
6942-LBFDP,Month-to-month,Yes,Mailed check
1456-TWCGB,Month-to-month,No,Mailed check
7133-VBDCG,Month-to-month,Yes,Bank transfer (automatic)
7596-ZYWBB,Two year,Yes,Mailed check
8329-UTMVM,One year,Yes,Bank transfer (automatic)
3014-WJKSM,Month-to-month,Yes,Credit card (automatic)
3347-YJZZE,Month-to-month,No,Credit card (automatic)
1029-QFBEN,Month-to-month,No,Mailed check
7929-DMBCV,Month-to-month,Yes,Mailed check
9661-JALZV,Two year,Yes,Credit card (automatic)
5433-KYGHE,Month-to-month,Yes,Mailed check
4312-KFRXN,Two year,No,Mailed check
5575-TPIZQ,Month-to-month,Yes,Credit card (automatic)
0114-IGABW,Two year,No,Bank transfer (automatic)
9944-AEXBM,Month-to-month,Yes,Bank transfer (automatic)
1853-ARAAQ,Month-to-month,Yes,Credit card (automatic)
6952-OMNWB,Month-to-month,Yes,Credit card (automatic)
4697-LUPSU,One year,No,Mailed check
8434-VGEQQ,Two year,No,Credit card (automatic)
4952-YSOGZ,Month-to-month,Yes,Electronic check
1589-AGTLK,Month-to-month,Yes,Electronic check
5244-IRFIH,Month-to-month,Yes,Electronic check
6549-YMFAW,Month-to-month,Yes,Mailed check
4950-HKQTE,Two year,No,Mailed check
6786-OBWQR,Month-to-month,Yes,Electronic check
2684-EIWEO,Month-to-month,No,Credit card (automatic)
2753-JMMCV,Two year,Yes,Credit card (automatic)
6439-GTPCA,Month-to-month,Yes,Electronic check
6621-YOBKI,Month-to-month,No,Mailed check
1216-JWVUX,Month-to-month,Yes,Electronic check
7564-GHCVB,Two year,No,Bank transfer (automatic)
1173-NOEYG,Month-to-month,No,Bank transfer (automatic)
7595-EHCDL,Month-to-month,No,Credit card (automatic)
6647-ZEDXT,One year,No,Credit card (automatic)
2521-NPUZR,Two year,No,Credit card (automatic)
1307-TVUFB,Month-to-month,Yes,Bank transfer (automatic)
7503-MIOGA,Two year,Yes,Bank transfer (automatic)
4381-MHQDC,Two year,Yes,Mailed check
6923-JHPMP,Month-to-month,Yes,Electronic check
5138-WVKYJ,Month-to-month,No,Electronic check
4018-PPNDW,Two year,Yes,Mailed check
1635-FJFCC,Month-to-month,Yes,Credit card (automatic)
2499-AJYUA,Two year,Yes,Credit card (automatic)
6919-ELBGL,Two year,Yes,Bank transfer (automatic)
3966-HRMZA,Month-to-month,No,Mailed check
6425-JWTDV,Two year,No,Mailed check
8405-IGQFX,One year,Yes,Credit card (automatic)
8224-IVVPA,Month-to-month,Yes,Mailed check
9477-LGWQI,Two year,Yes,Credit card (automatic)
1410-RSCMR,Month-to-month,Yes,Credit card (automatic)
0139-IVFJG,Month-to-month,No,Electronic check
6683-VLCTZ,Month-to-month,Yes,Electronic check
5730-DBDSI,Two year,No,Bank transfer (automatic)
0030-FNXPP,Month-to-month,No,Mailed check
2189-WWOEW,Month-to-month,Yes,Bank transfer (automatic)
5684-FJVYR,Two year,Yes,Bank transfer (automatic)
4013-GUXND,Month-to-month,No,Mailed check
1894-IGFSG,Month-to-month,No,Electronic check
7379-POKDZ,Month-to-month,Yes,Electronic check
1266-NZYUI,Two year,No,Bank transfer (automatic)
7969-FFOWG,Two year,No,Mailed check
4718-DHSMV,Month-to-month,Yes,Mailed check
5175-WLYXL,Month-to-month,Yes,Mailed check
7817-OMJNA,One year,No,Bank transfer (automatic)
8728-SKJLR,Month-to-month,Yes,Electronic check
3137-NYQQI,One year,No,Mailed check
7706-DZNKK,Month-to-month,Yes,Credit card (automatic)
0236-HFWSV,Month-to-month,Yes,Electronic check
3900-AQPHZ,Month-to-month,No,Mailed check
5842-POCOP,Month-to-month,Yes,Mailed check
2037-XJFUP,One year,Yes,Electronic check
8823-RLPWL,Two year,Yes,Credit card (automatic)
9505-SQFSW,Month-to-month,No,Mailed check
7314-OXENN,Month-to-month,Yes,Electronic check
3758-CKOQL,One year,Yes,Credit card (automatic)
0322-CHQRU,Month-to-month,No,Electronic check
5676-CFLYY,Two year,Yes,Credit card (automatic)
7521-AFHAB,Month-to-month,No,Mailed check
0285-INHLN,Month-to-month,Yes,Credit card (automatic)
4678-DVQEO,Month-to-month,Yes,Electronic check
5125-CNDSP,One year,Yes,Bank transfer (automatic)
0691-IFBQW,One year,Yes,Electronic check
4992-LTJNE,Two year,No,Bank transfer (automatic)
2202-OUTMO,Month-to-month,Yes,Bank transfer (automatic)
0810-BDHAW,One year,No,Electronic check
0229-LFJAF,Two year,No,Bank transfer (automatic)
7131-ZQZNK,Two year,No,Credit card (automatic)
3442-ZHHCC,One year,Yes,Credit card (automatic)
5726-CVNYA,Two year,Yes,Mailed check
9871-ELEYA,Two year,No,Credit card (automatic)
4257-GAESD,Month-to-month,No,Credit card (automatic)
5173-WXOQV,Month-to-month,Yes,Mailed check
2040-OBMLJ,One year,No,Credit card (automatic)
6286-ZHAOK,Month-to-month,Yes,Bank transfer (automatic)
3807-XHCJH,Month-to-month,No,Electronic check
3009-JWMPU,One year,Yes,Electronic check
5671-RQRLP,Two year,Yes,Credit card (automatic)
1450-GALXR,Month-to-month,Yes,Electronic check
8859-AXJZP,Two year,Yes,Mailed check
3174-AKMAS,Two year,Yes,Credit card (automatic)
3138-BKYAV,Month-to-month,Yes,Electronic check
9926-PJHDQ,Two year,Yes,Bank transfer (automatic)
7382-DFJTU,Month-to-month,No,Credit card (automatic)
2798-NYLMZ,Two year,Yes,Credit card (automatic)
4289-DTDKW,Month-to-month,Yes,Electronic check
1820-TQVEV,Month-to-month,Yes,Electronic check
2239-JALAW,One year,Yes,Bank transfer (automatic)
4853-RULSV,Two year,Yes,Credit card (automatic)
8098-TDCBU,Two year,No,Electronic check
3551-GAEGL,One year,No,Bank transfer (automatic)
4785-NKHCX,Month-to-month,No,Bank transfer (automatic)
3196-NVXLZ,Month-to-month,Yes,Mailed check
6275-YDUVO,Month-to-month,Yes,Mailed check
0036-IHMOT,One year,Yes,Bank transfer (automatic)
0115-TFERT,Month-to-month,Yes,Electronic check
4178-EGMON,Two year,Yes,Credit card (automatic)
4220-TINQT,Month-to-month,Yes,Electronic check
5318-YKDPV,Two year,Yes,Credit card (automatic)
7975-TZMLR,One year,Yes,Electronic check
0295-QVKPB,Month-to-month,Yes,Credit card (automatic)
4335-BSMJS,Two year,Yes,Credit card (automatic)
2311-QYMUQ,Month-to-month,Yes,Credit card (automatic)
3643-AHCFP,Month-to-month,Yes,Bank transfer (automatic)
9146-JRIOX,Month-to-month,No,Mailed check
3104-OWCGK,One year,No,Electronic check
5337-IIWKZ,Month-to-month,Yes,Electronic check
9101-BWFSS,One year,No,Electronic check
9650-VBUOG,Two year,No,Credit card (automatic)
3487-EARAT,One year,No,Credit card (automatic)
2672-TGEFF,Month-to-month,Yes,Electronic check
9231-ZJYAM,Month-to-month,Yes,Electronic check
4250-WAROZ,Month-to-month,Yes,Electronic check
8184-WMOFI,One year,No,Credit card (automatic)
6982-SSHFK,Month-to-month,No,Mailed check
6092-QZVPP,Month-to-month,Yes,Credit card (automatic)
4625-LAMOB,Two year,No,Credit card (automatic)
0727-BMPLR,One year,Yes,Electronic check
0392-BZIUW,Two year,Yes,Credit card (automatic)
1038-ZAGBI,One year,No,Bank transfer (automatic)
6549-NNDYT,Month-to-month,Yes,Bank transfer (automatic)
3027-ZTDHO,Month-to-month,Yes,Electronic check
0422-OHQHQ,One year,No,Mailed check
6916-HIJSE,Two year,Yes,Bank transfer (automatic)
2316-ESMLS,One year,No,Credit card (automatic)
9778-OGKQZ,Two year,Yes,Credit card (automatic)
7408-OFWXJ,Two year,No,Credit card (automatic)
6007-TCTST,Two year,Yes,Bank transfer (automatic)
2252-NKNSI,Two year,Yes,Mailed check
8713-IGZSO,Month-to-month,No,Mailed check
7905-TVXTA,Month-to-month,Yes,Electronic check
7695-PKLCZ,Two year,No,Credit card (automatic)
2382-BCKQJ,One year,Yes,Electronic check
8374-UULRV,Two year,No,Credit card (automatic)
2207-NHRJK,Month-to-month,No,Electronic check
3224-DFQNQ,One year,No,Electronic check
5275-PMFUT,Two year,Yes,Credit card (automatic)
4795-UXVCJ,One year,No,Credit card (automatic)
9777-IQHWP,Two year,No,Bank transfer (automatic)
0947-MUGVO,Month-to-month,Yes,Electronic check
9944-HKVVB,Month-to-month,Yes,Electronic check
4124-MMETB,Month-to-month,Yes,Credit card (automatic)
3671-SHRSP,Month-to-month,Yes,Mailed check
0979-MOZQI,Two year,Yes,Bank transfer (automatic)
2732-ISEZX,Month-to-month,Yes,Mailed check
3313-QKNKB,One year,No,Electronic check
0323-XWWTN,Two year,Yes,Mailed check
1937-OTUKY,Two year,Yes,Bank transfer (automatic)
1573-LGXBA,One year,Yes,Credit card (automatic)
1764-VUUMT,Two year,No,Credit card (automatic)
5073-WXOYN,Month-to-month,Yes,Electronic check
4713-ZBURT,Two year,No,Bank transfer (automatic)
3050-GBUSH,Month-to-month,Yes,Credit card (automatic)
0207-MDKNV,Month-to-month,No,Electronic check
7876-AEHIG,One year,No,Bank transfer (automatic)
7945-HLKEA,One year,No,Electronic check
9342-VNIMQ,Month-to-month,Yes,Bank transfer (automatic)
9851-KIELU,Month-to-month,Yes,Electronic check
3523-BRGUW,One year,No,Credit card (automatic)
3908-BLSYF,Month-to-month,No,Electronic check
3199-NPKCN,One year,Yes,Electronic check
5170-PTRKA,One year,Yes,Credit card (automatic)
4661-NJEUX,Month-to-month,Yes,Mailed check
2123-AGEEN,Month-to-month,Yes,Electronic check
1258-YMZNM,One year,Yes,Bank transfer (automatic)
0048-LUMLS,One year,No,Credit card (automatic)
7549-MYGPK,Month-to-month,Yes,Electronic check
5898-IGSLP,Month-to-month,No,Electronic check
3804-RVTGV,Month-to-month,Yes,Bank transfer (automatic)
6259-WJQLC,Month-to-month,Yes,Credit card (automatic)
9227-LUNBG,Month-to-month,No,Electronic check
7997-EASSD,One year,Yes,Credit card (automatic)
0730-KOAVE,Month-to-month,Yes,Credit card (automatic)
8975-SKGRX,Two year,Yes,Bank transfer (automatic)
0678-RLHVP,Two year,No,Electronic check
4315-MURBD,Month-to-month,Yes,Bank transfer (automatic)
2267-FPIMA,Month-to-month,Yes,Credit card (automatic)
1051-GEJLJ,Month-to-month,No,Mailed check
9734-YWGEX,Month-to-month,No,Credit card (automatic)
2719-BDAQO,Month-to-month,No,Electronic check
5285-MVEHD,One year,Yes,Credit card (automatic)
0379-DJQHR,Two year,No,Credit card (automatic)
0781-LKXBR,Month-to-month,Yes,Electronic check
5543-QDCRY,Month-to-month,Yes,Electronic check
0297-RBCSG,One year,Yes,Bank transfer (automatic)
4694-PHWFW,Month-to-month,No,Mailed check
0835-JKADZ,Two year,Yes,Electronic check
1907-UBQFC,Month-to-month,Yes,Electronic check
7508-SMHXL,Month-to-month,No,Credit card (automatic)
3865-YIOTT,One year,Yes,Bank transfer (automatic)
5993-BQHEA,One year,No,Credit card (automatic)
6024-RUGGH,Two year,Yes,Bank transfer (automatic)
6513-EECDB,Month-to-month,Yes,Electronic check
3956-CJUST,Month-to-month,Yes,Bank transfer (automatic)
4079-WWQQQ,Two year,Yes,Bank transfer (automatic)
6103-BOCOU,Month-to-month,Yes,Electronic check
5149-TGWDZ,One year,Yes,Mailed check
7471-WNSUF,One year,No,Bank transfer (automatic)
8942-DBMHZ,Month-to-month,No,Mailed check
4301-VVZKA,Month-to-month,Yes,Electronic check
9199-PWQVC,One year,Yes,Credit card (automatic)
4824-GUCBY,Month-to-month,No,Electronic check
5393-HJZSM,Month-to-month,No,Bank transfer (automatic)
7074-IEVOJ,Month-to-month,Yes,Electronic check
9625-QSTYE,Month-to-month,Yes,Electronic check
0862-PRCBS,Two year,Yes,Credit card (automatic)
8812-ZRHFP,One year,No,Electronic check
5146-CBVOE,Month-to-month,No,Bank transfer (automatic)
0454-OKRCT,Two year,No,Bank transfer (automatic)
5787-KXGIY,Two year,No,Credit card (automatic)
4750-ZRXIU,Month-to-month,Yes,Electronic check
4198-VFOEA,One year,Yes,Mailed check
6630-UJZMY,Month-to-month,Yes,Electronic check
6400-BWQKW,Month-to-month,Yes,Electronic check
2692-AQCPF,One year,Yes,Credit card (automatic)
0347-UBKUZ,Month-to-month,No,Mailed check
0835-DUUIQ,One year,No,Bank transfer (automatic)
0811-GSDTP,Month-to-month,No,Electronic check
7567-ECMCM,Month-to-month,Yes,Credit card (automatic)
6115-ZTBFQ,Two year,No,Bank transfer (automatic)
6353-BRMMA,Month-to-month,Yes,Bank transfer (automatic)
6680-WKXRZ,Month-to-month,No,Bank transfer (automatic)
6231-WFGFH,Month-to-month,Yes,Mailed check
9904-EHEVJ,Month-to-month,Yes,Mailed check
7028-DVOIQ,Month-to-month,Yes,Electronic check
6169-PPETC,Two year,No,Bank transfer (automatic)
4208-UFFGW,Month-to-month,No,Mailed check
8584-KMVXD,Month-to-month,No,Electronic check
8467-WYNSR,Month-to-month,No,Mailed check
0851-DFJKB,Month-to-month,No,Electronic check
5382-SOYZL,Month-to-month,Yes,Electronic check
9448-REEVD,Month-to-month,No,Credit card (automatic)
3261-CQXOL,Two year,No,Bank transfer (automatic)
8388-FYNPZ,Month-to-month,No,Electronic check
4002-BQWPQ,Month-to-month,No,Bank transfer (automatic)
5651-YLPRD,Month-to-month,Yes,Electronic check
2826-DXLQO,Month-to-month,No,Bank transfer (automatic)
4378-BZYFP,One year,Yes,Mailed check
9489-UTFKA,Month-to-month,No,Bank transfer (automatic)
4849-PYRLQ,Two year,No,Bank transfer (automatic)
9117-SHLZX,Month-to-month,Yes,Mailed check
9889-TMAHG,Month-to-month,No,Credit card (automatic)
4541-RMRLG,Month-to-month,No,Electronic check
7764-BDPEE,Month-to-month,No,Mailed check
3429-IFLEM,Two year,No,Credit card (automatic)
3158-MOERK,Month-to-month,Yes,Electronic check
7294-TMAOP,Month-to-month,No,Electronic check
5002-GCQFH,Month-to-month,Yes,Bank transfer (automatic)
0556-FJEGU,Two year,No,Bank transfer (automatic)
8919-FYFQZ,Month-to-month,Yes,Electronic check
0604-THJFP,Two year,Yes,Credit card (automatic)
2834-JRTUA,Two year,Yes,Electronic check
5875-YPQFJ,Month-to-month,Yes,Electronic check
5879-SESNB,Month-to-month,No,Electronic check
6646-QVXLR,One year,Yes,Electronic check
6461-PPAXN,One year,Yes,Bank transfer (automatic)
3318-ISQFQ,Month-to-month,Yes,Bank transfer (automatic)
1106-HRLKZ,Two year,No,Mailed check
2483-XSSMZ,One year,Yes,Electronic check
8603-IJWDN,Month-to-month,Yes,Electronic check
8165-ZJRNM,Two year,No,Bank transfer (automatic)
9369-XFEHK,Month-to-month,Yes,Bank transfer (automatic)
2604-XVDAM,Month-to-month,No,Bank transfer (automatic)
3717-OFRTN,Month-to-month,No,Bank transfer (automatic)
9046-JBFWA,Month-to-month,No,Mailed check
3280-NMUVX,One year,No,Credit card (automatic)
1206-EHBDD,Two year,No,Bank transfer (automatic)
8361-LBRDI,Two year,No,Credit card (automatic)
4883-KCPZJ,Two year,No,Credit card (automatic)
9108-EQPNQ,Two year,No,Credit card (automatic)
7277-KAMWT,Two year,No,Credit card (automatic)
3842-IYKUE,Month-to-month,No,Credit card (automatic)
6641-XRPSU,Month-to-month,Yes,Credit card (automatic)
1374-DMZUI,Month-to-month,Yes,Electronic check
2545-LXYVJ,Two year,No,Bank transfer (automatic)
3234-VKACU,Month-to-month,No,Electronic check
8357-EQXFO,Month-to-month,Yes,Electronic check
1989-PRJHP,Month-to-month,Yes,Electronic check
8120-JDCAM,Month-to-month,Yes,Mailed check
8917-FAEMR,Two year,No,Mailed check
7047-YXDMZ,Month-to-month,No,Mailed check
2858-EIMXH,One year,Yes,Credit card (automatic)
9524-EGPJC,Month-to-month,Yes,Electronic check
6993-OHLXR,Month-to-month,No,Electronic check
8818-XYFCQ,Month-to-month,Yes,Credit card (automatic)
6419-ZTTLE,One year,Yes,Electronic check
0929-HYQEW,Month-to-month,Yes,Mailed check
6614-YOLAC,Two year,No,Mailed check
7426-RHZGU,Month-to-month,Yes,Bank transfer (automatic)
4065-JJAVA,Month-to-month,No,Electronic check
4695-VADHF,Month-to-month,No,Electronic check
3863-IUBJR,One year,No,Credit card (automatic)
7649-SIJJF,Two year,Yes,Mailed check
9361-YNQWJ,One year,Yes,Bank transfer (automatic)
3748-FVMZZ,Month-to-month,Yes,Electronic check
9391-TTOYH,Month-to-month,Yes,Mailed check
1452-XRSJV,Month-to-month,No,Credit card (automatic)
3422-WJOYD,One year,No,Mailed check
8242-SOQUO,Month-to-month,Yes,Electronic check
7460-ITWWP,Month-to-month,Yes,Electronic check
7147-AYBAA,Month-to-month,Yes,Mailed check
7868-TMWMZ,Two year,Yes,Bank transfer (automatic)
4822-RVYBB,Month-to-month,Yes,Electronic check
6732-FZUGP,One year,No,Credit card (automatic)
8436-BJUMM,Month-to-month,Yes,Electronic check
4184-TJFAN,Month-to-month,Yes,Mailed check
8329-GWVPJ,Month-to-month,Yes,Bank transfer (automatic)
1352-VHKAJ,Month-to-month,No,Bank transfer (automatic)
4145-UQXUQ,Month-to-month,Yes,Electronic check
2632-TACXW,Two year,No,Bank transfer (automatic)
8146-QQKZH,Two year,No,Bank transfer (automatic)
1767-CJKBA,Two year,No,Mailed check
6445-TNRXS,Two year,Yes,Bank transfer (automatic)
4581-LNWUM,Month-to-month,No,Electronic check
4869-EPIUS,One year,Yes,Electronic check
9948-YPTDG,Month-to-month,Yes,Electronic check
1236-WFCDV,Month-to-month,No,Credit card (automatic)
1915-OAKWD,One year,Yes,Bank transfer (automatic)
7296-PIXQY,Month-to-month,No,Electronic check
4883-QICIH,Month-to-month,Yes,Bank transfer (automatic)
3354-OADJP,One year,No,Bank transfer (automatic)
3524-WQDSG,Month-to-month,Yes,Bank transfer (automatic)
0810-DHDBD,One year,No,Credit card (automatic)
4026-SKKHW,Month-to-month,Yes,Mailed check
2829-HYVZP,One year,Yes,Mailed check
8329-IBCTI,Month-to-month,No,Mailed check
1271-SJBGZ,Month-to-month,Yes,Electronic check
3845-JHAMY,Month-to-month,Yes,Credit card (automatic)
7013-PSXHK,One year,Yes,Mailed check
5669-SRAIP,Month-to-month,No,Electronic check
5981-ITEMU,Month-to-month,Yes,Bank transfer (automatic)
3486-NPGST,One year,No,Mailed check
6941-PMGEP,Month-to-month,Yes,Electronic check
1624-WOIWJ,Month-to-month,Yes,Mailed check
2074-GKOWZ,Month-to-month,Yes,Bank transfer (automatic)
0376-YMCJC,Month-to-month,Yes,Electronic check
6100-FJZDG,One year,Yes,Bank transfer (automatic)
4829-ZLJTK,Two year,Yes,Electronic check
1730-VFMWO,Month-to-month,No,Bank transfer (automatic)
7143-BQIBA,Month-to-month,No,Bank transfer (automatic)
3800-LYTRK,One year,No,Mailed check
0634-SZPQA,Month-to-month,Yes,Bank transfer (automatic)
9646-NMHXE,Two year,No,Mailed check
7030-NJVDP,Month-to-month,Yes,Electronic check
5536-RTPWK,Month-to-month,Yes,Bank transfer (automatic)
8883-GRDWQ,One year,No,Mailed check
6166-ILMNY,Month-to-month,No,Bank transfer (automatic)
3097-NNSPB,Month-to-month,Yes,Credit card (automatic)
7771-ZONAT,Two year,No,Bank transfer (automatic)
0655-RBDUG,Month-to-month,Yes,Bank transfer (automatic)
2111-DWYHN,Month-to-month,No,Mailed check
4194-WHFCB,Month-to-month,Yes,Bank transfer (automatic)
4121-AGSIN,One year,Yes,Credit card (automatic)
4361-BKAXE,Month-to-month,Yes,Bank transfer (automatic)
9845-PEEKO,Two year,Yes,Credit card (automatic)
0455-XFASS,Month-to-month,Yes,Electronic check
0301-KOBTQ,Two year,Yes,Bank transfer (automatic)
1751-NCDLI,Month-to-month,Yes,Electronic check
9878-TNQGW,Month-to-month,Yes,Electronic check
9170-ARBTB,One year,No,Credit card (automatic)
4441-NIHPT,Month-to-month,Yes,Electronic check
8999-BOHSE,Month-to-month,No,Bank transfer (automatic)
7241-AJHFS,Month-to-month,No,Bank transfer (automatic)
7029-RPUAV,Month-to-month,Yes,Credit card (automatic)
4546-FOKWR,Month-to-month,Yes,Credit card (automatic)
9036-CSKBW,One year,No,Bank transfer (automatic)
5832-TRLPB,One year,Yes,Bank transfer (automatic)
8590-YFFQO,Two year,No,Credit card (automatic)
8659-IOOPU,Two year,No,Electronic check
1338-CECEE,One year,No,Bank transfer (automatic)
7439-DKZTW,Month-to-month,Yes,Electronic check
4646-QZXTF,Month-to-month,No,Bank transfer (automatic)
4607-CHPCA,One year,Yes,Electronic check
9742-XOKTS,One year,No,Electronic check
6921-OZMFH,Month-to-month,Yes,Mailed check
9578-FOMUK,Month-to-month,Yes,Electronic check
4712-UYOOI,Month-to-month,No,Electronic check
8824-RWFXJ,Month-to-month,Yes,Mailed check
7722-CVFXN,One year,Yes,Electronic check
8717-VCTXJ,One year,Yes,Mailed check
7363-QTBIW,Month-to-month,Yes,Electronic check
4159-NAAIX,Two year,No,Bank transfer (automatic)
0971-QIFJK,Two year,No,Bank transfer (automatic)
9397-TZSHA,Two year,No,Credit card (automatic)
3391-JSQEW,Month-to-month,Yes,Mailed check
0343-QLUZP,Two year,No,Bank transfer (automatic)
9763-PDTKK,Month-to-month,Yes,Bank transfer (automatic)
2176-LVPNX,Two year,No,Mailed check
7627-JKIAZ,Month-to-month,Yes,Credit card (automatic)
3312-UUMZW,Month-to-month,Yes,Credit card (automatic)
1271-UODNO,Two year,Yes,Credit card (automatic)
8461-EFQYM,One year,Yes,Electronic check
6900-RBKER,Two year,Yes,Credit card (automatic)
6891-JPYFF,Month-to-month,Yes,Credit card (automatic)
1459-QNFQT,Two year,No,Bank transfer (automatic)
1047-NNCBF,Month-to-month,No,Credit card (automatic)
3696-XRIEN,One year,Yes,Credit card (automatic)
4081-DYXAV,One year,Yes,Credit card (automatic)
0074-HDKDG,One year,Yes,Bank transfer (automatic)
8791-GFXLZ,Month-to-month,Yes,Bank transfer (automatic)
8111-SLLHI,Month-to-month,Yes,Electronic check
0927-LCSMG,Month-to-month,No,Mailed check
9330-DHBFL,One year,Yes,Mailed check
0098-BOWSO,Month-to-month,Yes,Electronic check
3452-ABWRL,Month-to-month,Yes,Credit card (automatic)
5859-HZYLF,Two year,Yes,Credit card (automatic)
8257-RZAHR,Month-to-month,Yes,Bank transfer (automatic)
5293-WXJAK,Month-to-month,Yes,Bank transfer (automatic)
3156-QLHBO,Month-to-month,No,Mailed check
2208-NQBCT,Month-to-month,No,Electronic check
1779-PWPMG,Two year,Yes,Bank transfer (automatic)
6621-NRZAK,Two year,No,Credit card (automatic)
0831-JNISG,Two year,No,Mailed check
0774-IFUVM,Month-to-month,Yes,Bank transfer (automatic)
3082-WQRVY,One year,No,Mailed check
9553-DLCLU,Two year,No,Credit card (automatic)
1641-BYBTK,Month-to-month,Yes,Mailed check
2460-NGXBJ,Month-to-month,Yes,Credit card (automatic)
2446-ZKVAF,Month-to-month,No,Credit card (automatic)
0841-NULXI,Month-to-month,Yes,Electronic check
3522-CDKHF,Month-to-month,Yes,Bank transfer (automatic)
1430-SFQSA,One year,No,Mailed check
0411-EZJZE,Month-to-month,Yes,Electronic check
7851-WZEKY,Month-to-month,Yes,Electronic check
8844-TONUD,Month-to-month,Yes,Mailed check
8807-ARQET,Month-to-month,Yes,Electronic check
8992-CEUEN,Month-to-month,No,Electronic check
4320-QMLLA,Month-to-month,No,Mailed check
8777-PVYGU,One year,Yes,Mailed check
8292-ITGYJ,Two year,Yes,Bank transfer (automatic)
6870-ZWMNX,Two year,No,Credit card (automatic)
0621-CXBKL,Two year,No,Mailed check
5268-DSMNQ,One year,Yes,Credit card (automatic)
5334-JLAXU,Month-to-month,Yes,Credit card (automatic)
4086-YQSNZ,Month-to-month,Yes,Electronic check
6242-MBHPK,Month-to-month,Yes,Electronic check
5868-CZJDR,Month-to-month,Yes,Mailed check
9359-UGBTK,One year,Yes,Bank transfer (automatic)
0135-NMXAP,Month-to-month,Yes,Bank transfer (automatic)
4782-OSFXZ,Two year,Yes,Bank transfer (automatic)
6479-OAUSD,One year,No,Credit card (automatic)
7129-ACFOG,Month-to-month,Yes,Electronic check
4189-NAKJS,One year,Yes,Credit card (automatic)
5562-BETPV,One year,No,Mailed check
1282-IHQAC,One year,Yes,Credit card (automatic)
9127-FHJBZ,Two year,Yes,Electronic check
6270-OMFIW,One year,Yes,Electronic check
1641-RQDAY,Month-to-month,Yes,Electronic check
0107-WESLM,Month-to-month,Yes,Electronic check
6994-ORCWG,One year,Yes,Mailed check
1346-UFHAX,Month-to-month,Yes,Credit card (automatic)
3992-YWPKO,Month-to-month,Yes,Credit card (automatic)
2933-XEUJM,Two year,No,Mailed check
0125-LZQXK,Month-to-month,Yes,Electronic check
5461-QKNTN,Month-to-month,Yes,Electronic check
4835-YSJMR,Two year,Yes,Bank transfer (automatic)
8399-YNDCH,Month-to-month,Yes,Bank transfer (automatic)
3164-YAXFY,Month-to-month,Yes,Electronic check
0887-WBJVH,One year,Yes,Electronic check
4660-IRIBM,Month-to-month,Yes,Mailed check
5673-FSSMF,Month-to-month,Yes,Electronic check
7670-ZBPOQ,One year,Yes,Bank transfer (automatic)
8089-UZWLX,Two year,No,Bank transfer (automatic)
0080-OROZO,One year,Yes,Electronic check
3916-NRPAP,Month-to-month,No,Credit card (automatic)
6807-SIWJI,One year,Yes,Electronic check
8221-HVAYI,Two year,Yes,Credit card (automatic)
1579-KLYDT,Month-to-month,Yes,Electronic check
5232-NXPAY,Two year,No,Mailed check
8967-SZQAS,Month-to-month,No,Electronic check
4468-KAZHE,Month-to-month,Yes,Electronic check
0455-ENTCR,Two year,No,Electronic check
8944-AILEF,Month-to-month,Yes,Credit card (automatic)
5542-NKVRU,Two year,Yes,Bank transfer (automatic)
7126-RBHSD,Month-to-month,No,Electronic check
5370-IIVVL,One year,Yes,Credit card (automatic)
6789-HJBWG,Month-to-month,Yes,Electronic check
3927-NLNRY,One year,Yes,Bank transfer (automatic)
9087-EYCPR,Two year,No,Mailed check
6791-YBNAK,Month-to-month,No,Credit card (automatic)
6358-LYNGM,Month-to-month,Yes,Electronic check
6077-BDPXA,Month-to-month,Yes,Electronic check
0013-MHZWF,Month-to-month,Yes,Credit card (automatic)
5494-HECPR,Month-to-month,Yes,Electronic check
8268-YDIXR,One year,Yes,Electronic check
9824-BEMCV,Month-to-month,Yes,Electronic check
1373-ORVIZ,Month-to-month,Yes,Electronic check
4291-SHSBH,Month-to-month,Yes,Electronic check
6980-IMXXE,Two year,No,Bank transfer (automatic)
9866-QEVEE,Month-to-month,Yes,Bank transfer (automatic)
9897-KXHCM,Month-to-month,Yes,Electronic check
0040-HALCW,Two year,No,Credit card (automatic)
0784-GTUUK,One year,Yes,Credit card (automatic)
7979-CORPM,Month-to-month,Yes,Credit card (automatic)
2294-DMMUS,Month-to-month,Yes,Credit card (automatic)
0872-JCPIB,Month-to-month,No,Bank transfer (automatic)
3055-MJDSB,Month-to-month,Yes,Mailed check
9091-WTUUY,Two year,No,Mailed check
1618-CFHME,Month-to-month,Yes,Electronic check
3165-HDOEW,Month-to-month,Yes,Mailed check
6581-NQCBA,Month-to-month,Yes,Electronic check
7115-IRDHS,Two year,No,Bank transfer (automatic)
8496-DMZUK,One year,No,Bank transfer (automatic)
2040-VZIKE,Month-to-month,Yes,Mailed check
9068-VPWQQ,Two year,No,Credit card (automatic)
0178-SZBHO,Month-to-month,No,Electronic check
0384-RVBPI,Month-to-month,No,Credit card (automatic)
1689-MRZQR,Month-to-month,No,Electronic check
1299-AURJA,Two year,No,Bank transfer (automatic)
4525-VZCZG,One year,Yes,Electronic check
1543-LLLFT,One year,Yes,Mailed check
5835-BEQEU,Month-to-month,Yes,Electronic check
2788-CJQAQ,One year,No,Mailed check
5565-FILXA,Month-to-month,Yes,Electronic check
0319-QZTCO,Month-to-month,Yes,Credit card (automatic)
2120-SMPEX,Month-to-month,Yes,Mailed check
0096-FCPUF,Month-to-month,Yes,Mailed check
0668-OGMHD,Month-to-month,No,Electronic check
5552-ZNFSJ,Month-to-month,No,Electronic check
2223-KAGMX,Month-to-month,No,Bank transfer (automatic)
6507-ZJSUR,Month-to-month,Yes,Electronic check
9408-HRXRK,Month-to-month,Yes,Electronic check
5593-SUAOO,One year,No,Bank transfer (automatic)
7321-PKUYW,Month-to-month,No,Electronic check
2833-SLKDQ,Month-to-month,No,Mailed check
6766-HFKLA,Two year,No,Bank transfer (automatic)
7595-EUIVN,Month-to-month,No,Electronic check
7617-EYGLW,Month-to-month,No,Electronic check
2026-TGDHM,Month-to-month,Yes,Electronic check
9220-ZNKJI,Two year,No,Credit card (automatic)
4030-VPZBD,Month-to-month,Yes,Electronic check
2226-ICFDO,Two year,Yes,Credit card (automatic)
0723-VSOBE,One year,No,Electronic check
5529-GIBVH,Two year,No,Mailed check
4187-CINZD,One year,No,Credit card (automatic)
9992-UJOEL,Month-to-month,Yes,Mailed check
4741-WWJQZ,Month-to-month,Yes,Electronic check
6625-UTXEW,Month-to-month,Yes,Electronic check
6818-WOBHJ,Month-to-month,Yes,Bank transfer (automatic)
6244-BESBM,Two year,Yes,Credit card (automatic)
1004-NOZNR,One year,No,Credit card (automatic)
1251-STYSZ,Month-to-month,Yes,Electronic check
2612-PHGOX,Two year,Yes,Bank transfer (automatic)
2408-TZMJL,One year,Yes,Electronic check
8480-PPONV,Two year,No,Bank transfer (automatic)
8780-IHCRN,Two year,No,Credit card (automatic)
4598-ZADCK,One year,Yes,Electronic check
1257-SXUXQ,Month-to-month,No,Mailed check
9681-KYGYB,Month-to-month,Yes,Electronic check
7182-OVLBJ,Two year,Yes,Bank transfer (automatic)
5095-ETBRJ,Two year,No,Mailed check
7005-CYUIL,Two year,Yes,Electronic check
4821-WQOYN,Two year,Yes,Credit card (automatic)
4730-AWNAU,One year,No,Credit card (automatic)
3452-FLHYD,One year,Yes,Bank transfer (automatic)
2388-LAESQ,Two year,Yes,Bank transfer (automatic)
9531-NSBMR,One year,Yes,Bank transfer (automatic)
6260-ONULR,Month-to-month,Yes,Mailed check
4389-UEFCZ,Two year,Yes,Electronic check
8711-LOBKY,Two year,No,Mailed check
9134-CEQMF,Month-to-month,Yes,Electronic check
8985-OOPOS,One year,No,Credit card (automatic)
8800-ZKRFW,Month-to-month,Yes,Electronic check
2616-FLVQC,Two year,No,Mailed check
9968-FFVVH,One year,No,Bank transfer (automatic)
3108-PCCGG,Two year,No,Credit card (automatic)
7993-PYKOF,Month-to-month,No,Electronic check
8390-FESFV,Two year,No,Bank transfer (automatic)
3022-BEXHZ,Two year,Yes,Bank transfer (automatic)
5027-XWQHA,Month-to-month,No,Electronic check
6248-TKCQV,Two year,Yes,Bank transfer (automatic)
6729-GDNGC,Month-to-month,No,Bank transfer (automatic)
6198-ZFIOJ,Month-to-month,No,Electronic check
5989-OMNJE,One year,No,Electronic check
4566-QVRRW,Month-to-month,Yes,Electronic check
1291-CUOCY,Two year,Yes,Credit card (automatic)
9795-SHUHB,Two year,Yes,Credit card (automatic)
3230-IUALN,Two year,Yes,Mailed check
0042-RLHYP,Two year,No,Bank transfer (automatic)
8519-IMDHU,Month-to-month,Yes,Bank transfer (automatic)
4945-RVMTE,Month-to-month,Yes,Bank transfer (automatic)
0201-OAMXR,One year,No,Credit card (automatic)
1866-NXPSP,One year,Yes,Mailed check
3372-KWFBM,Month-to-month,Yes,Electronic check
7831-QGOXH,Month-to-month,Yes,Electronic check
6393-WRYZE,Month-to-month,Yes,Electronic check
3941-XTSKM,One year,Yes,Credit card (automatic)
1661-CZBAU,One year,Yes,Bank transfer (automatic)
6599-RCLCJ,Month-to-month,Yes,Electronic check
9831-BPFRI,One year,Yes,Electronic check
5158-RIVOP,Two year,No,Credit card (automatic)
9788-YTFGE,Month-to-month,Yes,Mailed check
9277-JOOMO,Month-to-month,No,Mailed check
1907-YLNYW,Month-to-month,Yes,Electronic check
1725-MIMXW,Month-to-month,Yes,Mailed check
8947-YRTDV,One year,No,Mailed check
3161-ONRWK,One year,Yes,Bank transfer (automatic)
0114-RSRRW,Month-to-month,Yes,Bank transfer (automatic)
4565-NLZBV,Two year,Yes,Bank transfer (automatic)
0031-PVLZI,Month-to-month,No,Mailed check
7206-GZCDC,Month-to-month,Yes,Electronic check
6682-VCIXC,One year,Yes,Bank transfer (automatic)
4791-QRGMF,One year,Yes,Bank transfer (automatic)
6475-VHUIZ,Month-to-month,No,Electronic check
3910-MRQOY,Two year,No,Bank transfer (automatic)
0661-WCQNQ,One year,Yes,Credit card (automatic)
7537-RBWEA,Month-to-month,Yes,Mailed check
4656-CAURT,Two year,No,Bank transfer (automatic)
0121-SNYRK,One year,Yes,Mailed check
1768-ZAIFU,Month-to-month,Yes,Electronic check
4671-LXRDQ,Month-to-month,Yes,Mailed check
3733-LSYCE,Month-to-month,No,Bank transfer (automatic)
6265-FRMTQ,Two year,No,Bank transfer (automatic)
1934-SJVJK,Month-to-month,No,Mailed check
3838-OZURD,Month-to-month,Yes,Credit card (automatic)
9269-CQOOL,Month-to-month,Yes,Credit card (automatic)
2017-CCBLH,Two year,No,Mailed check
7690-KPNCU,One year,Yes,Credit card (automatic)
0536-BGFMZ,Month-to-month,No,Mailed check
2293-IJWPS,One year,Yes,Credit card (automatic)
2845-HSJCY,Month-to-month,Yes,Electronic check
5469-NUJUR,Two year,Yes,Mailed check
1184-PJVDB,Month-to-month,Yes,Electronic check
2625-TRCZQ,Month-to-month,Yes,Electronic check
4102-HLENU,Two year,No,Mailed check
7266-GSSJX,Month-to-month,Yes,Electronic check
7722-VJRQD,Two year,No,Bank transfer (automatic)
7073-QETQY,One year,Yes,Electronic check
9415-DPEWS,Month-to-month,Yes,Electronic check
5624-RYAMH,Month-to-month,Yes,Electronic check
0196-JTUQI,Month-to-month,Yes,Credit card (automatic)
7130-YXBRO,Month-to-month,Yes,Bank transfer (automatic)
9272-LSVYH,Month-to-month,No,Mailed check
7943-RQCHR,Month-to-month,Yes,Electronic check
3793-MMFUH,Month-to-month,Yes,Electronic check
3249-ZPQRG,Month-to-month,No,Electronic check
2568-BRGYX,Month-to-month,Yes,Electronic check
3084-DOWLE,Two year,No,Bank transfer (automatic)
1084-MNSMJ,Two year,No,Credit card (automatic)
7721-JXEAW,Month-to-month,Yes,Bank transfer (automatic)
7249-WBIYX,Month-to-month,Yes,Electronic check
4238-HFHSN,Month-to-month,Yes,Electronic check
6250-CGGUN,One year,No,Electronic check
5478-JJVZK,Month-to-month,Yes,Mailed check
7596-IIWYC,Two year,Yes,Bank transfer (automatic)
6567-HOOPW,Month-to-month,Yes,Electronic check
9793-WECQC,Month-to-month,No,Mailed check
4291-HPAXL,Month-to-month,No,Mailed check
8999-YPYBV,Two year,Yes,Mailed check
1839-FBNFR,Two year,Yes,Bank transfer (automatic)
3164-AALRN,One year,Yes,Mailed check
3071-MVJCD,Two year,No,Bank transfer (automatic)
1697-BCSHV,Month-to-month,Yes,Bank transfer (automatic)
0562-KBDVM,Two year,Yes,Bank transfer (automatic)
1131-SUEKT,One year,Yes,Bank transfer (automatic)
3717-OEAUQ,Month-to-month,No,Mailed check
4538-WNTMJ,One year,No,Mailed check
3334-CTHOL,Month-to-month,Yes,Bank transfer (automatic)
4704-ERYFC,Month-to-month,Yes,Electronic check
9432-RUVSL,Two year,Yes,Credit card (automatic)
8060-HIWJJ,Two year,No,Credit card (automatic)
7684-XSZIY,Two year,No,Bank transfer (automatic)
9089-UOWJG,Month-to-month,Yes,Credit card (automatic)
8621-MNIHH,Month-to-month,Yes,Electronic check
8039-ACLPL,Two year,No,Credit card (automatic)
9885-AIBVB,Month-to-month,Yes,Electronic check
1934-MKPXS,One year,No,Credit card (automatic)
2592-YKDIF,Month-to-month,No,Mailed check
2272-JKMSI,One year,Yes,Electronic check
0471-LVHGK,One year,Yes,Electronic check
9518-RWHZL,One year,Yes,Credit card (automatic)
8714-CTZJW,Month-to-month,Yes,Credit card (automatic)
3569-EDBPQ,Month-to-month,Yes,Electronic check
3131-NWVFJ,One year,No,Mailed check
7521-YXVZY,Month-to-month,No,Mailed check
5419-CONWX,Month-to-month,Yes,Credit card (automatic)
6240-EURKS,Month-to-month,Yes,Electronic check
2373-NTKOD,Month-to-month,Yes,Electronic check
1970-KKFWL,Two year,No,Bank transfer (automatic)
6960-HVYXR,Month-to-month,No,Electronic check
9337-SRRNI,Two year,Yes,Credit card (automatic)
0895-UADGO,Two year,Yes,Mailed check
5678-VFNEQ,One year,Yes,Credit card (automatic)
5977-CKHON,Month-to-month,Yes,Bank transfer (automatic)
7024-OHCCK,Month-to-month,Yes,Electronic check
2692-BUCFV,Month-to-month,Yes,Bank transfer (automatic)
7861-UVUFT,Month-to-month,Yes,Electronic check
1830-GGFNM,Two year,No,Credit card (automatic)
5302-BDJNT,Month-to-month,No,Electronic check
5223-UZAVK,One year,Yes,Credit card (automatic)
4859-ZSRDZ,Two year,Yes,Credit card (automatic)
5651-WYIPH,Month-to-month,Yes,Credit card (automatic)
9350-VLHMB,Month-to-month,Yes,Bank transfer (automatic)
3498-LZGQZ,Two year,Yes,Mailed check
8785-CJSHH,Month-to-month,Yes,Electronic check
5357-TZHPP,Month-to-month,Yes,Credit card (automatic)
3870-SPZSI,Two year,Yes,Credit card (automatic)
0680-DFNNY,Month-to-month,Yes,Electronic check
7560-QRBXH,One year,No,Mailed check
7077-XJMET,Month-to-month,Yes,Electronic check
8752-GHJFU,One year,Yes,Electronic check
6896-SRVYQ,Month-to-month,No,Electronic check
7767-UXAGJ,Month-to-month,Yes,Electronic check
4652-ODEVH,Two year,No,Mailed check
6510-UPNKS,One year,No,Credit card (automatic)
6718-BDGHG,One year,Yes,Bank transfer (automatic)
9046-DQMTP,Month-to-month,No,Bank transfer (automatic)
6439-LAJXL,Month-to-month,Yes,Mailed check
1571-SAVHK,Month-to-month,Yes,Mailed check
9052-VKDUW,Month-to-month,Yes,Credit card (automatic)
9546-CQJSU,Month-to-month,Yes,Electronic check
1666-JZPZT,Month-to-month,No,Mailed check
5777-KJIRB,One year,Yes,Mailed check
0506-LVNGN,Month-to-month,Yes,Credit card (automatic)
7677-SJJJK,One year,No,Credit card (automatic)
2480-EJWYP,One year,Yes,Bank transfer (automatic)
3253-HKOKL,One year,No,Electronic check
7055-HNEOJ,Month-to-month,Yes,Mailed check
5514-YQENT,Two year,Yes,Electronic check
3211-AAPKX,Month-to-month,Yes,Mailed check
8445-DNBAE,Month-to-month,Yes,Electronic check
2951-QOQTK,Month-to-month,No,Credit card (automatic)
2958-NHPPS,Month-to-month,No,Electronic check
6806-YDEUL,Month-to-month,No,Bank transfer (automatic)
1735-XMJVH,Month-to-month,Yes,Mailed check
6890-PFRQX,Month-to-month,No,Mailed check
0222-CNVPT,Month-to-month,Yes,Credit card (automatic)
5899-OUVKV,Month-to-month,Yes,Electronic check
8681-ICONS,Month-to-month,Yes,Mailed check
1621-YNCJH,Two year,Yes,Credit card (automatic)
3473-XIIIT,Month-to-month,Yes,Electronic check
6362-QHAFM,One year,Yes,Electronic check
7893-IXHRQ,Month-to-month,No,Electronic check
3070-BDOQC,Two year,Yes,Electronic check
2952-QAYZF,Month-to-month,Yes,Electronic check
6234-PFPXL,Month-to-month,No,Credit card (automatic)
9824-QCJPK,One year,No,Mailed check
4763-PGDPO,Month-to-month,No,Electronic check
4283-IVYCI,Month-to-month,No,Mailed check
1866-OBPNR,Month-to-month,No,Credit card (automatic)
8205-MQUGY,Month-to-month,Yes,Electronic check
8970-ANWXO,One year,Yes,Mailed check
9480-BQJEI,One year,Yes,Bank transfer (automatic)
5394-SVGJV,Month-to-month,No,Bank transfer (automatic)
6979-TNDEU,Month-to-month,No,Mailed check
9777-WJJPR,Month-to-month,No,Credit card (automatic)
9283-LZQOH,Month-to-month,Yes,Credit card (automatic)
7079-QRCBC,Month-to-month,Yes,Electronic check
9495-SKLKD,Month-to-month,Yes,Bank transfer (automatic)
6048-UWKAL,Two year,No,Credit card (automatic)
5067-DGXLL,Month-to-month,No,Mailed check
5469-CTCWN,One year,Yes,Electronic check
9851-QXEEQ,Month-to-month,Yes,Electronic check
6281-FKEWS,One year,Yes,Electronic check
8898-KASCD,One year,No,Mailed check
9242-TKFSV,Two year,Yes,Credit card (automatic)
9290-SHCMB,Month-to-month,Yes,Electronic check
0743-HNPFG,One year,Yes,Credit card (automatic)
2277-BKJKN,Two year,Yes,Electronic check
9809-IMGCQ,Month-to-month,Yes,Electronic check
5208-HFSBT,Month-to-month,Yes,Credit card (automatic)
5035-PGZXH,One year,Yes,Electronic check
8695-WDYEA,Month-to-month,No,Mailed check
6543-JXSOO,One year,Yes,Mailed check
8016-ZMGMO,One year,Yes,Bank transfer (automatic)
8605-ITULD,Month-to-month,No,Mailed check
3254-YRILK,Month-to-month,Yes,Electronic check
6416-YJTTB,Month-to-month,Yes,Bank transfer (automatic)
2667-WYLWJ,One year,Yes,Mailed check
4472-VESGY,Month-to-month,No,Bank transfer (automatic)
3195-TQDZX,Month-to-month,Yes,Electronic check
3128-YOVTD,Month-to-month,Yes,Bank transfer (automatic)
0529-ONKER,Month-to-month,No,Electronic check
1728-CXQBE,Month-to-month,Yes,Electronic check
7041-TXQJH,Month-to-month,Yes,Credit card (automatic)
5014-GSOUQ,Two year,No,Mailed check
5724-BIDBU,One year,Yes,Electronic check
0481-SUMCB,One year,Yes,Bank transfer (automatic)
1769-GRUIK,Month-to-month,Yes,Electronic check
5240-IJOQT,Month-to-month,Yes,Electronic check
8819-WFGGJ,Two year,Yes,Bank transfer (automatic)
7427-AUFPY,Two year,No,Credit card (automatic)
2811-POVEX,Month-to-month,Yes,Bank transfer (automatic)
1092-GANHU,Month-to-month,Yes,Electronic check
7898-PDWQE,Two year,No,Credit card (automatic)
9972-EWRJS,Two year,Yes,Bank transfer (automatic)
9314-IJWSQ,Month-to-month,Yes,Electronic check
0661-XEYAN,Month-to-month,Yes,Mailed check
5799-JRCZO,Two year,No,Credit card (automatic)
1921-KYSAY,One year,Yes,Electronic check
6198-RTPMF,Month-to-month,No,Electronic check
2924-KHUVI,One year,Yes,Electronic check
1925-GMVBW,Month-to-month,No,Credit card (automatic)
7881-EVUAD,Month-to-month,Yes,Electronic check
6184-DYUOB,Month-to-month,Yes,Mailed check
9207-ZPANB,One year,No,Electronic check
5766-XQXMQ,Month-to-month,Yes,Bank transfer (automatic)
9327-QSDED,Month-to-month,No,Mailed check
1656-DRSMG,Month-to-month,Yes,Credit card (automatic)
3012-VFFMN,Month-to-month,No,Mailed check
2984-AFWNC,Month-to-month,No,Electronic check
0640-YJTPY,Two year,No,Bank transfer (automatic)
8096-LOIST,Month-to-month,Yes,Electronic check
9764-REAFF,Two year,No,Bank transfer (automatic)
3703-VAVCL,Month-to-month,No,Credit card (automatic)
7107-UBYKY,Month-to-month,Yes,Electronic check
4881-GQJTW,Month-to-month,No,Credit card (automatic)
8519-QJGJD,Month-to-month,No,Electronic check
7876-DNYAP,Two year,No,Credit card (automatic)
7905-NJMXS,Month-to-month,No,Electronic check
2882-WDTBA,Two year,Yes,Bank transfer (automatic)
2091-GPPIQ,Two year,Yes,Electronic check
6326-MTTXK,Month-to-month,No,Electronic check
5071-FBJFS,Month-to-month,No,Electronic check
2796-UUZZO,Month-to-month,Yes,Credit card (automatic)
2429-AYKKO,Two year,No,Bank transfer (automatic)
9798-OPFEM,Two year,Yes,Electronic check
0330-IVZHA,Month-to-month,No,Electronic check
3794-NFNCH,Month-to-month,Yes,Mailed check
5193-QLVZB,Two year,Yes,Bank transfer (automatic)
7114-AEOZE,Two year,No,Bank transfer (automatic)
2886-KEFUM,One year,Yes,Electronic check
5522-NYKPB,Month-to-month,No,Electronic check
4237-RLAQD,Month-to-month,Yes,Mailed check
9957-YODKZ,Month-to-month,Yes,Electronic check
6518-KZXCB,Two year,No,Mailed check
2245-ADZFJ,Two year,No,Bank transfer (automatic)
7776-QGYJC,Month-to-month,Yes,Bank transfer (automatic)
9313-QOLTZ,Month-to-month,No,Mailed check
9651-GTSAQ,One year,Yes,Bank transfer (automatic)
3186-BAXNB,Month-to-month,No,Electronic check
4672-FOTSD,Month-to-month,Yes,Electronic check
0637-YLETY,Month-to-month,Yes,Credit card (automatic)
9818-XQCUV,Month-to-month,No,Mailed check
7338-ERIVA,One year,No,Bank transfer (automatic)
1157-BQCUW,Month-to-month,Yes,Electronic check
8259-NFJTV,Month-to-month,No,Mailed check
3223-DWFIO,Month-to-month,No,Electronic check
2660-EMUBI,Month-to-month,Yes,Electronic check
6968-GMKPR,Month-to-month,Yes,Electronic check
4751-ERMAN,Two year,Yes,Bank transfer (automatic)
1436-ZMJAN,Month-to-month,Yes,Credit card (automatic)
3292-PBZEJ,Month-to-month,Yes,Electronic check
0799-DDIHE,Month-to-month,No,Electronic check
3070-FNFZQ,Two year,No,Bank transfer (automatic)
2812-SFXMJ,Month-to-month,No,Mailed check
7675-OZCZG,Month-to-month,No,Electronic check
5014-WUQMG,One year,Yes,Electronic check
5312-TSZVC,One year,No,Mailed check
2003-CKLOR,Month-to-month,No,Electronic check
0993-OSGPT,One year,Yes,Bank transfer (automatic)
9254-RBFON,One year,No,Bank transfer (automatic)
1205-WNWPJ,Month-to-month,Yes,Mailed check
9391-EOYLI,Month-to-month,Yes,Electronic check
7108-DGVUU,One year,No,Bank transfer (automatic)
2782-JEEBU,Month-to-month,Yes,Mailed check
5127-BZENZ,One year,No,Bank transfer (automatic)
2720-FVBQP,Month-to-month,Yes,Credit card (automatic)
9906-NHHVC,Two year,Yes,Bank transfer (automatic)
4522-XRWWI,One year,No,Credit card (automatic)
3766-EJLFL,Two year,Yes,Bank transfer (automatic)
5939-SXWHM,Two year,No,Bank transfer (automatic)
8152-UOBNY,One year,Yes,Electronic check
7351-KYHQH,Month-to-month,Yes,Electronic check
7643-RCHXS,Two year,No,Electronic check
8246-SHFGA,Month-to-month,No,Credit card (automatic)
8387-MOJJT,Month-to-month,Yes,Credit card (automatic)
0620-XEFWH,Month-to-month,No,Mailed check
6485-QXWWE,Two year,No,Bank transfer (automatic)
2761-OCIAX,Month-to-month,Yes,Electronic check
7321-VGNKU,Month-to-month,Yes,Electronic check
5327-CNLUQ,Two year,Yes,Bank transfer (automatic)
7552-KEYGT,Two year,No,Bank transfer (automatic)
5816-JMLGY,Two year,Yes,Bank transfer (automatic)
3068-OMWZA,Month-to-month,Yes,Electronic check
2927-QRRQV,One year,Yes,Electronic check
6032-KRXXO,Month-to-month,Yes,Electronic check
7459-RRWQZ,Month-to-month,Yes,Bank transfer (automatic)
6265-SXWBU,One year,No,Credit card (automatic)
7941-RCJOW,Two year,Yes,Credit card (automatic)
6374-NTQLP,Two year,Yes,Credit card (automatic)
4154-AQUGT,Month-to-month,Yes,Bank transfer (automatic)
2387-KDZQY,One year,Yes,Mailed check
3584-WKTTW,One year,Yes,Electronic check
3399-BMLVW,Two year,No,Credit card (automatic)
1971-DTCZB,Two year,Yes,Bank transfer (automatic)
3092-IGHWF,One year,No,Electronic check
3374-PZLXD,Month-to-month,No,Mailed check
3813-DHBBB,Two year,Yes,Bank transfer (automatic)
2812-REYAT,One year,Yes,Bank transfer (automatic)
6518-PPLMZ,Two year,Yes,Mailed check
4939-KYYPY,Month-to-month,No,Electronic check
8017-LXHFA,Month-to-month,Yes,Electronic check
5930-GBIWP,Two year,Yes,Credit card (automatic)
6022-KOUQO,Month-to-month,No,Bank transfer (automatic)
6352-TWCAU,Month-to-month,Yes,Electronic check
2361-UPSND,One year,No,Mailed check
6035-RIIOM,Two year,Yes,Bank transfer (automatic)
2929-QNSRW,One year,Yes,Electronic check
1262-OPMFY,Month-to-month,Yes,Bank transfer (automatic)
9504-DSHWM,Month-to-month,No,Bank transfer (automatic)
5035-BVCXS,Month-to-month,Yes,Mailed check
6267-DCFFZ,Month-to-month,Yes,Electronic check
3533-UVMOM,Two year,No,Bank transfer (automatic)
2439-LYPMQ,Month-to-month,Yes,Electronic check
4248-QPAVC,Month-to-month,Yes,Bank transfer (automatic)
1899-VXWXM,One year,Yes,Credit card (automatic)
1478-VPOAD,Month-to-month,No,Electronic check
9995-HOTOH,Two year,No,Electronic check
2988-PLAHS,One year,Yes,Electronic check
1371-OJCEK,One year,No,Bank transfer (automatic)
4999-IEZLT,One year,No,Credit card (automatic)
8883-ANODQ,Two year,Yes,Credit card (automatic)
4690-LLKUA,Month-to-month,Yes,Electronic check
2351-RRBUE,One year,No,Mailed check
5980-BDHPY,Two year,Yes,Bank transfer (automatic)
1498-DQNRX,Month-to-month,No,Mailed check
9469-WEJBT,Month-to-month,Yes,Electronic check
3331-HQDTW,Month-to-month,Yes,Mailed check
9490-DFPMD,Month-to-month,Yes,Electronic check
2581-VKIRT,One year,No,Mailed check
5442-XSDCW,Month-to-month,Yes,Bank transfer (automatic)
7426-WEIJX,Month-to-month,Yes,Electronic check
2851-MMUTZ,Month-to-month,Yes,Mailed check
3049-NDXFL,Month-to-month,No,Mailed check
8580-AECUZ,Month-to-month,Yes,Electronic check
3307-TLCUD,Month-to-month,No,Mailed check
6625-FLENO,Two year,No,Mailed check
2967-MXRAV,One year,No,Mailed check
7963-GQRMY,Month-to-month,No,Mailed check
8189-HBVRW,Month-to-month,No,Electronic check
4163-KIUHY,Month-to-month,Yes,Electronic check
1228-FZFRV,Month-to-month,No,Credit card (automatic)
3500-NSDOA,Two year,No,Credit card (automatic)
1171-TYKUR,Month-to-month,No,Electronic check
3761-FLYZI,Month-to-month,Yes,Bank transfer (automatic)
2058-DCJBE,Month-to-month,Yes,Electronic check
5364-XYIRR,Month-to-month,Yes,Electronic check
4829-AUOAX,Month-to-month,No,Bank transfer (automatic)
1219-NNDDO,Month-to-month,Yes,Electronic check
8388-DMKAE,Two year,No,Mailed check
4403-BWPAY,One year,Yes,Credit card (automatic)
9659-QEQSY,Month-to-month,Yes,Electronic check
5405-ZMYXQ,Month-to-month,Yes,Credit card (automatic)
5047-LHVLY,Month-to-month,Yes,Mailed check
1442-OKRJE,One year,Yes,Bank transfer (automatic)
4737-AQCPU,Two year,No,Credit card (automatic)
9158-VCTQB,Month-to-month,Yes,Bank transfer (automatic)
2808-CHTDM,Two year,No,Mailed check
6311-UEUME,Month-to-month,Yes,Electronic check
0793-TWELN,Month-to-month,Yes,Electronic check
3283-WCWXT,Two year,No,Mailed check
1060-ENTOF,One year,Yes,Credit card (automatic)
0999-QXNSA,Month-to-month,Yes,Mailed check
5451-MHQOF,One year,Yes,Mailed check
4836-WNFNO,Two year,No,Credit card (automatic)
9225-BZLNZ,Two year,Yes,Electronic check
0354-VXMJC,Two year,No,Credit card (automatic)
4422-QVIJA,Month-to-month,No,Mailed check
9365-SRSZE,Month-to-month,Yes,Electronic check
6839-ITVZJ,Month-to-month,Yes,Electronic check
8332-OSJDW,One year,No,Mailed check
4735-BJKOU,Two year,No,Mailed check
0274-JKUJR,Month-to-month,No,Mailed check
5740-YHGTW,Month-to-month,Yes,Credit card (automatic)
8917-SZTTJ,Two year,No,Credit card (automatic)
1696-MZVAU,One year,Yes,Credit card (automatic)
7359-WWYJV,Two year,No,Credit card (automatic)
0375-HVGXO,Month-to-month,Yes,Electronic check
4906-ZHGPK,One year,Yes,Electronic check
8593-WHYHV,Month-to-month,Yes,Electronic check
3795-GWTRD,Two year,No,Credit card (automatic)
1298-PHBTI,Two year,Yes,Electronic check
6223-DHJGV,One year,Yes,Mailed check
6961-MJKBO,Two year,No,Bank transfer (automatic)
6097-EQISJ,One year,Yes,Credit card (automatic)
4423-YLHDV,Month-to-month,Yes,Bank transfer (automatic)
8158-WPEZG,Month-to-month,Yes,Electronic check
0107-YHINA,Month-to-month,Yes,Electronic check
4918-FYJNT,Month-to-month,No,Electronic check
0727-BNRLG,Two year,Yes,Credit card (automatic)
4854-CIDCF,Month-to-month,No,Electronic check
8640-SDGKB,Month-to-month,Yes,Electronic check
3280-MRDOF,Two year,Yes,Credit card (automatic)
6435-SRWBJ,Month-to-month,Yes,Electronic check
9964-WBQDJ,Two year,Yes,Credit card (automatic)
6303-KFWSL,One year,Yes,Electronic check
1702-CCFNJ,Month-to-month,No,Bank transfer (automatic)
8932-CZHRQ,One year,No,Credit card (automatic)
0386-CWRGM,Two year,No,Mailed check
5515-RUGKN,Month-to-month,Yes,Credit card (automatic)
0404-AHASP,Two year,No,Credit card (automatic)
7279-NMVJC,One year,No,Bank transfer (automatic)
2081-VEYEH,Month-to-month,Yes,Electronic check
6407-UTSLV,Month-to-month,Yes,Bank transfer (automatic)
4116-TZAQJ,Month-to-month,Yes,Credit card (automatic)
9060-HJJRW,One year,Yes,Credit card (automatic)
2587-YNLES,Two year,No,Mailed check
7398-SKNQZ,Month-to-month,No,Electronic check
5935-FCCNB,Month-to-month,Yes,Electronic check
1958-RNRKS,Month-to-month,No,Electronic check
5136-RGMZO,Month-to-month,Yes,Electronic check
8345-MVDYC,Two year,No,Bank transfer (automatic)
8226-BXGES,One year,No,Bank transfer (automatic)
3877-JRJIP,Month-to-month,Yes,Electronic check
8375-DKEBR,Month-to-month,Yes,Electronic check
9705-IOVQQ,One year,No,Electronic check
1015-OWJKI,Month-to-month,No,Mailed check
7511-YMXVQ,Month-to-month,Yes,Electronic check
2040-XBAVJ,Two year,No,Bank transfer (automatic)
7551-JOHTI,Month-to-month,No,Mailed check
8887-IPQNC,Month-to-month,Yes,Mailed check
8646-JCOMS,One year,Yes,Bank transfer (automatic)
9804-ICWBG,Month-to-month,Yes,Electronic check
1222-KJNZD,Month-to-month,Yes,Bank transfer (automatic)
0106-GHRQR,Month-to-month,Yes,Bank transfer (automatic)
5318-IXUZF,Month-to-month,Yes,Bank transfer (automatic)
3768-VHXQO,Two year,No,Credit card (automatic)
8952-WCVCD,One year,Yes,Bank transfer (automatic)
2418-TPEUN,Two year,Yes,Credit card (automatic)
3963-RYFNS,Two year,Yes,Bank transfer (automatic)
3198-VELRD,Month-to-month,Yes,Bank transfer (automatic)
8540-ZQGEA,Two year,No,Credit card (automatic)
1320-REHCS,Month-to-month,Yes,Electronic check
4137-JOPHL,Two year,Yes,Bank transfer (automatic)
9436-ZBZCT,Month-to-month,Yes,Electronic check
7801-CEDNV,One year,No,Credit card (automatic)
2057-BOYKM,Two year,Yes,Bank transfer (automatic)
3658-QQJYD,One year,Yes,Credit card (automatic)
1803-BGNBD,Month-to-month,Yes,Electronic check
0134-XWXCE,One year,No,Bank transfer (automatic)
6950-TWMYB,Two year,Yes,Bank transfer (automatic)
5848-FHRFC,Two year,No,Bank transfer (automatic)
2243-FNMMI,Month-to-month,No,Mailed check
2511-MORQY,One year,No,Bank transfer (automatic)
5356-KZCKT,Two year,Yes,Credit card (automatic)
9470-XCCEM,Month-to-month,Yes,Bank transfer (automatic)
6519-CFDBX,Month-to-month,Yes,Electronic check
3902-MIVLE,Two year,No,Mailed check
0409-WTMPL,One year,Yes,Credit card (automatic)
8763-KIAFH,One year,Yes,Mailed check
3669-WHAFY,Two year,Yes,Credit card (automatic)
3055-VTCGS,One year,No,Credit card (automatic)
3144-KMTWZ,Month-to-month,Yes,Bank transfer (automatic)
7279-BUYWN,Month-to-month,Yes,Electronic check
7156-MHUGY,Month-to-month,Yes,Electronic check
7198-GLXTC,Month-to-month,No,Electronic check
2007-QVGAW,Two year,Yes,Bank transfer (automatic)
5207-PLSTK,Month-to-month,Yes,Mailed check
2307-FYNNL,Two year,Yes,Electronic check
5605-XNWEN,Two year,Yes,Bank transfer (automatic)
2155-AMQRX,Month-to-month,Yes,Credit card (automatic)
6181-AXXYF,Two year,No,Credit card (automatic)
5091-HFAZW,Month-to-month,Yes,Electronic check
0516-VRYBW,One year,No,Bank transfer (automatic)
2519-LBNQL,One year,Yes,Electronic check
8623-ULFNQ,Month-to-month,Yes,Electronic check
8380-PEFPE,Month-to-month,Yes,Electronic check
5687-DKDTV,Month-to-month,No,Mailed check
1568-LJSZU,Two year,Yes,Credit card (automatic)
7530-HDYDS,Month-to-month,Yes,Credit card (automatic)
7789-HKSBS,One year,Yes,Bank transfer (automatic)
7416-CKTEP,Two year,Yes,Bank transfer (automatic)
2586-CWXVV,Month-to-month,No,Electronic check
3096-IZETN,Month-to-month,No,Bank transfer (automatic)
2348-KCJLT,One year,Yes,Mailed check
8401-EMUWF,Month-to-month,Yes,Bank transfer (automatic)
4193-IBKSW,Two year,No,Bank transfer (automatic)
5377-NDTOU,Two year,No,Mailed check
5922-ABDVO,Month-to-month,No,Mailed check
2474-LCNUE,Month-to-month,Yes,Credit card (automatic)
0839-QNXME,Two year,No,Credit card (automatic)
3506-OVLKD,One year,No,Bank transfer (automatic)
9172-ANCRX,Month-to-month,Yes,Electronic check
6650-VJONK,Month-to-month,Yes,Bank transfer (automatic)
2178-PMGCJ,Month-to-month,Yes,Mailed check
7492-TAFJD,Two year,No,Mailed check
2773-MADBQ,Two year,Yes,Mailed check
6016-LVTJQ,Month-to-month,No,Mailed check
7860-KSUGX,Two year,No,Credit card (automatic)
8966-KZXXA,Two year,No,Credit card (automatic)
6910-HADCM,Month-to-month,No,Electronic check
4816-LXZYW,Month-to-month,Yes,Electronic check
9606-PBKBQ,Month-to-month,Yes,Electronic check
5149-QYTTU,One year,Yes,Credit card (automatic)
2070-XYMFH,Month-to-month,Yes,Mailed check
2085-BOJKI,One year,Yes,Bank transfer (automatic)
0817-HSUSE,Month-to-month,Yes,Electronic check
5442-PPTJY,Two year,No,Mailed check
1927-QEWMY,Two year,No,Credit card (automatic)
1663-MHLHE,Month-to-month,No,Mailed check
5663-QBGIS,Two year,No,Bank transfer (automatic)
4450-MDZFX,Month-to-month,No,Bank transfer (automatic)
6701-DHKWQ,Two year,No,Credit card (automatic)
7554-AKDQF,Month-to-month,No,Mailed check
3536-IQCTX,Month-to-month,No,Electronic check
4911-BANWH,Month-to-month,Yes,Credit card (automatic)
8496-EJAUI,Month-to-month,Yes,Credit card (automatic)
0794-YVSGE,Two year,No,Bank transfer (automatic)
5423-BHIXO,Month-to-month,Yes,Electronic check
6908-VVYHM,Month-to-month,Yes,Electronic check
2959-EEXWB,Month-to-month,Yes,Bank transfer (automatic)
1839-UMACK,One year,No,Electronic check
3030-YDNRM,Month-to-month,Yes,Electronic check
7321-KKSDU,Two year,No,Mailed check
3402-XRIUO,Month-to-month,Yes,Mailed check
3132-TVFDZ,Month-to-month,Yes,Electronic check
8286-AFUYI,Month-to-month,No,Electronic check
8080-DDEMJ,Month-to-month,No,Electronic check
8356-WUAOJ,Month-to-month,Yes,Electronic check
6365-MTGZX,Month-to-month,Yes,Electronic check
1349-WXNGG,Month-to-month,No,Bank transfer (automatic)
8058-DMYRU,Month-to-month,Yes,Electronic check
9350-ZXYJC,Two year,Yes,Credit card (automatic)
6990-YNRIO,Two year,No,Bank transfer (automatic)
8958-JPTRR,One year,No,Electronic check
6959-GQEGV,Month-to-month,Yes,Electronic check
3173-WSSUE,Two year,No,Credit card (automatic)
1265-HVPZB,One year,No,Credit card (automatic)
4115-UMJFQ,One year,Yes,Bank transfer (automatic)
7369-TRPFD,One year,No,Mailed check
1098-KFQEC,Two year,No,Credit card (automatic)
7190-XHTWJ,One year,No,Mailed check
0621-TWIEM,Month-to-month,Yes,Electronic check
3537-RYBHH,Month-to-month,Yes,Credit card (automatic)
2485-ITVKB,Month-to-month,Yes,Electronic check
3669-OYSJI,Month-to-month,No,Credit card (automatic)
1612-EOHDH,Month-to-month,No,Electronic check
6702-OHFWR,Month-to-month,Yes,Electronic check
5296-BFCYD,Two year,Yes,Mailed check
4510-PYUSH,Month-to-month,Yes,Credit card (automatic)
9359-JANWS,Two year,No,Credit card (automatic)
7517-SAWMO,Month-to-month,Yes,Electronic check
4143-HHPMK,Month-to-month,Yes,Electronic check
3279-DYZQM,Two year,No,Mailed check
7054-LGEQW,Month-to-month,No,Mailed check
0523-VNGTF,Month-to-month,Yes,Electronic check
9575-IWCAZ,One year,No,Mailed check
7105-MXJLL,One year,No,Mailed check
7064-FRRSW,One year,Yes,Electronic check
7940-UQQUG,One year,Yes,Bank transfer (automatic)
0923-PNFUB,Month-to-month,No,Electronic check
3961-SXAXY,Month-to-month,Yes,Bank transfer (automatic)
7010-BRBUU,Two year,No,Credit card (automatic)
3566-HJGPK,Month-to-month,Yes,Mailed check
3062-ICYZQ,Month-to-month,Yes,Electronic check
9938-PRCVK,Two year,No,Bank transfer (automatic)
0973-KYVNF,Two year,Yes,Credit card (automatic)
5129-HHMZC,Two year,No,Credit card (automatic)
9637-CDTKZ,Two year,Yes,Credit card (automatic)
3946-JEWRQ,One year,Yes,Credit card (automatic)
7873-CVMAW,Two year,No,Credit card (automatic)
0463-WZZKO,Month-to-month,Yes,Credit card (automatic)
3494-JCHRQ,Month-to-month,Yes,Electronic check
6474-FVJLC,Month-to-month,Yes,Electronic check
4524-QCSSM,Month-to-month,Yes,Bank transfer (automatic)
5832-EXGTT,Month-to-month,Yes,Mailed check
8840-DQLGN,Month-to-month,Yes,Bank transfer (automatic)
2039-JONDJ,One year,No,Bank transfer (automatic)
7217-JYHOQ,Month-to-month,Yes,Credit card (automatic)
6695-FRVEC,Two year,Yes,Bank transfer (automatic)
4547-LYTDD,Month-to-month,No,Electronic check
9894-QMIMJ,One year,No,Bank transfer (automatic)
8069-YQQAJ,Month-to-month,Yes,Mailed check
6770-XUAGN,Month-to-month,Yes,Electronic check
4193-ORFCL,Month-to-month,No,Mailed check
1636-NTNCO,Month-to-month,Yes,Credit card (automatic)
3466-WAESX,Month-to-month,Yes,Electronic check
9281-PKKZE,Month-to-month,Yes,Electronic check
3638-VBZTA,Two year,Yes,Bank transfer (automatic)
7459-IMVYU,Month-to-month,No,Electronic check
7776-QWNFX,Month-to-month,Yes,Bank transfer (automatic)
6689-TCZHQ,Month-to-month,No,Electronic check
8563-OYMQY,Month-to-month,Yes,Credit card (automatic)
0754-EEBDC,Two year,No,Mailed check
5777-ZPQNC,One year,No,Electronic check
1951-IEYXM,Two year,Yes,Credit card (automatic)
3318-NMQXL,Month-to-month,Yes,Electronic check
3143-ILDAL,Month-to-month,Yes,Electronic check
1022-RKXDR,One year,Yes,Mailed check
2361-FJWNO,One year,No,Credit card (automatic)
2272-UOINI,Month-to-month,Yes,Electronic check
8232-UTFOZ,Two year,No,Credit card (automatic)
3750-YHRYO,One year,No,Mailed check
6637-KYRCV,Month-to-month,Yes,Electronic check
5668-MEISB,Two year,No,Credit card (automatic)
0129-QMPDR,One year,Yes,Bank transfer (automatic)
7188-CBBBA,One year,Yes,Electronic check
5356-CSVSQ,Month-to-month,No,Electronic check
3221-CJMSG,Month-to-month,Yes,Credit card (automatic)
4720-VSTSI,Month-to-month,Yes,Bank transfer (automatic)
3219-JQRSL,Two year,No,Credit card (automatic)
2801-NISEI,Month-to-month,No,Electronic check
3946-MHCZW,Month-to-month,No,Mailed check
4623-ZKHLY,Month-to-month,Yes,Bank transfer (automatic)
6732-VAILE,Two year,Yes,Credit card (automatic)
8201-AAXCB,Month-to-month,No,Electronic check
7696-CFTAT,Two year,No,Bank transfer (automatic)
1845-CSBRZ,Month-to-month,No,Bank transfer (automatic)
2123-VSCOT,Two year,Yes,Bank transfer (automatic)
6651-AZVTJ,Month-to-month,Yes,Electronic check
4566-GOLUK,Month-to-month,Yes,Bank transfer (automatic)
2484-DGXPZ,Month-to-month,Yes,Mailed check
2018-QKYGT,Month-to-month,Yes,Electronic check
2792-VPPET,Month-to-month,Yes,Electronic check
7409-JURKQ,One year,Yes,Bank transfer (automatic)
3247-MHJKM,Month-to-month,No,Mailed check
1964-SVLEA,One year,Yes,Mailed check
4587-NUKOX,Month-to-month,Yes,Electronic check
7297-DVYGA,One year,Yes,Bank transfer (automatic)
2239-CGBUZ,One year,Yes,Bank transfer (automatic)
0854-UYHZD,Two year,No,Mailed check
7243-LCGGZ,Month-to-month,No,Mailed check
8267-KFGYD,Month-to-month,Yes,Mailed check
4890-VMUAV,One year,No,Electronic check
9261-WDCAF,Month-to-month,No,Mailed check
3764-MNMOI,Two year,No,Credit card (automatic)
7442-YGZFK,Month-to-month,Yes,Credit card (automatic)
0420-BWTPW,Month-to-month,No,Mailed check
8229-BUJHX,Two year,No,Bank transfer (automatic)
7449-HVPIV,Month-to-month,Yes,Credit card (automatic)
5504-WSIUR,One year,Yes,Bank transfer (automatic)
8183-ONMXC,Month-to-month,No,Electronic check
8466-PZBLH,Two year,No,Bank transfer (automatic)
9614-RMGHA,Month-to-month,Yes,Bank transfer (automatic)
8735-IJJEG,Month-to-month,No,Credit card (automatic)
0564-MUUQK,Month-to-month,Yes,Bank transfer (automatic)
5054-IEXZT,Month-to-month,Yes,Electronic check
5834-ASPWA,Month-to-month,Yes,Electronic check
0701-RFGFI,Month-to-month,Yes,Bank transfer (automatic)
0019-EFAEP,Two year,Yes,Bank transfer (automatic)
5619-PTMIK,Month-to-month,No,Electronic check
3737-XBQDD,Month-to-month,Yes,Bank transfer (automatic)
5882-CMAZQ,Month-to-month,No,Electronic check
5846-QFDFI,Month-to-month,No,Credit card (automatic)
4445-KWOKW,One year,Yes,Bank transfer (automatic)
3511-APPBJ,One year,Yes,Credit card (automatic)
7967-HYCDE,Month-to-month,No,Bank transfer (automatic)
2430-RRYUW,One year,Yes,Mailed check
3948-XHGNA,Month-to-month,Yes,Bank transfer (automatic)
3723-BFBGR,Month-to-month,No,Credit card (automatic)
0565-IYCGT,One year,Yes,Credit card (automatic)
5447-WZAFP,One year,Yes,Mailed check
5110-CHOPY,Two year,No,Electronic check
5445-UTODQ,Month-to-month,Yes,Electronic check
4425-OWHWB,One year,Yes,Credit card (automatic)
7892-QVYKW,Month-to-month,No,Electronic check
9675-ICXCT,Two year,Yes,Electronic check
1024-VRZHF,Month-to-month,Yes,Electronic check
4703-MQYKT,Two year,No,Mailed check
9497-QCMMS,Month-to-month,Yes,Electronic check
5692-ICXLW,Month-to-month,Yes,Electronic check
0602-DDUML,Two year,No,Mailed check
2208-MPXIO,Two year,Yes,Bank transfer (automatic)
1960-UYCNN,Month-to-month,Yes,Electronic check
0348-SDKOL,Month-to-month,Yes,Credit card (automatic)
3190-FZATL,Month-to-month,No,Mailed check
7336-RLLRH,One year,No,Mailed check
4373-MAVJG,Month-to-month,Yes,Bank transfer (automatic)
8901-HJXTF,Month-to-month,No,Mailed check
7710-JSYOA,Two year,Yes,Bank transfer (automatic)
5419-KLXBN,Month-to-month,Yes,Bank transfer (automatic)
3424-NMNBO,One year,Yes,Electronic check
9885-MFVSU,Two year,Yes,Credit card (automatic)
4514-GFCFI,Month-to-month,Yes,Electronic check
0607-MVMGC,One year,No,Credit card (automatic)
3365-SAIGS,Month-to-month,Yes,Electronic check
9828-AOQLM,Month-to-month,Yes,Electronic check
8022-BECSI,One year,No,Mailed check
8000-REIQB,Month-to-month,Yes,Electronic check
9993-LHIEB,Two year,No,Mailed check
0266-CLZKZ,Two year,Yes,Bank transfer (automatic)
7615-ESMYF,Month-to-month,No,Electronic check
3858-VOBET,Month-to-month,Yes,Electronic check
7020-OZKXZ,Month-to-month,No,Credit card (automatic)
3977-QCRSL,Month-to-month,No,Mailed check
0017-DINOC,Two year,No,Credit card (automatic)
1447-PJGGA,Two year,Yes,Electronic check
8565-CLBZW,Month-to-month,Yes,Mailed check
9139-WQQDY,One year,No,Mailed check
0224-HJAPT,Month-to-month,No,Electronic check
8086-OVPWV,Month-to-month,Yes,Electronic check
9430-FRQOC,Month-to-month,Yes,Mailed check
7639-OPLNG,Two year,Yes,Bank transfer (automatic)
3074-GQWYX,Month-to-month,Yes,Bank transfer (automatic)
1492-QGCLU,Month-to-month,No,Electronic check
6845-RGTYS,Month-to-month,Yes,Electronic check
7328-OWMOM,One year,No,Credit card (automatic)
4418-LZMSV,Month-to-month,No,Bank transfer (automatic)
5155-AZQPB,Month-to-month,No,Mailed check
8861-HGGKB,Month-to-month,No,Electronic check
1087-GRUYI,Two year,No,Bank transfer (automatic)
7065-YUNRY,Month-to-month,Yes,Mailed check
7694-VLBWQ,One year,No,Electronic check
2546-KZAAT,One year,Yes,Mailed check
0181-RITDD,Two year,No,Mailed check
5989-PGKJB,Month-to-month,Yes,Electronic check
4795-KTRTH,Month-to-month,Yes,Electronic check
8272-ONJLV,One year,No,Electronic check
1488-PBLJN,Two year,Yes,Bank transfer (automatic)
0308-GIQJT,One year,No,Bank transfer (automatic)
3778-FOAQW,One year,No,Mailed check
4452-ROHMO,Two year,No,Mailed check
6481-OGDOO,One year,Yes,Credit card (automatic)
3090-LETTY,Month-to-month,No,Bank transfer (automatic)
5349-AZPEW,Month-to-month,No,Mailed check
3753-TSEMP,Month-to-month,No,Electronic check
8305-VHZBZ,Month-to-month,Yes,Mailed check
9720-JJJOR,One year,Yes,Bank transfer (automatic)
8100-HZZLJ,Month-to-month,Yes,Electronic check
8775-ERLNB,Month-to-month,No,Electronic check
8309-IEYJD,Month-to-month,Yes,Mailed check
9172-JITSM,Month-to-month,Yes,Electronic check
6298-QDFNH,Month-to-month,Yes,Electronic check
7398-HPYZQ,Two year,No,Bank transfer (automatic)
3546-GHEAE,Two year,No,Mailed check
7361-YPXFS,Month-to-month,No,Bank transfer (automatic)
6557-BZXLQ,Month-to-month,No,Electronic check
2550-QHZGP,One year,No,Mailed check
7519-JTWQH,Two year,Yes,Bank transfer (automatic)
2538-OIMXF,Month-to-month,No,Mailed check
8543-MSDMF,Month-to-month,Yes,Electronic check
9961-JBNMK,Month-to-month,Yes,Bank transfer (automatic)
1170-SASML,Month-to-month,Yes,Bank transfer (automatic)
4872-JCVCA,Two year,Yes,Bank transfer (automatic)
5346-BZCHP,Two year,No,Mailed check
2038-LLMLM,Month-to-month,Yes,Electronic check
6173-ITPWD,Month-to-month,Yes,Bank transfer (automatic)
9734-UYXQI,Month-to-month,Yes,Electronic check
1216-BGTSP,Month-to-month,Yes,Credit card (automatic)
4138-NAXED,Month-to-month,No,Bank transfer (automatic)
2189-UXTKY,Month-to-month,Yes,Electronic check
0744-BIKKF,Two year,No,Bank transfer (automatic)
7483-IQWIB,Month-to-month,Yes,Electronic check
5248-KWLAR,Two year,No,Electronic check
4958-GZWIY,Month-to-month,No,Electronic check
7996-MHXLW,Two year,Yes,Credit card (automatic)
7833-PKIHD,One year,Yes,Bank transfer (automatic)
7061-OVMIM,One year,No,Bank transfer (automatic)
5153-RTHKF,Month-to-month,No,Electronic check
1852-QSWCD,Two year,Yes,Mailed check
4832-VRBMR,One year,Yes,Bank transfer (automatic)
9079-LWTFD,Month-to-month,No,Mailed check
6356-ELRKD,Month-to-month,Yes,Electronic check
8624-GIOUT,Month-to-month,Yes,Credit card (automatic)
3392-EHMNK,Two year,No,Credit card (automatic)
5986-WWXDV,One year,No,Bank transfer (automatic)
3061-BCKYI,Month-to-month,No,Mailed check
6179-GJPSO,Month-to-month,Yes,Credit card (automatic)
7901-TBKJX,Month-to-month,Yes,Electronic check
7228-PAQPD,One year,No,Credit card (automatic)
3177-LASXD,Month-to-month,No,Electronic check
7746-QYVCO,One year,Yes,Mailed check
5804-HYIEZ,Month-to-month,Yes,Electronic check
9919-FZDED,Two year,Yes,Credit card (automatic)
5934-TSSAU,Month-to-month,Yes,Credit card (automatic)
3486-KHMLI,Month-to-month,No,Mailed check
4897-QSUYC,Month-to-month,Yes,Mailed check
1084-UQCHV,Month-to-month,No,Bank transfer (automatic)
8290-YWKHZ,Month-to-month,Yes,Electronic check
2955-BJZHG,Month-to-month,No,Electronic check
3806-DXQOM,Month-to-month,Yes,Electronic check
6784-XYJAE,One year,No,Electronic check
3933-DQPWX,Two year,No,Credit card (automatic)
6661-EIPZC,Month-to-month,Yes,Credit card (automatic)
8957-THMOA,Two year,No,Credit card (automatic)
2251-PYLPB,Two year,No,Credit card (automatic)
5555-RNPGT,Month-to-month,No,Credit card (automatic)
1057-FOGLZ,Month-to-month,No,Mailed check
9300-RENDD,Month-to-month,Yes,Electronic check
0761-AETCS,Month-to-month,No,Electronic check
8087-LGYHQ,Month-to-month,Yes,Electronic check
4137-BTIKL,Month-to-month,No,Mailed check
2190-BCXEC,Month-to-month,Yes,Credit card (automatic)
6227-FBDXH,One year,No,Bank transfer (automatic)
2153-MREFK,One year,Yes,Electronic check
2911-WDXMV,Month-to-month,Yes,Credit card (automatic)
7206-PQBBZ,Month-to-month,Yes,Electronic check
3106-ULWFW,Month-to-month,Yes,Credit card (automatic)
0925-VYDLG,Month-to-month,No,Electronic check
4547-FZJWE,One year,No,Credit card (automatic)
7422-WNBTY,Month-to-month,Yes,Electronic check
0842-IWYCP,Month-to-month,No,Bank transfer (automatic)
3521-HTQTV,Two year,No,Bank transfer (automatic)
3744-ZBHON,Month-to-month,No,Electronic check
3373-DIUUN,Two year,No,Mailed check
8383-SGHJU,One year,No,Electronic check
7607-QKKTJ,One year,Yes,Credit card (automatic)
7707-PYBBH,Month-to-month,Yes,Mailed check
8984-HPEMB,Two year,Yes,Electronic check
4349-GFQHK,Month-to-month,No,Electronic check
4139-DETXS,Two year,No,Bank transfer (automatic)
9779-DPNEJ,Month-to-month,Yes,Electronic check
9805-FILKB,One year,Yes,Bank transfer (automatic)
5793-YOLJN,Two year,No,Mailed check
0673-IGUQO,Month-to-month,No,Mailed check
4123-FCVCB,One year,Yes,Mailed check
8819-IMISP,Month-to-month,Yes,Electronic check
7802-EFKNY,Month-to-month,Yes,Electronic check
8311-UEUAB,Two year,Yes,Electronic check
5858-EAFCZ,Month-to-month,No,Mailed check
8035-BUYVG,One year,Yes,Electronic check
1163-ONYEY,Month-to-month,Yes,Credit card (automatic)
9787-XVQIU,Month-to-month,Yes,Electronic check
8945-MUQUF,One year,Yes,Electronic check
5656-MJEFC,Two year,No,Credit card (automatic)
6082-OQFBA,One year,No,Mailed check
8051-HJRLT,Month-to-month,Yes,Electronic check
8974-OVACP,Month-to-month,No,Mailed check
4010-YLMVT,Month-to-month,Yes,Credit card (automatic)
1379-FRVEB,Month-to-month,Yes,Electronic check
8612-GXIDD,Two year,Yes,Bank transfer (automatic)
6288-CHQJB,Two year,No,Bank transfer (automatic)
8160-HOWOX,Month-to-month,Yes,Electronic check
3023-GFLBR,Month-to-month,No,Credit card (automatic)
6648-INWPS,Month-to-month,No,Electronic check
4223-BKEOR,One year,No,Mailed check
4079-VTGLK,Two year,No,Electronic check
1763-WQFUK,Month-to-month,Yes,Mailed check
1391-UBDAR,Month-to-month,No,Electronic check
8894-JVDCV,One year,Yes,Credit card (automatic)
2023-VQFDL,Month-to-month,No,Electronic check
1345-GKDZZ,Month-to-month,No,Mailed check
2014-MKGMH,One year,Yes,Electronic check
5628-FCGYG,Month-to-month,Yes,Electronic check
2560-WBWXF,Two year,Yes,Bank transfer (automatic)
0248-IPDFW,Month-to-month,Yes,Electronic check
7978-DKUQH,Month-to-month,Yes,Electronic check
4335-UPJSI,Two year,No,Mailed check
0524-IAVZO,Month-to-month,Yes,Electronic check
2737-YNGYW,Month-to-month,No,Electronic check
1784-EZDKJ,One year,Yes,Bank transfer (automatic)
9297-FVVDH,Two year,Yes,Electronic check
8007-YYPWD,Two year,No,Bank transfer (automatic)
7101-HRBLJ,Two year,Yes,Bank transfer (automatic)
5159-YFPKQ,Month-to-month,Yes,Electronic check
6635-CPNUN,Month-to-month,No,Credit card (automatic)
4021-RQSNY,Month-to-month,Yes,Electronic check
5453-YBTWV,Two year,Yes,Credit card (automatic)
5039-LZRQT,One year,No,Mailed check
2931-VUVJN,One year,Yes,Electronic check
9061-TIHDA,Month-to-month,Yes,Electronic check
8699-ASUFO,Month-to-month,Yes,Mailed check
6418-PIQSP,Two year,No,Mailed check
8220-OCUFY,One year,Yes,Electronic check
3995-WFCSM,Month-to-month,No,Electronic check
1895-QTKDO,Month-to-month,No,Credit card (automatic)
2038-OEQZH,Month-to-month,No,Electronic check
1178-PZGAB,One year,No,Credit card (automatic)
7927-AUXBZ,Month-to-month,No,Electronic check
2626-VEEWG,Two year,Yes,Credit card (automatic)
2878-RMWXY,Two year,Yes,Credit card (automatic)
1657-DYMBM,Two year,No,Credit card (automatic)
7311-MQJCH,One year,No,Electronic check
7375-WMVMT,Two year,Yes,Credit card (automatic)
1136-XGEQU,One year,Yes,Credit card (automatic)
2530-FMFXO,Two year,Yes,Electronic check
6844-DZKRF,Month-to-month,Yes,Credit card (automatic)
4695-WJZUE,Month-to-month,Yes,Electronic check
7619-ODSGN,Month-to-month,No,Electronic check
5970-GHJAW,Two year,No,Credit card (automatic)
8879-XUAHX,Two year,Yes,Electronic check
3689-MOZGR,Month-to-month,Yes,Electronic check
4195-PNGZS,Two year,No,Bank transfer (automatic)
5003-XZWWO,Two year,No,Credit card (automatic)
3988-RQIXO,Month-to-month,Yes,Electronic check
7622-FWGEW,Two year,Yes,Bank transfer (automatic)
6922-NCEDI,One year,Yes,Mailed check
2514-GINMM,Month-to-month,Yes,Electronic check
9891-NQDBD,One year,No,Mailed check
6131-IUNXN,Month-to-month,No,Mailed check
8548-AWOFC,Month-to-month,No,Electronic check
9798-DRYDS,One year,Yes,Mailed check
8532-UEFWH,Two year,No,Mailed check
6296-DDOOR,One year,No,Electronic check
7951-VRDVK,One year,No,Bank transfer (automatic)
5931-FLJJF,Month-to-month,Yes,Mailed check
4815-YOSUK,One year,Yes,Credit card (automatic)
2659-VXMWZ,One year,Yes,Electronic check
0380-NEAVX,One year,Yes,Electronic check
3207-OYBWH,Month-to-month,Yes,Bank transfer (automatic)
4285-GYRQC,Month-to-month,Yes,Electronic check
7216-EWTRS,Month-to-month,Yes,Electronic check
4365-MSDYN,Month-to-month,Yes,Bank transfer (automatic)
7036-TYDEC,Two year,No,Electronic check
5802-ADBRC,One year,Yes,Mailed check
8076-FEZKJ,One year,No,Mailed check
5197-YPYBZ,Two year,No,Credit card (automatic)
8337-MSSXB,Month-to-month,Yes,Electronic check
4312-GVYNH,Two year,Yes,Bank transfer (automatic)
8495-LJDFO,Month-to-month,Yes,Bank transfer (automatic)
0839-JTCUD,Two year,No,Credit card (automatic)
5494-WOZRZ,Two year,Yes,Credit card (automatic)
1302-UHBDD,Month-to-month,No,Electronic check
2234-EOFPT,Two year,Yes,Bank transfer (automatic)
8619-IJNDK,Two year,No,Credit card (automatic)
8378-LKJAF,Month-to-month,Yes,Credit card (automatic)
8182-BJDSI,Month-to-month,Yes,Electronic check
2528-HFYZX,Month-to-month,Yes,Electronic check
1153-GNOLC,One year,Yes,Electronic check
3298-QEICA,Two year,No,Mailed check
0788-DXBFY,One year,Yes,Electronic check
3597-YASZG,Two year,Yes,Bank transfer (automatic)
3496-LFSZU,Month-to-month,No,Electronic check
5242-UOWHD,Two year,No,Mailed check
2482-CZGBB,Month-to-month,Yes,Electronic check
6479-SZPLM,Two year,No,Credit card (automatic)
8097-VBQTZ,Month-to-month,Yes,Mailed check
4500-HKANN,Two year,No,Mailed check
9917-KWRBE,One year,Yes,Credit card (automatic)
3420-ZDBMA,Month-to-month,Yes,Mailed check
2212-LYASK,One year,Yes,Credit card (automatic)
1393-IMKZG,Month-to-month,Yes,Electronic check
8069-RHUXK,Two year,No,Credit card (automatic)
3398-GCPMU,Two year,Yes,Credit card (automatic)
2908-WGAXL,Two year,Yes,Credit card (automatic)
3378-AJRAO,One year,No,Electronic check
1013-QCWAM,Month-to-month,Yes,Electronic check
0866-QLSIR,One year,Yes,Mailed check
6050-FFXES,Two year,No,Bank transfer (automatic)
7181-BQYBV,Month-to-month,Yes,Electronic check
0362-RAOQO,Two year,No,Credit card (automatic)
9554-DFKIC,Month-to-month,Yes,Bank transfer (automatic)
5527-ACHSO,Month-to-month,No,Mailed check
0829-DDVLK,One year,No,Credit card (automatic)
1399-UBQIU,Month-to-month,Yes,Electronic check
1813-JLKWR,One year,No,Bank transfer (automatic)
0336-PIKEI,Two year,No,Bank transfer (automatic)
7322-OCWHC,Two year,Yes,Bank transfer (automatic)
9537-VHDTA,Month-to-month,No,Mailed check
4957-TIALW,One year,No,Credit card (automatic)
2054-PJOCK,One year,No,Credit card (automatic)
9150-HEPMB,One year,No,Mailed check
9030-QGZNL,Two year,No,Mailed check
6204-IEUXJ,Month-to-month,No,Credit card (automatic)
3126-WQMGH,Month-to-month,Yes,Credit card (automatic)
4529-CKBCL,Month-to-month,Yes,Electronic check
2506-CLAKW,Month-to-month,Yes,Bank transfer (automatic)
7176-WRTNX,Two year,Yes,Bank transfer (automatic)
1583-IHQZE,Month-to-month,Yes,Mailed check
5732-IKGQH,One year,Yes,Bank transfer (automatic)
9239-GZHZE,Two year,Yes,Credit card (automatic)
7205-BAIAD,Two year,Yes,Bank transfer (automatic)
0151-ONTOV,Month-to-month,No,Mailed check
4140-MUHUG,Month-to-month,Yes,Electronic check
0093-EXYQL,Month-to-month,Yes,Electronic check
8064-RAVOH,Month-to-month,Yes,Electronic check
0219-QAERP,One year,No,Credit card (automatic)
0320-JDNQG,Month-to-month,Yes,Electronic check
7180-PISOG,Month-to-month,Yes,Electronic check
9168-INPSZ,Month-to-month,No,Electronic check
3571-RFHAR,Month-to-month,Yes,Electronic check
0015-UOCOJ,Month-to-month,Yes,Electronic check
5334-AFQJB,Two year,Yes,Credit card (automatic)
2754-SDJRD,Month-to-month,Yes,Credit card (automatic)
9578-VRMNM,Month-to-month,Yes,Credit card (automatic)
1587-FKLZB,Month-to-month,Yes,Credit card (automatic)
6140-QNRQQ,Month-to-month,Yes,Mailed check
8963-JLGJT,Month-to-month,No,Mailed check
4307-KTUMW,Month-to-month,No,Electronic check
1465-LNTLJ,Month-to-month,Yes,Credit card (automatic)
5440-FLBQG,Two year,Yes,Bank transfer (automatic)
2135-DQWAQ,Month-to-month,Yes,Mailed check
4056-QHXHZ,Two year,No,Mailed check
7470-MCQTK,Month-to-month,Yes,Bank transfer (automatic)
7488-MXJIV,Month-to-month,Yes,Electronic check
7401-JIXNM,Two year,No,Credit card (automatic)
9339-FIIJL,Two year,No,Bank transfer (automatic)
2027-FECZV,Month-to-month,Yes,Electronic check
2672-DZUOY,Month-to-month,Yes,Electronic check
4706-DGAHW,Month-to-month,No,Electronic check
3870-MQAMG,One year,No,Electronic check
6670-MFRPK,Two year,Yes,Credit card (automatic)
6177-PEVRA,Two year,No,Credit card (automatic)
4800-CZMPC,One year,Yes,Credit card (automatic)
4813-HQMGZ,Month-to-month,Yes,Electronic check
7579-KKLOE,Two year,Yes,Mailed check
7377-DMMRI,Month-to-month,Yes,Electronic check
8402-EIVQS,One year,Yes,Credit card (automatic)
4947-DSMXK,Month-to-month,Yes,Bank transfer (automatic)
7245-NIIWQ,Month-to-month,Yes,Electronic check
0002-ORFBO,One year,Yes,Mailed check
3324-OIRTO,One year,Yes,Bank transfer (automatic)
5414-OFQCB,Two year,Yes,Credit card (automatic)
4967-WPNCF,Two year,Yes,Bank transfer (automatic)
8552-OBVRU,Month-to-month,Yes,Electronic check
8499-BRXTD,One year,No,Mailed check
9154-QDGTH,One year,Yes,Credit card (automatic)
8197-BFWVU,Two year,Yes,Bank transfer (automatic)
2577-GVSIL,One year,Yes,Bank transfer (automatic)
9367-OIUXP,Month-to-month,No,Mailed check
6770-UAYGJ,Two year,No,Mailed check
6463-HHXJR,Two year,No,Bank transfer (automatic)
7928-VJYAB,Month-to-month,No,Electronic check
1187-WILMM,Two year,Yes,Credit card (automatic)
9776-OJUZI,Month-to-month,Yes,Bank transfer (automatic)
1306-RPWXZ,Two year,No,Credit card (automatic)
8949-JTMAY,Month-to-month,Yes,Credit card (automatic)
2774-LVQUS,Month-to-month,Yes,Electronic check
3097-PYWXL,Month-to-month,Yes,Electronic check
2266-SJNAT,One year,No,Credit card (automatic)
0869-PAPRP,Month-to-month,Yes,Credit card (automatic)
4238-JSSWH,Month-to-month,No,Bank transfer (automatic)
2972-YDYUW,One year,No,Electronic check
1104-FEJAM,Month-to-month,No,Electronic check
2809-ILCYT,One year,Yes,Mailed check
5499-ECUTN,One year,Yes,Credit card (automatic)
4981-FLTMF,Month-to-month,No,Bank transfer (automatic)
9121-PHQSR,Month-to-month,Yes,Credit card (automatic)
3113-IWHLC,Month-to-month,Yes,Mailed check
3211-ILJTT,Month-to-month,Yes,Bank transfer (automatic)
4612-THJBS,One year,Yes,Bank transfer (automatic)
4277-BWBML,Two year,No,Bank transfer (automatic)
4094-NSEDU,Month-to-month,Yes,Electronic check
0234-TEVTT,One year,No,Credit card (automatic)
4304-TSPVK,Two year,No,Bank transfer (automatic)
1552-AAGRX,Month-to-month,No,Bank transfer (automatic)
2637-FKFSY,Month-to-month,Yes,Mailed check
9796-MVYXX,Two year,No,Mailed check
7874-ECPQJ,Month-to-month,Yes,Bank transfer (automatic)
0020-INWCK,Two year,Yes,Credit card (automatic)
7089-RKVSZ,One year,No,Mailed check
2683-JXWQQ,Month-to-month,No,Bank transfer (automatic)
9548-ZMVTX,Two year,No,Bank transfer (automatic)
8739-XNIKG,Month-to-month,Yes,Electronic check
9755-JHNMN,Two year,No,Bank transfer (automatic)
3981-QSVQI,Month-to-month,Yes,Bank transfer (automatic)
2789-HQBOU,Month-to-month,Yes,Electronic check
9424-CMPOG,Two year,No,Mailed check
5067-WJEUN,Two year,Yes,Bank transfer (automatic)
3450-WXOAT,Month-to-month,Yes,Credit card (automatic)
9251-WNSOD,One year,No,Mailed check
6974-DAFLI,One year,No,Electronic check
2616-UUTFK,Month-to-month,Yes,Bank transfer (automatic)
7064-JHXCE,Two year,No,Credit card (automatic)
5103-MHMHY,Month-to-month,No,Mailed check
7989-AWGEH,Month-to-month,Yes,Electronic check
4373-VVHQL,Month-to-month,Yes,Electronic check
4559-UWIHT,Month-to-month,Yes,Electronic check
7268-IGMFD,Month-to-month,No,Bank transfer (automatic)
1846-XWOQN,Month-to-month,Yes,Electronic check
0235-KGSLC,Month-to-month,Yes,Credit card (automatic)
6650-BWFRT,Two year,Yes,Credit card (automatic)
9570-KYEUA,Two year,No,Credit card (automatic)
6993-YGFJV,Two year,Yes,Bank transfer (automatic)
2712-SYWAY,Month-to-month,Yes,Electronic check
0730-BGQGF,Two year,No,Credit card (automatic)
5498-IBWPI,One year,Yes,Credit card (automatic)
9101-NTIXF,Month-to-month,No,Mailed check
0013-SMEOE,Two year,Yes,Bank transfer (automatic)
9314-QDMDW,One year,Yes,Electronic check
9308-ANMVE,Month-to-month,Yes,Electronic check
2884-GBPFB,Month-to-month,Yes,Electronic check
3757-NJYBX,Month-to-month,No,Bank transfer (automatic)
3413-DHLPB,Month-to-month,Yes,Bank transfer (automatic)
7649-PHJVR,One year,No,Mailed check
6114-TCFID,One year,No,Credit card (automatic)
3787-TRIAL,Month-to-month,Yes,Electronic check
2573-GYRUU,Month-to-month,Yes,Credit card (automatic)
5156-UMKOW,Month-to-month,No,Mailed check
1247-QBVSH,Month-to-month,No,Mailed check
6734-GMPVK,Month-to-month,No,Electronic check
9822-OAOVB,Month-to-month,Yes,Electronic check
6161-ERDGD,One year,No,Electronic check
1226-JZNKR,One year,No,Electronic check
7318-EIVKO,Month-to-month,Yes,Electronic check
3771-PZOBW,Month-to-month,Yes,Credit card (automatic)
5136-KCKGI,One year,Yes,Mailed check
8231-BSWXX,One year,Yes,Credit card (automatic)
6486-LHTMA,One year,Yes,Electronic check
4083-BFNYK,One year,No,Credit card (automatic)
3722-WPXTK,Month-to-month,Yes,Electronic check
7389-KBFIT,Month-to-month,Yes,Mailed check
7176-WIONM,Month-to-month,Yes,Bank transfer (automatic)
5141-ZUVBH,Month-to-month,No,Bank transfer (automatic)
1089-HDMKP,Month-to-month,Yes,Electronic check
7623-HKYRK,Month-to-month,No,Mailed check
0310-SUCIN,One year,Yes,Bank transfer (automatic)
5197-PYEPU,One year,Yes,Credit card (automatic)
2929-ERCFZ,Month-to-month,Yes,Electronic check
7548-SEPYI,Month-to-month,Yes,Electronic check
8835-VSDSE,Month-to-month,Yes,Electronic check
6619-RPLQZ,Two year,No,Mailed check
3275-RHRNE,One year,Yes,Credit card (automatic)
3503-TYDAY,Month-to-month,No,Electronic check
6901-GOGZG,Two year,Yes,Electronic check
1623-NLDOT,One year,No,Mailed check
7021-XSNYE,Two year,No,Credit card (automatic)
9621-OUPYD,One year,Yes,Bank transfer (automatic)
9898-KZQDZ,Month-to-month,Yes,Credit card (automatic)
8982-NHAVY,One year,Yes,Bank transfer (automatic)
4307-KWMXE,Month-to-month,No,Electronic check
0141-YEAYS,Month-to-month,Yes,Bank transfer (automatic)
2450-ZKEED,One year,No,Bank transfer (automatic)
3694-DELSO,Month-to-month,No,Credit card (automatic)
3893-JRNFS,Month-to-month,Yes,Bank transfer (automatic)
9603-OAIHC,Month-to-month,Yes,Electronic check
1133-KXCGE,One year,No,Mailed check
5236-PERKL,Two year,Yes,Bank transfer (automatic)
0142-GVYSN,Month-to-month,Yes,Electronic check
1049-FYSYG,Month-to-month,Yes,Credit card (automatic)
7854-FOKSF,Month-to-month,No,Electronic check
2519-FAKOD,Month-to-month,Yes,Bank transfer (automatic)
8406-LNMHF,One year,Yes,Credit card (automatic)
1821-BUCWY,Two year,Yes,Mailed check
8263-JQAIK,Month-to-month,Yes,Mailed check
0023-UYUPN,One year,No,Electronic check
8314-DPQHL,One year,No,Mailed check
1465-WCZVT,Month-to-month,No,Mailed check
9481-SFCQY,Month-to-month,Yes,Credit card (automatic)
6360-SVNWV,Month-to-month,Yes,Credit card (automatic)
0567-GGCAC,Month-to-month,No,Electronic check
7089-IVVAZ,Month-to-month,Yes,Bank transfer (automatic)
8884-MRNSU,One year,No,Bank transfer (automatic)
2171-UDMFD,Month-to-month,Yes,Credit card (automatic)
9050-IKDZA,Month-to-month,No,Mailed check
2205-YMZZJ,Month-to-month,Yes,Electronic check
9802-CAQUT,Two year,No,Credit card (automatic)
1254-IZEYF,Month-to-month,Yes,Electronic check
0187-WZNAB,Month-to-month,No,Mailed check
9492-TOKRI,Month-to-month,Yes,Credit card (automatic)
1475-VWVDO,Month-to-month,Yes,Electronic check
9221-OTIVJ,Month-to-month,Yes,Electronic check
1357-MVDOZ,Month-to-month,Yes,Bank transfer (automatic)
7602-MVRMB,Two year,Yes,Bank transfer (automatic)
3325-FUYCG,One year,No,Electronic check
5908-QMGOE,Month-to-month,Yes,Credit card (automatic)
1197-BVMVG,Month-to-month,Yes,Electronic check
5406-KGRMX,Two year,No,Electronic check
8481-YYXWG,Month-to-month,Yes,Electronic check
5968-HYJRZ,Two year,No,Mailed check
5198-EFNBM,One year,Yes,Electronic check
7516-GMHUV,Two year,Yes,Credit card (automatic)
7140-ADSMJ,Month-to-month,Yes,Credit card (automatic)
2230-XTUWL,Two year,No,Mailed check
7706-YLMQA,One year,No,Bank transfer (automatic)
2585-KTFRE,Month-to-month,Yes,Bank transfer (automatic)
7994-UYIVZ,Month-to-month,Yes,Bank transfer (automatic)
2609-IAICY,Month-to-month,Yes,Electronic check
1740-CSDJP,Month-to-month,Yes,Bank transfer (automatic)
7717-BICXI,Two year,No,Mailed check
6559-RAKOZ,One year,Yes,Electronic check
2636-OHFMN,Month-to-month,Yes,Electronic check
4716-MRVEN,One year,No,Mailed check
2143-LJULT,Two year,Yes,Credit card (automatic)
1323-OOEPC,Month-to-month,Yes,Credit card (automatic)
3200-MNQTF,Two year,No,Credit card (automatic)
6164-HXUGH,Month-to-month,No,Mailed check
5630-IXDXV,Month-to-month,Yes,Electronic check
0320-DWVTU,Two year,No,Mailed check
9135-MGVPY,Two year,Yes,Mailed check
1212-GLHMD,Month-to-month,Yes,Mailed check
7878-JGDKK,Month-to-month,No,Mailed check
1088-AUUZZ,Two year,Yes,Credit card (automatic)
0397-GZBBC,Month-to-month,Yes,Bank transfer (automatic)
6614-YWYSC,Two year,No,Bank transfer (automatic)
9588-OZDMQ,Month-to-month,Yes,Electronic check
7641-EUYET,Month-to-month,Yes,Electronic check
6476-EPYZR,Month-to-month,No,Mailed check
9921-ZVRHG,Month-to-month,Yes,Electronic check
1174-FGIFN,One year,Yes,Electronic check
6620-HVDUJ,Month-to-month,No,Bank transfer (automatic)
4701-MLJPN,Month-to-month,Yes,Electronic check
1032-MAELW,One year,Yes,Electronic check
7641-TQFHN,Two year,No,Mailed check
1552-TKMXS,Month-to-month,No,Credit card (automatic)
9206-GVPEQ,Month-to-month,Yes,Electronic check
8622-ZLFKO,Month-to-month,Yes,Electronic check
1596-BBVTG,Month-to-month,No,Credit card (automatic)
6188-UXBBR,One year,Yes,Credit card (automatic)
2333-KWEWW,Two year,No,Credit card (automatic)
5702-SKUOB,Month-to-month,No,Mailed check
1134-YWTYF,Month-to-month,Yes,Electronic check
6061-GWWAV,One year,No,Mailed check
0679-TDGAK,One year,No,Electronic check
6585-WCEWR,Two year,No,Electronic check
9067-YGSCA,One year,No,Credit card (automatic)
9067-SQTNS,One year,No,Bank transfer (automatic)
8433-WXGNA,Month-to-month,Yes,Electronic check
1776-SPBWV,One year,Yes,Bank transfer (automatic)
8735-SDUFN,Two year,No,Bank transfer (automatic)
9668-PUGNU,Two year,Yes,Electronic check
9405-GPBBG,Two year,Yes,Credit card (automatic)
1926-QUZNN,Two year,Yes,Bank transfer (automatic)
3707-GNWHM,Month-to-month,Yes,Mailed check
7016-NVRIC,One year,No,Bank transfer (automatic)
5829-NVSQN,One year,Yes,Bank transfer (automatic)
9565-AXSMR,Two year,No,Mailed check
8922-LIEGH,Month-to-month,Yes,Electronic check
8869-LIHMK,Two year,Yes,Bank transfer (automatic)
8245-UMPYT,Month-to-month,Yes,Electronic check
5186-SAMNZ,Month-to-month,Yes,Bank transfer (automatic)
0447-RXSGD,Month-to-month,Yes,Bank transfer (automatic)
4927-WWOOZ,Month-to-month,Yes,Electronic check
5788-YPOEG,Two year,No,Mailed check
5373-SFODM,Month-to-month,Yes,Credit card (automatic)
0661-KBKPA,One year,Yes,Mailed check
9081-WWXKP,Two year,No,Credit card (automatic)
0784-ZQJZX,Two year,No,Credit card (automatic)
3133-PZNSR,Two year,Yes,Credit card (automatic)
5766-ZJYBB,Month-to-month,No,Mailed check
8931-GJJIQ,Month-to-month,Yes,Electronic check
4277-PVRAN,Month-to-month,Yes,Bank transfer (automatic)
0022-TCJCI,One year,No,Credit card (automatic)
0722-SVSFK,Month-to-month,Yes,Electronic check
3612-YVGSJ,Two year,Yes,Credit card (automatic)
9825-YCXWZ,One year,Yes,Bank transfer (automatic)
5397-NSKQG,Two year,No,Credit card (automatic)
8565-HBFNN,One year,Yes,Credit card (automatic)
2000-DHJUY,Two year,Yes,Bank transfer (automatic)
0203-HHYIJ,One year,No,Bank transfer (automatic)
8670-ERCJH,Two year,No,Bank transfer (automatic)
7758-UJWYS,Two year,Yes,Electronic check
2050-ONYDQ,Two year,No,Credit card (automatic)
7055-JCGNI,Two year,Yes,Credit card (automatic)
0739-UUAJR,Two year,Yes,Credit card (automatic)
4826-DXMUP,One year,Yes,Mailed check
0952-KMEEH,Month-to-month,No,Mailed check
7285-KLOTR,One year,No,Electronic check
0654-PQKDW,One year,Yes,Bank transfer (automatic)
7175-NTIXE,Month-to-month,Yes,Credit card (automatic)
7963-SHNDT,Two year,No,Mailed check
9796-BPKIW,Month-to-month,Yes,Credit card (automatic)
0188-GWFLE,Month-to-month,No,Mailed check
8129-GMVGI,Two year,No,Mailed check
2882-DDZPG,Month-to-month,No,Bank transfer (automatic)
3547-LQRIK,One year,No,Electronic check
9137-NOQKA,Month-to-month,No,Electronic check
5843-TTHGI,Month-to-month,Yes,Mailed check
1849-RJYIG,Month-to-month,Yes,Electronic check
8868-GAGIO,Month-to-month,Yes,Mailed check
4061-UKJWL,Month-to-month,No,Mailed check
5380-XPJNZ,One year,No,Mailed check
8263-QMNTJ,Two year,Yes,Electronic check
8178-EYZUO,Month-to-month,Yes,Electronic check
3230-JCNZS,Two year,Yes,Credit card (automatic)
0277-ORXQS,Two year,No,Bank transfer (automatic)
5130-IEKQT,Month-to-month,No,Mailed check
3230-WYKIR,One year,Yes,Credit card (automatic)
7996-BPXHY,Two year,Yes,Bank transfer (automatic)
3227-WLKLI,Two year,No,Bank transfer (automatic)
0407-BDJKB,Month-to-month,Yes,Electronic check
2266-FUBDZ,Two year,No,Mailed check
8237-ULIXL,Two year,No,Credit card (automatic)
9600-UDOPK,Month-to-month,Yes,Credit card (automatic)
8216-AZUUZ,Two year,Yes,Electronic check
9153-BTBVV,Two year,No,Bank transfer (automatic)
4074-SJFFA,Month-to-month,Yes,Mailed check
3269-ATYWD,Month-to-month,Yes,Bank transfer (automatic)
5186-PEIZU,Month-to-month,No,Bank transfer (automatic)
1074-AMIOH,Month-to-month,Yes,Bank transfer (automatic)
4910-GMJOT,Month-to-month,Yes,Electronic check
0354-WYROK,Month-to-month,Yes,Electronic check
4361-FEBGN,Two year,No,Credit card (automatic)
7748-UMTRK,Month-to-month,Yes,Electronic check
0380-ZCSBI,Month-to-month,No,Credit card (automatic)
7145-FEJWU,Month-to-month,Yes,Electronic check
6463-MVYRY,Two year,No,Bank transfer (automatic)
3969-JQABI,Month-to-month,Yes,Credit card (automatic)
9624-EGDEQ,Two year,No,Mailed check
1051-EQPZR,Month-to-month,No,Mailed check
5849-ASHZJ,One year,No,Credit card (automatic)
5780-INQIK,Month-to-month,No,Electronic check
7576-OYWBN,Month-to-month,Yes,Electronic check
4526-ZJJTM,Month-to-month,No,Bank transfer (automatic)
8384-FZBJK,Month-to-month,Yes,Electronic check
3750-RNQKR,Month-to-month,No,Mailed check
0962-CQPWQ,Two year,No,Bank transfer (automatic)
3096-YXENJ,Two year,Yes,Bank transfer (automatic)
1265-BCFEO,Two year,Yes,Bank transfer (automatic)
5837-LXSDN,One year,Yes,Credit card (automatic)
5945-AZYHT,One year,Yes,Electronic check
8325-QRPZR,Month-to-month,Yes,Electronic check
6384-VMJHP,Two year,Yes,Credit card (automatic)
2262-SLNVK,Month-to-month,No,Electronic check
7730-CLDSV,Two year,Yes,Bank transfer (automatic)
1135-HIORI,One year,Yes,Electronic check
0164-APGRB,Two year,Yes,Electronic check
6481-ESCNL,Month-to-month,No,Bank transfer (automatic)
1790-NESIO,Two year,Yes,Mailed check
1550-EENBN,Month-to-month,No,Electronic check
5539-TMZLF,Month-to-month,Yes,Electronic check
4323-SADQS,Month-to-month,Yes,Electronic check
4446-BZKHU,Month-to-month,Yes,Electronic check
5202-IVJNU,Month-to-month,No,Credit card (automatic)
5976-JCJRH,Month-to-month,Yes,Electronic check
8198-RKSZG,Month-to-month,No,Credit card (automatic)
0137-OCGAB,Month-to-month,Yes,Mailed check
3351-NQLDI,One year,Yes,Credit card (automatic)
9297-EONCV,Two year,Yes,Bank transfer (automatic)
7593-JNWRU,Month-to-month,Yes,Bank transfer (automatic)
4588-YBNIB,Month-to-month,Yes,Mailed check
1069-QJOEE,One year,No,Electronic check
3336-JORSO,Month-to-month,Yes,Electronic check
7799-DSEWS,Month-to-month,Yes,Electronic check
8766-PAFNE,Two year,Yes,Credit card (automatic)
5315-CKEQK,One year,Yes,Electronic check
3130-ICDUP,Month-to-month,No,Credit card (automatic)
0820-FNRNX,Month-to-month,Yes,Mailed check
0880-FVFWF,Month-to-month,Yes,Electronic check
4611-ANLQC,One year,No,Electronic check
4213-HKBJO,Two year,No,Credit card (automatic)
2792-LSHWX,Month-to-month,Yes,Mailed check
5028-GZLDO,Month-to-month,No,Credit card (automatic)
0014-BMAQU,Two year,Yes,Credit card (automatic)
6861-XWTWQ,Month-to-month,Yes,Electronic check
9018-PCIOK,Two year,Yes,Mailed check
4837-QUSFT,One year,Yes,Bank transfer (automatic)
6877-TJMBR,Month-to-month,Yes,Electronic check
9953-ZMKSM,Two year,No,Mailed check
0907-HQNTS,Two year,Yes,Credit card (automatic)
7665-NKLAV,Two year,No,Credit card (automatic)
6769-DCQLI,One year,Yes,Bank transfer (automatic)
2433-KMEAS,Month-to-month,Yes,Electronic check
4391-LNRXK,Month-to-month,Yes,Bank transfer (automatic)
8250-ZNGGW,Month-to-month,No,Credit card (automatic)
2195-ZRVAX,Month-to-month,Yes,Electronic check
3550-SAHFP,Month-to-month,Yes,Electronic check
2011-TRQYE,Month-to-month,Yes,Credit card (automatic)
8562-GHPPI,Month-to-month,No,Credit card (automatic)
5893-PYOLZ,Two year,Yes,Credit card (automatic)
4986-MXSFP,Month-to-month,Yes,Mailed check
6131-FOYAS,Month-to-month,Yes,Electronic check
3027-YNWZU,Two year,No,Credit card (automatic)
5609-IMCGG,Month-to-month,Yes,Credit card (automatic)
4873-ILOLJ,Month-to-month,Yes,Electronic check
4727-MCYZG,Month-to-month,No,Mailed check
9481-WHGWY,Two year,No,Credit card (automatic)
2725-KXXWT,Month-to-month,Yes,Electronic check
9565-DJPIB,Month-to-month,No,Mailed check
4328-VUFWD,One year,No,Electronic check
3301-LSLWQ,Month-to-month,Yes,Electronic check
7473-ZBDSN,Two year,No,Mailed check
3166-PNEOF,Two year,No,Credit card (automatic)
5639-NTUPK,Month-to-month,Yes,Credit card (automatic)
8780-YRMTT,Two year,Yes,Mailed check
8348-HFYIV,Month-to-month,Yes,Electronic check
5140-FOMCQ,One year,Yes,Credit card (automatic)
6242-SGYTS,One year,Yes,Credit card (automatic)
8166-ORCHU,One year,Yes,Electronic check
8414-OOEEL,Two year,Yes,Credit card (automatic)
8454-AATJP,Two year,No,Credit card (automatic)
6849-WLEYG,Month-to-month,No,Mailed check
4659-NZRUF,Month-to-month,Yes,Electronic check
4531-AUZNK,One year,Yes,Mailed check
4191-XOVOM,Month-to-month,No,Electronic check
2150-OEGBV,One year,No,Bank transfer (automatic)
8429-XIBUM,Month-to-month,Yes,Bank transfer (automatic)
1855-CFULU,Month-to-month,No,Mailed check
4878-BUNFV,Two year,No,Mailed check
1872-EBWSC,One year,No,Mailed check
2608-BHKFN,Month-to-month,Yes,Credit card (automatic)
7026-YMSBE,One year,No,Mailed check
7341-LXCAF,Month-to-month,Yes,Electronic check
6997-UVGOX,Two year,No,Bank transfer (automatic)
9674-EHPPG,Two year,No,Credit card (automatic)
9462-MJUAW,Month-to-month,No,Mailed check
8128-YVJRG,Month-to-month,Yes,Mailed check
5440-VHLUL,One year,Yes,Bank transfer (automatic)
5781-BKHOP,Two year,No,Bank transfer (automatic)
4283-FUTGF,Month-to-month,Yes,Electronic check
5213-TWWJU,Month-to-month,No,Electronic check
1569-TTNYJ,Month-to-month,Yes,Electronic check
8628-MFKAX,Two year,Yes,Credit card (automatic)
2397-BRLOM,Month-to-month,Yes,Credit card (automatic)
7629-WIXZF,One year,Yes,Electronic check
5445-GLVOT,Month-to-month,Yes,Electronic check
3976-HXHCE,Two year,No,Bank transfer (automatic)
2466-NEJOJ,Month-to-month,No,Credit card (automatic)
0254-KCJGT,One year,Yes,Credit card (automatic)
5472-CVMDX,Two year,No,Mailed check
6461-SZMCV,Two year,No,Bank transfer (automatic)
8150-QUDFX,Month-to-month,No,Mailed check
9508-ILZDG,Month-to-month,Yes,Electronic check
2346-DJQTB,Month-to-month,No,Electronic check
1697-LYYYX,One year,No,Credit card (automatic)
1942-OQFRW,Month-to-month,No,Electronic check
4749-VFKVB,Month-to-month,Yes,Mailed check
9640-ZSLDC,One year,No,Credit card (automatic)
4231-LZUYM,Two year,No,Bank transfer (automatic)
7598-UAASY,Month-to-month,No,Electronic check
7938-OUHIO,Month-to-month,Yes,Electronic check
8510-AWCXC,Month-to-month,Yes,Electronic check
6128-AQBMT,Month-to-month,Yes,Electronic check
3594-BDSOA,One year,No,Credit card (automatic)
0431-APWVY,One year,Yes,Bank transfer (automatic)
5133-VRSAB,Month-to-month,No,Mailed check
5996-DAOQL,Month-to-month,Yes,Mailed check
6838-YAUVY,Two year,Yes,Bank transfer (automatic)
0484-JPBRU,Month-to-month,Yes,Bank transfer (automatic)
7883-ROJOC,Month-to-month,No,Mailed check
0244-LGNFY,Two year,No,Bank transfer (automatic)
7274-CGTOD,Two year,Yes,Bank transfer (automatic)
4295-YURET,Two year,Yes,Credit card (automatic)
3426-NIYYL,Month-to-month,No,Electronic check
8225-BTJAU,Month-to-month,Yes,Electronic check
4635-EJYPD,Two year,No,Mailed check
1866-ZSLJM,Month-to-month,No,Credit card (automatic)
4636-TVXVG,One year,No,Bank transfer (automatic)
4236-UJPWO,Month-to-month,No,Electronic check
9392-XBGTD,Two year,No,Mailed check
3387-VATUS,Month-to-month,Yes,Bank transfer (automatic)
6402-SSEJG,One year,No,Electronic check
1143-NMNQJ,Month-to-month,Yes,Electronic check
1169-SAOCL,One year,Yes,Bank transfer (automatic)
1110-KYLGQ,Month-to-month,No,Credit card (automatic)
9929-PLVPA,Month-to-month,No,Credit card (automatic)
3518-PZXZQ,Month-to-month,Yes,Mailed check
2371-JUNGC,Month-to-month,No,Mailed check
7693-QPEFS,Month-to-month,Yes,Bank transfer (automatic)
0924-BJCRC,Month-to-month,No,Electronic check
5074-FBGHB,One year,Yes,Credit card (automatic)
2351-BKRZW,Two year,No,Bank transfer (automatic)
4455-BFSPD,One year,No,Bank transfer (automatic)
0415-MOSGF,Month-to-month,No,Mailed check
1724-BQUHA,Month-to-month,Yes,Electronic check
3948-KXDUF,Two year,No,Bank transfer (automatic)
2323-ARSVR,Two year,Yes,Electronic check
0815-MFZGM,Two year,Yes,Credit card (automatic)
4826-XTSOH,Month-to-month,Yes,Electronic check
5480-XTFFL,Two year,No,Mailed check
8295-FHIVV,Month-to-month,Yes,Mailed check
2495-INZWQ,Month-to-month,Yes,Electronic check
9086-YJYXS,One year,No,Bank transfer (automatic)
1179-INLAT,One year,Yes,Mailed check
7909-FIOIY,Month-to-month,Yes,Mailed check
4139-SUGLD,Month-to-month,No,Bank transfer (automatic)
6857-VWJDT,Month-to-month,No,Mailed check
6351-SCJKT,Month-to-month,No,Mailed check
5468-BPMMO,Month-to-month,No,Electronic check
5624-BQSSA,Month-to-month,No,Mailed check
0197-PNKNK,One year,No,Bank transfer (automatic)
2439-QKJUL,Month-to-month,No,Mailed check
1194-SPVSP,Month-to-month,No,Bank transfer (automatic)
9534-NSXEM,One year,Yes,Credit card (automatic)
2408-WITXK,Month-to-month,Yes,Electronic check
8929-KSWIH,Two year,No,Bank transfer (automatic)
2250-IVBWA,Month-to-month,No,Electronic check
1810-MVMAI,Month-to-month,No,Electronic check
9506-UXUSK,Month-to-month,Yes,Electronic check
1229-RCALF,One year,Yes,Electronic check
3572-UOLYZ,Month-to-month,Yes,Bank transfer (automatic)
1429-UYJSV,One year,No,Mailed check
5577-OTWWW,Month-to-month,No,Bank transfer (automatic)
6100-QQHEB,Month-to-month,Yes,Electronic check
6366-XIVKZ,Month-to-month,Yes,Mailed check
3470-OBUET,Two year,No,Credit card (automatic)
2770-NSVDG,Month-to-month,No,Electronic check
9375-MHRRS,Month-to-month,No,Mailed check
2634-HCZGT,One year,Yes,Electronic check
7503-QQRVF,Month-to-month,Yes,Credit card (automatic)
4860-YZGZM,Month-to-month,No,Electronic check
6599-GZWCM,One year,Yes,Mailed check
2691-NZETQ,Month-to-month,Yes,Electronic check
4404-HIBDJ,One year,No,Mailed check
5533-NHFRF,Month-to-month,Yes,Electronic check
7037-MTYVW,Two year,Yes,Bank transfer (automatic)
4760-THGOT,Month-to-month,Yes,Electronic check
7295-JOMMD,Month-to-month,Yes,Bank transfer (automatic)
4016-BJKTZ,Two year,No,Electronic check
6584-VQMYT,One year,No,Mailed check
9838-BFCQT,Two year,No,Mailed check
2790-XUYMV,One year,Yes,Credit card (automatic)
0581-MDMPW,Month-to-month,Yes,Credit card (automatic)
5013-SBUIH,Two year,Yes,Electronic check
1023-BQXZE,Two year,Yes,Bank transfer (automatic)
9163-GHAYE,Month-to-month,No,Electronic check
3904-UKFRE,Month-to-month,Yes,Electronic check
5353-WILCI,Month-to-month,No,Electronic check
0709-TVGUR,Month-to-month,Yes,Electronic check
0058-EVZWM,Month-to-month,Yes,Bank transfer (automatic)
6023-YEBUP,Month-to-month,Yes,Electronic check
7209-JCUDS,Month-to-month,Yes,Electronic check
7009-PCARS,One year,No,Bank transfer (automatic)
0519-DRGTI,Month-to-month,No,Mailed check
1017-FBQMM,One year,Yes,Credit card (automatic)
3001-CBHLQ,Month-to-month,Yes,Electronic check
1985-MBRYP,Two year,Yes,Bank transfer (automatic)
6158-DWPZT,One year,No,Bank transfer (automatic)
9372-TXXPS,Two year,No,Bank transfer (automatic)
3259-QMXUN,Two year,Yes,Electronic check
1015-JPFYW,One year,No,Mailed check
6645-MXQJT,Month-to-month,No,Electronic check
4360-QRAVE,Month-to-month,No,Electronic check
8433-WPJTV,One year,Yes,Bank transfer (automatic)
5804-JMYIO,Two year,No,Mailed check
3763-GCZHZ,One year,Yes,Electronic check
6484-LATFU,Two year,No,Mailed check
7599-NTMDP,Two year,No,Bank transfer (automatic)
0772-GYEQQ,Month-to-month,Yes,Mailed check
0536-ACXIP,Two year,Yes,Electronic check
0936-NQLJU,Two year,No,Credit card (automatic)
4831-EOBFE,Month-to-month,No,Credit card (automatic)
1575-KRZZE,Month-to-month,No,Electronic check
3251-YMVWZ,One year,No,Bank transfer (automatic)
4102-OQUPX,Month-to-month,Yes,Electronic check
9170-GYZJC,Month-to-month,No,Credit card (automatic)
4884-LEVMQ,Two year,Yes,Bank transfer (automatic)
8857-CUPFQ,Two year,No,Mailed check
7610-TVOPG,Month-to-month,Yes,Electronic check
3638-DIMPH,One year,No,Electronic check
1845-ZLLIG,Month-to-month,Yes,Mailed check
8559-WNQZS,Two year,No,Mailed check
3999-QGRJH,Month-to-month,Yes,Electronic check
1699-UOTXU,Two year,No,Electronic check
2454-RPBRZ,Month-to-month,Yes,Electronic check
0635-WKOLD,One year,No,Credit card (automatic)
5993-JSUWV,Two year,Yes,Bank transfer (automatic)
4518-FZBSX,One year,No,Mailed check
5387-ASZNZ,One year,Yes,Credit card (automatic)
6988-CJEYV,Month-to-month,No,Electronic check
2002-MZHWP,Month-to-month,No,Mailed check
3097-FQTVJ,Two year,No,Mailed check
5465-BUBFA,Two year,No,Bank transfer (automatic)
7299-GNVPL,Month-to-month,No,Mailed check
9743-DQKQW,Month-to-month,No,Electronic check
1215-VFYVK,Month-to-month,No,Mailed check
9371-BITHB,Two year,No,Mailed check
2265-CYWIV,Month-to-month,Yes,Electronic check
9093-FPDLG,Month-to-month,Yes,Electronic check
0541-FITGH,Month-to-month,Yes,Mailed check
6985-HAYWX,Month-to-month,No,Bank transfer (automatic)
7508-KBIMB,One year,Yes,Credit card (automatic)
6838-HVLXG,Month-to-month,No,Mailed check
2277-DJJDL,Month-to-month,Yes,Electronic check
1897-OKVMW,Two year,Yes,Mailed check
5485-ITNPC,Two year,Yes,Bank transfer (automatic)
0233-FTHAV,One year,Yes,Bank transfer (automatic)
4644-PIZRT,One year,Yes,Bank transfer (automatic)
8922-NPKBJ,Two year,No,Mailed check
2740-TVLFN,Month-to-month,Yes,Electronic check
7771-CFQRQ,Two year,No,Bank transfer (automatic)
9512-PHSMG,Month-to-month,Yes,Mailed check
6963-EZQEE,Two year,Yes,Credit card (automatic)
2452-KDRRH,Month-to-month,Yes,Credit card (automatic)
2004-OCQXK,Month-to-month,Yes,Electronic check
5027-QPKTE,Month-to-month,Yes,Electronic check
4146-SVFUD,Month-to-month,No,Mailed check
1564-HJUVY,Month-to-month,Yes,Bank transfer (automatic)
3617-XLSGQ,Two year,No,Bank transfer (automatic)
7517-LDMPS,Month-to-month,Yes,Electronic check
7244-KXYZN,One year,No,Credit card (automatic)
5226-NOZFC,Month-to-month,Yes,Electronic check
2672-HUYVI,Month-to-month,Yes,Electronic check
1400-WIVLL,Two year,No,Electronic check
7508-MYBOG,Month-to-month,Yes,Electronic check
8148-NLEGT,Two year,No,Electronic check
0148-DCDOS,Month-to-month,Yes,Bank transfer (automatic)
8347-GDTMP,Two year,No,Credit card (automatic)
9992-RRAMN,Month-to-month,Yes,Electronic check
6746-WAUWT,One year,Yes,Credit card (automatic)
0310-MVLET,Month-to-month,Yes,Electronic check
0428-IKYCP,Month-to-month,Yes,Bank transfer (automatic)
4550-VBOFE,Month-to-month,Yes,Electronic check
2187-PKZAY,Month-to-month,Yes,Bank transfer (automatic)
4003-OCTMP,One year,Yes,Electronic check
6652-YFFJO,Month-to-month,Yes,Electronic check
7225-IILWY,Two year,No,Mailed check
5248-RPYWW,Two year,Yes,Bank transfer (automatic)
7923-IYJWY,Two year,Yes,Credit card (automatic)
3170-GWYKC,Month-to-month,Yes,Bank transfer (automatic)
5696-QURRL,Month-to-month,Yes,Mailed check
7409-KIUTL,Month-to-month,Yes,Electronic check
9830-ECLEN,One year,No,Mailed check
1732-VHUBQ,Month-to-month,No,Bank transfer (automatic)
0495-RVCBF,Month-to-month,Yes,Electronic check
2668-TZSPS,Month-to-month,No,Mailed check
7854-EDSSA,Month-to-month,No,Electronic check
8869-TORSS,One year,Yes,Credit card (automatic)
7446-SFAOA,One year,Yes,Bank transfer (automatic)
9522-ZSINC,One year,Yes,Electronic check
8234-GSZYK,Two year,No,Bank transfer (automatic)
6505-OZNPG,Two year,Yes,Mailed check
6164-HAQTX,Two year,No,Bank transfer (automatic)
0679-IDSTG,Month-to-month,Yes,Electronic check
7765-LWVVH,Two year,Yes,Electronic check
1658-TJVOA,Month-to-month,Yes,Electronic check
0953-LGOVU,Month-to-month,No,Mailed check
2115-BFTIW,Month-to-month,No,Mailed check
4692-NNQRU,One year,No,Electronic check
7742-MYPGI,Month-to-month,Yes,Mailed check
0611-DFXKO,Month-to-month,Yes,Mailed check
7780-OTDSO,Month-to-month,Yes,Electronic check
9619-GSATL,One year,No,Electronic check
5622-UEJFI,Two year,Yes,Credit card (automatic)
9747-DDZOS,Month-to-month,No,Bank transfer (automatic)
0674-DGMAQ,Month-to-month,Yes,Electronic check
6203-HBZPA,Two year,No,Credit card (automatic)
0484-FFVBJ,One year,Yes,Bank transfer (automatic)
0301-FIDRB,Two year,Yes,Bank transfer (automatic)
4139-JPIAM,Month-to-month,Yes,Credit card (automatic)
2181-TIDSV,Two year,Yes,Bank transfer (automatic)
2761-XECQW,Month-to-month,Yes,Mailed check
1936-CZAKF,Two year,No,Credit card (automatic)
9453-PATOS,Two year,No,Mailed check
0564-JJHGS,Month-to-month,Yes,Electronic check
3348-CFRNX,Month-to-month,Yes,Mailed check
4402-FTBXC,Month-to-month,No,Mailed check
1428-GTBJJ,Month-to-month,Yes,Electronic check
2931-XIQBR,One year,No,Mailed check
0106-UGRDO,Two year,Yes,Electronic check
5542-TBBWB,Month-to-month,Yes,Electronic check
1930-QPBVZ,Two year,No,Bank transfer (automatic)
2606-PKWJB,One year,No,Mailed check
5322-ZSMZY,Two year,No,Mailed check
8059-UDZFY,Month-to-month,Yes,Bank transfer (automatic)
7740-BTPUX,Two year,Yes,Electronic check
5220-AGAAX,Two year,Yes,Bank transfer (automatic)
0208-BPQEJ,Month-to-month,No,Bank transfer (automatic)
9435-JMLSX,Two year,Yes,Bank transfer (automatic)
3352-ALMCK,Month-to-month,Yes,Mailed check
5312-IRCFR,One year,Yes,Electronic check
5294-IMHHT,One year,No,Bank transfer (automatic)
8802-UNOJF,Month-to-month,Yes,Mailed check
6313-GIDIT,Month-to-month,Yes,Electronic check
6176-YJWAS,Two year,Yes,Credit card (automatic)
5310-NOOVA,Two year,No,Electronic check
4526-EXKKN,Two year,Yes,Mailed check
5311-IHLEI,Month-to-month,Yes,Bank transfer (automatic)
3987-KQDDU,Month-to-month,No,Electronic check
3404-JNXAX,Month-to-month,Yes,Electronic check
5131-PONJI,Month-to-month,Yes,Credit card (automatic)
2845-AFFTX,Month-to-month,Yes,Electronic check
3489-VSFRD,One year,Yes,Credit card (automatic)
3345-JHUEO,Month-to-month,Yes,Electronic check
5815-HGGHV,One year,Yes,Mailed check
5260-UMPWX,Month-to-month,Yes,Credit card (automatic)
2249-YPRNG,Month-to-month,Yes,Bank transfer (automatic)
7410-YTJIK,Month-to-month,No,Mailed check
4626-GYCZP,Month-to-month,Yes,Electronic check
5649-RXQTV,Month-to-month,Yes,Electronic check
2674-MIAHT,Month-to-month,Yes,Mailed check
2576-HXMPA,Month-to-month,No,Credit card (automatic)
7587-AOVVU,Month-to-month,No,Electronic check
5590-BYNII,Month-to-month,Yes,Electronic check
6898-MDLZW,Month-to-month,Yes,Mailed check
3237-AJGEH,Month-to-month,Yes,Mailed check
4707-YNOQA,One year,Yes,Credit card (automatic)
9357-UJRUN,One year,Yes,Electronic check
1591-NFNLQ,Month-to-month,No,Credit card (automatic)
8648-PFRMP,Month-to-month,Yes,Electronic check
7663-CUXZB,Two year,No,Electronic check
0258-NOKBL,Month-to-month,No,Electronic check
1163-VIPRI,Two year,No,Electronic check
2815-CPTUL,Month-to-month,Yes,Mailed check
9348-ROUAI,Two year,No,Credit card (automatic)
9443-JUBUO,Two year,Yes,Credit card (automatic)
0596-BQCEQ,Month-to-month,Yes,Electronic check
1481-ZUWZA,Month-to-month,Yes,Credit card (automatic)
3043-TYBNO,Month-to-month,No,Mailed check
4830-FAXFM,Month-to-month,Yes,Credit card (automatic)
5906-BFOZT,Month-to-month,Yes,Mailed check
2960-NKRSO,Month-to-month,Yes,Electronic check
8996-ZROXE,One year,Yes,Electronic check
5598-IKHQQ,Two year,No,Credit card (automatic)
0397-ZXWQF,Two year,No,Bank transfer (automatic)
5266-PFRQK,One year,Yes,Credit card (automatic)
4674-HGNUA,Two year,No,Credit card (automatic)
6765-MBQNU,One year,No,Mailed check
9786-IJYDL,Two year,Yes,Mailed check
1303-SRDOK,Two year,Yes,Credit card (automatic)
3769-MHZNV,Two year,No,Mailed check
6295-OSINB,Two year,Yes,Electronic check
3308-MHOOC,Month-to-month,Yes,Mailed check
2309-OSFEU,Month-to-month,Yes,Mailed check
2207-QPJED,Month-to-month,No,Electronic check
4177-JPDFU,Month-to-month,No,Mailed check
2239-CFOUJ,One year,No,Mailed check
8046-DNVTL,Two year,Yes,Credit card (automatic)
2209-XADXF,Month-to-month,No,Bank transfer (automatic)
6620-JDYNW,Month-to-month,Yes,Mailed check
1891-FZYSA,Month-to-month,Yes,Electronic check
4770-UEZOX,Month-to-month,Yes,Electronic check
1038-RQOST,Month-to-month,No,Mailed check
7613-LLQFO,Month-to-month,Yes,Electronic check
4568-TTZRT,Month-to-month,No,Mailed check
9513-DXHDA,One year,No,Electronic check
2640-PMGFL,Month-to-month,Yes,Electronic check
3801-HMYNL,Month-to-month,No,Mailed check
0516-QREYC,Month-to-month,Yes,Mailed check
9685-WKZGT,Month-to-month,Yes,Electronic check
6022-UGGSO,Month-to-month,Yes,Electronic check
8084-OIVBS,One year,No,Mailed check
8896-BQTTI,Month-to-month,Yes,Mailed check
3865-QBWSJ,Month-to-month,Yes,Mailed check
3352-RICWQ,Two year,No,Mailed check
2160-GPFXD,Two year,Yes,Credit card (automatic)
2065-MMKGR,One year,Yes,Credit card (automatic)
5857-TYBCJ,Month-to-month,Yes,Electronic check
1498-NHTLT,Two year,Yes,Electronic check
4484-CGXFK,Month-to-month,Yes,Electronic check
1402-PTHGN,One year,Yes,Mailed check
4176-RELJR,Two year,No,Credit card (automatic)
6214-EDAKZ,Month-to-month,No,Electronic check
5199-FPUSP,One year,No,Credit card (automatic)
6377-KSLXC,Month-to-month,No,Mailed check
1796-JANOW,Month-to-month,No,Mailed check
0238-WHBIQ,Two year,No,Credit card (automatic)
8735-NBLWT,Month-to-month,No,Mailed check
6651-RLGGM,Two year,No,Mailed check
6127-ISGTU,Month-to-month,Yes,Electronic check
1614-JBEBI,Month-to-month,Yes,Mailed check
8740-XLHDR,Month-to-month,Yes,Mailed check
1208-DNHLN,One year,Yes,Credit card (automatic)
1761-AEZZR,Month-to-month,Yes,Electronic check
3923-CSIHK,Month-to-month,Yes,Electronic check
5696-EXCYS,Two year,No,Credit card (automatic)
5795-KTGUD,Two year,Yes,Bank transfer (automatic)
7120-RFMVS,Month-to-month,No,Electronic check
7924-GJZFI,Month-to-month,Yes,Electronic check
4702-HDRKD,One year,Yes,Bank transfer (automatic)
8512-WIWYV,One year,No,Credit card (automatic)
5897-ZYEKH,One year,Yes,Electronic check
5456-ITGIC,Two year,Yes,Credit card (automatic)
7317-GGVPB,Two year,Yes,Credit card (automatic)
1406-PUQVY,Month-to-month,Yes,Electronic check
1322-AGOQM,Month-to-month,No,Bank transfer (automatic)
3677-IYRBF,Month-to-month,Yes,Electronic check
5692-FPTAH,Month-to-month,Yes,Mailed check
9114-AAFQH,One year,Yes,Electronic check
8715-KKTFG,One year,Yes,Bank transfer (automatic)
1550-LOAHA,Month-to-month,No,Bank transfer (automatic)
1728-BQDMA,Month-to-month,No,Electronic check
0268-QKIWO,Month-to-month,No,Electronic check
0876-WDUUZ,Month-to-month,Yes,Credit card (automatic)
5117-ZSMHQ,Two year,No,Bank transfer (automatic)
5151-HQRDG,Month-to-month,Yes,Mailed check
0960-HUWBM,Two year,Yes,Bank transfer (automatic)
6465-GSRCL,One year,Yes,Bank transfer (automatic)
0617-FHSGK,Month-to-month,No,Credit card (automatic)
0263-FJTQO,Two year,Yes,Credit card (automatic)
7319-ZNRTR,One year,No,Electronic check
2858-MOFSQ,One year,Yes,Mailed check
7503-EPSZW,Two year,Yes,Mailed check
7089-XXAYG,One year,Yes,Credit card (automatic)
8118-LSUEL,Month-to-month,Yes,Electronic check
8070-AAWZP,Month-to-month,No,Mailed check
1666-JXLKU,Month-to-month,Yes,Electronic check
7855-DIWPO,Month-to-month,Yes,Electronic check
5133-POWUA,Month-to-month,Yes,Mailed check
5652-MSDEY,Month-to-month,Yes,Mailed check
7005-CCBKV,Month-to-month,Yes,Electronic check
1810-BOHSY,One year,Yes,Credit card (automatic)
1784-BXEFA,Month-to-month,Yes,Mailed check
7351-MHQVU,Month-to-month,No,Credit card (automatic)
9224-VTYID,Two year,Yes,Mailed check
9500-IWPXQ,One year,Yes,Electronic check
5762-TJXGK,Two year,Yes,Bank transfer (automatic)
4504-YOULA,Month-to-month,Yes,Credit card (automatic)
5569-IDSEY,One year,Yes,Bank transfer (automatic)
4250-FDVOU,Month-to-month,No,Electronic check
7284-ZZLOH,Two year,No,Credit card (automatic)
5277-ZLOOR,Month-to-month,Yes,Electronic check
2141-RRYGO,Month-to-month,Yes,Bank transfer (automatic)
1777-JYQPJ,Month-to-month,No,Mailed check
6376-GAHQE,Month-to-month,No,Electronic check
3401-URHDA,One year,No,Credit card (automatic)
1599-EAHXY,One year,No,Credit card (automatic)
8631-XVRZL,One year,Yes,Mailed check
5052-PNLOS,Month-to-month,Yes,Bank transfer (automatic)
3853-LYGAM,Month-to-month,Yes,Bank transfer (automatic)
6979-ZNSFF,Month-to-month,Yes,Electronic check
5751-USDBL,Two year,No,Mailed check
5680-LQOGP,Two year,Yes,Credit card (automatic)
2386-LAHRK,Month-to-month,Yes,Mailed check
8189-DUKMV,One year,No,Bank transfer (automatic)
6032-IGALN,Month-to-month,Yes,Mailed check
9931-DCEZH,One year,Yes,Credit card (automatic)
1898-JSNDC,One year,Yes,Credit card (automatic)
0315-LVCRK,Month-to-month,No,Electronic check
3911-RSNHI,Two year,Yes,Credit card (automatic)
2410-CIYFZ,Month-to-month,No,Mailed check
4248-HCETZ,Month-to-month,Yes,Mailed check
5505-OVWQW,One year,No,Mailed check
7271-AJDTL,Month-to-month,Yes,Credit card (automatic)
1867-TJHTS,Month-to-month,Yes,Bank transfer (automatic)
0516-WJVXC,Month-to-month,No,Electronic check
9174-FKWZE,Month-to-month,Yes,Electronic check
6860-YRJZP,Month-to-month,Yes,Electronic check
4429-WYGFR,Month-to-month,No,Bank transfer (automatic)
2817-LVCPP,Two year,No,Credit card (automatic)
5038-ETMLM,Two year,Yes,Bank transfer (automatic)
5056-FIMPT,One year,Yes,Credit card (automatic)
4521-WFJAI,Two year,Yes,Bank transfer (automatic)
6569-KTMDU,Month-to-month,No,Mailed check
8809-RIHDD,Two year,Yes,Electronic check
8809-XKHMD,Two year,Yes,Bank transfer (automatic)
0396-YCHWO,Month-to-month,Yes,Electronic check
0867-LDTTC,Month-to-month,No,Bank transfer (automatic)
4822-NGOCH,Month-to-month,Yes,Electronic check
9391-DXGGG,One year,No,Credit card (automatic)
9844-FELAJ,One year,Yes,Electronic check
2122-SZZZD,One year,No,Credit card (automatic)
5307-DZCVC,Month-to-month,Yes,Credit card (automatic)
3148-AOIQT,Two year,Yes,Credit card (automatic)
8679-JOEVF,Month-to-month,No,Electronic check
8395-ETZKQ,One year,No,Bank transfer (automatic)
6692-YQHXC,Month-to-month,Yes,Credit card (automatic)
3889-VWBID,Two year,No,Bank transfer (automatic)
5222-JCXZT,Month-to-month,No,Mailed check
9754-CLVZW,Month-to-month,No,Credit card (automatic)
1432-FPAXX,Month-to-month,Yes,Electronic check
2739-CCZMB,Month-to-month,No,Credit card (automatic)
7080-TNUWP,One year,Yes,Bank transfer (automatic)
0496-AHOOK,One year,No,Bank transfer (automatic)
8336-TAVKX,Two year,No,Bank transfer (automatic)
2468-SJFLM,Month-to-month,Yes,Mailed check
3181-VTHOE,One year,Yes,Bank transfer (automatic)
7168-HDQHG,Month-to-month,No,Bank transfer (automatic)
4803-AXVYP,Month-to-month,Yes,Electronic check
3884-HCSWG,Month-to-month,Yes,Electronic check
4567-AKPIA,One year,Yes,Bank transfer (automatic)
5077-DXTCG,Month-to-month,Yes,Electronic check
1142-WACZW,Month-to-month,No,Bank transfer (automatic)
7901-HXJVA,Month-to-month,No,Electronic check
5649-ANRML,Month-to-month,Yes,Credit card (automatic)
4892-VLANZ,Month-to-month,No,Mailed check
5924-IFQTT,Month-to-month,Yes,Electronic check
7968-QUXNS,Month-to-month,No,Mailed check
2919-HBCJO,Month-to-month,Yes,Bank transfer (automatic)
4236-XPXAV,Month-to-month,Yes,Mailed check
8903-WMRNW,Month-to-month,No,Electronic check
2452-SNHFZ,Month-to-month,No,Credit card (automatic)
3629-WEAAM,Month-to-month,No,Mailed check
6029-CSMJE,Month-to-month,Yes,Mailed check
7993-NQLJE,Month-to-month,No,Mailed check
9909-DFRJA,One year,Yes,Bank transfer (automatic)
9099-FTUHS,Month-to-month,No,Electronic check
0581-BXBUB,Month-to-month,No,Electronic check
4962-CHQPW,One year,No,Mailed check
9467-ROOLM,Month-to-month,No,Mailed check
3030-YZADT,Month-to-month,No,Mailed check
7410-KTVFV,Month-to-month,Yes,Mailed check
5150-ITWWB,Month-to-month,Yes,Electronic check
2253-KPMNB,Two year,No,Bank transfer (automatic)
1345-ZUKID,One year,No,Mailed check
6429-SHBCB,Month-to-month,No,Mailed check
9281-OFDMF,Month-to-month,No,Electronic check
2603-HVKCG,Month-to-month,Yes,Electronic check
1834-WULEG,One year,No,Mailed check
9097-ZUBYC,Month-to-month,No,Bank transfer (automatic)
5148-ORICT,Two year,Yes,Mailed check
4893-GYUJU,One year,Yes,Mailed check
4578-PHJYZ,One year,Yes,Electronic check
7272-QDCKA,One year,No,Electronic check
8908-SLFCJ,Two year,Yes,Credit card (automatic)
8393-DLHGA,Month-to-month,Yes,Electronic check
9766-HGEDE,One year,No,Mailed check
6968-MHOMU,One year,Yes,Credit card (automatic)
7395-IGJOS,Month-to-month,No,Bank transfer (automatic)
5044-XDPYX,Two year,No,Mailed check
1814-WFGVS,Two year,No,Mailed check
2834-SPCJV,Month-to-month,No,Electronic check
3721-WKIIL,Two year,Yes,Mailed check
6734-CKRSM,Month-to-month,No,Mailed check
1265-ZFOSD,Two year,Yes,Mailed check
6568-POCUI,Two year,Yes,Credit card (automatic)
7890-VYYWG,Month-to-month,Yes,Mailed check
5197-LQXXH,Two year,Yes,Credit card (automatic)
9907-SWKKF,Month-to-month,No,Mailed check
3457-PQBYH,Two year,No,Credit card (automatic)
7682-AZNDK,Month-to-month,Yes,Electronic check
0587-DMGBH,Month-to-month,Yes,Electronic check
5384-ZTTWP,Month-to-month,No,Mailed check
3745-HRPHI,Two year,No,Bank transfer (automatic)
7636-OWBPG,Month-to-month,Yes,Credit card (automatic)
1231-YNDEK,Two year,Yes,Bank transfer (automatic)
1407-DIGZV,Two year,No,Mailed check
6397-JNZZG,Month-to-month,No,Credit card (automatic)
0570-BFQHT,Month-to-month,No,Electronic check
4393-OBCRR,One year,No,Mailed check
3523-QRQLL,One year,Yes,Bank transfer (automatic)
8564-LDKFL,One year,Yes,Bank transfer (automatic)
3696-DFHHB,Two year,No,Bank transfer (automatic)
0895-DQHEW,Month-to-month,Yes,Electronic check
4717-GHADL,Two year,Yes,Mailed check
5501-TVMGM,Month-to-month,Yes,Electronic check
5879-HMFFH,Two year,No,Bank transfer (automatic)
6772-WFQRD,One year,Yes,Bank transfer (automatic)
3810-DVDQQ,Two year,Yes,Bank transfer (automatic)
6972-SNKKW,Month-to-month,No,Mailed check
3694-GLTJM,Month-to-month,Yes,Credit card (automatic)
8550-XSXUQ,One year,Yes,Credit card (automatic)
8149-RSOUN,Month-to-month,Yes,Electronic check
9055-MOJJJ,One year,No,Mailed check
4359-INNWN,One year,No,Credit card (automatic)
0585-EGDDA,Month-to-month,Yes,Electronic check
4032-RMHCI,One year,No,Credit card (automatic)
0549-CYCQN,One year,Yes,Bank transfer (automatic)
3481-JHUZH,Month-to-month,Yes,Electronic check
7250-EQKIY,Month-to-month,No,Mailed check
3594-IVHJZ,Month-to-month,Yes,Mailed check
6869-FGJJC,One year,No,Credit card (automatic)
3896-ZVNET,Two year,No,Mailed check
8205-VSLRB,Two year,No,Credit card (automatic)
5960-MVTUK,Month-to-month,Yes,Electronic check
6817-WTYHE,Month-to-month,No,Bank transfer (automatic)
3082-VQXNH,Month-to-month,No,Credit card (automatic)
4013-UBXWQ,Month-to-month,Yes,Electronic check
4931-TRZWN,Month-to-month,Yes,Electronic check
0750-EKNGL,Month-to-month,No,Mailed check
7669-LCRSD,Month-to-month,Yes,Mailed check
3567-PQTSO,One year,Yes,Electronic check
5519-NPHVG,Month-to-month,Yes,Electronic check
8043-PNYSD,Two year,No,Mailed check
9938-EKRGF,Month-to-month,No,Mailed check
2703-AMTUL,One year,No,Mailed check
0928-JMXNP,Month-to-month,Yes,Electronic check
8173-RXAYP,Two year,No,Mailed check
4825-XJGDM,One year,No,Credit card (automatic)
5402-HTOTQ,Month-to-month,No,Electronic check
6734-JDTTV,Two year,Yes,Credit card (automatic)
7850-THJMU,Two year,No,Credit card (automatic)
3890-RTCMS,Month-to-month,Yes,Mailed check
8849-GYOKR,One year,No,Bank transfer (automatic)
3148-BLQJT,Month-to-month,No,Mailed check
3717-FDJFU,Two year,No,Mailed check
3665-JATSN,Month-to-month,Yes,Electronic check
7966-YOTQW,Month-to-month,Yes,Credit card (automatic)
0461-CVKMU,Month-to-month,No,Electronic check
8806-EAGWC,Month-to-month,No,Mailed check
8853-TZDGH,Two year,Yes,Bank transfer (automatic)
7779-LGOVN,Month-to-month,Yes,Electronic check
4324-BZCKL,Month-to-month,Yes,Mailed check
6924-TDGMT,One year,Yes,Mailed check
9710-ZUSHQ,Month-to-month,Yes,Bank transfer (automatic)
1536-YHDOE,One year,Yes,Mailed check
8123-QBNAZ,Month-to-month,Yes,Credit card (automatic)
3629-ZNKXA,Month-to-month,Yes,Electronic check
4827-LTQRJ,One year,Yes,Credit card (automatic)
7711-YIJWC,One year,No,Bank transfer (automatic)
5482-VXSXJ,Month-to-month,Yes,Mailed check
7365-BVCJH,Month-to-month,Yes,Electronic check
9620-ENEJV,Month-to-month,No,Credit card (automatic)
4183-WCSEP,Month-to-month,Yes,Electronic check
2378-YIZKA,Two year,Yes,Credit card (automatic)
5498-TXHLF,Month-to-month,No,Electronic check
0689-DSXGL,Month-to-month,No,Bank transfer (automatic)
6818-DJXAA,Month-to-month,Yes,Electronic check
9722-UJOJR,Month-to-month,Yes,Electronic check
0464-WJTKO,Two year,No,Bank transfer (automatic)
8902-ZEOVF,One year,No,Mailed check
6778-EICRF,One year,No,Mailed check
2662-NNTDK,One year,No,Credit card (automatic)
4132-KALRO,Month-to-month,Yes,Mailed check
3902-FOIGH,Month-to-month,Yes,Electronic check
6772-KSATR,Month-to-month,Yes,Electronic check
7112-OPOTK,Month-to-month,No,Electronic check
2874-YXVVA,Month-to-month,Yes,Electronic check
1245-HARPS,Two year,No,Mailed check
4210-QFJMF,Month-to-month,Yes,Electronic check
4323-ELYYB,One year,No,Mailed check
4293-ETKAP,Two year,Yes,Bank transfer (automatic)
6064-PUPMC,One year,No,Credit card (automatic)
6504-VBLFL,Two year,No,Electronic check
6322-PJJDJ,Two year,Yes,Electronic check
0330-BGYZE,One year,No,Bank transfer (automatic)
1085-LDWAM,One year,Yes,Credit card (automatic)
7586-ZATGZ,Month-to-month,Yes,Electronic check
7197-VOJMM,Two year,Yes,Credit card (automatic)
3318-OSATS,Month-to-month,Yes,Electronic check
5828-AVIPD,One year,Yes,Electronic check
1843-TLSGD,Two year,No,Mailed check
9626-VFRGG,Month-to-month,Yes,Bank transfer (automatic)
7075-BNDVQ,Month-to-month,No,Mailed check
9143-CANJF,Month-to-month,No,Electronic check
7284-BUYEC,Month-to-month,Yes,Credit card (automatic)
2041-JIJCI,Month-to-month,Yes,Electronic check
1086-LXKFY,Month-to-month,Yes,Mailed check
4900-MSOMT,Two year,No,Bank transfer (automatic)
2229-VWQJH,Month-to-month,Yes,Credit card (automatic)
9194-GFVOI,Two year,No,Credit card (automatic)
1336-EZFZY,Month-to-month,No,Mailed check
4282-MSACW,One year,Yes,Credit card (automatic)
1403-LKLIK,One year,No,Mailed check
2636-ALXXZ,Month-to-month,Yes,Electronic check
7774-OJSXI,One year,Yes,Electronic check
7786-WBJYI,Month-to-month,No,Bank transfer (automatic)
0136-IFMYD,Two year,Yes,Electronic check
5144-TVGLP,Month-to-month,No,Electronic check
9643-AVVWI,Month-to-month,Yes,Electronic check
0253-ZTEOB,Two year,No,Electronic check
2706-QZIHY,Two year,No,Mailed check
6061-PQHMK,One year,No,Credit card (automatic)
9885-CSMWE,Month-to-month,No,Electronic check
6137-MFAJN,Month-to-month,Yes,Electronic check
9122-UMROB,Month-to-month,No,Mailed check
4232-JGKIY,Month-to-month,No,Electronic check
2402-TAIRZ,One year,No,Electronic check
9659-ZTWSM,One year,Yes,Bank transfer (automatic)
9139-TWBAS,One year,No,Bank transfer (automatic)
6685-GBWJZ,One year,No,Credit card (automatic)
5016-ETTFF,Month-to-month,No,Mailed check
3866-MDTUB,Month-to-month,Yes,Electronic check
2195-VVRJF,Month-to-month,Yes,Credit card (automatic)
3913-RDSJZ,Two year,No,Mailed check
8058-JMEQO,Month-to-month,Yes,Electronic check
4203-QGNZA,Month-to-month,No,Mailed check
5043-TRZWM,Month-to-month,No,Electronic check
0697-ZMSWS,Month-to-month,Yes,Electronic check
7657-DYEPJ,One year,Yes,Credit card (automatic)
9494-BDNNC,One year,No,Electronic check
1640-PLFMP,Month-to-month,Yes,Electronic check
5366-OBVMR,Month-to-month,Yes,Mailed check
8276-MQBYC,Month-to-month,Yes,Electronic check
7593-XFKDI,Month-to-month,No,Mailed check
4573-JKNAE,Two year,No,Bank transfer (automatic)
0337-CNPZE,Month-to-month,Yes,Electronic check
9817-APLHW,Month-to-month,No,Electronic check
8380-MQINP,Two year,No,Mailed check
0840-DFEZH,Month-to-month,Yes,Electronic check
1513-XNPPH,Month-to-month,Yes,Electronic check
8690-ZVLCL,Two year,No,Credit card (automatic)
6015-VVHHE,Month-to-month,Yes,Credit card (automatic)
1125-SNVCK,Month-to-month,No,Mailed check
0384-LPITE,One year,No,Credit card (automatic)
4616-EWBNJ,One year,No,Bank transfer (automatic)
6347-DCUIK,Month-to-month,Yes,Mailed check
1335-HQMKX,One year,Yes,Electronic check
2545-EBUPK,Month-to-month,Yes,Electronic check
6923-AQONU,Two year,No,Mailed check
2172-EJXVF,One year,Yes,Electronic check
0897-FEGMU,Month-to-month,Yes,Electronic check
7663-RGWBC,Month-to-month,Yes,Mailed check
1120-BMWUB,Month-to-month,Yes,Mailed check
9124-LHCJQ,Month-to-month,Yes,Mailed check
4536-PLEQY,Month-to-month,Yes,Credit card (automatic)
7029-IJEJK,One year,No,Bank transfer (automatic)
8871-JLMHM,Two year,No,Credit card (automatic)
2235-ZGKPT,Month-to-month,No,Mailed check
3891-PUQOD,Month-to-month,No,Electronic check
5447-VYTKW,Month-to-month,No,Mailed check
3623-FQBOX,Month-to-month,Yes,Mailed check
0689-NKYLF,Month-to-month,Yes,Electronic check
8659-HDIYE,Month-to-month,No,Credit card (automatic)
3658-KIBGF,Month-to-month,Yes,Electronic check
3474-BAFSJ,Two year,Yes,Bank transfer (automatic)
5519-YLDGW,Month-to-month,Yes,Electronic check
3865-ZFZIB,Two year,No,Mailed check
1855-AGAWH,One year,Yes,Electronic check
7109-CQYUZ,Two year,Yes,Mailed check
1370-GGAWX,One year,Yes,Electronic check
4680-KUTAJ,Month-to-month,Yes,Electronic check
5307-UVGNB,Month-to-month,Yes,Bank transfer (automatic)
4946-EDSEW,Month-to-month,Yes,Mailed check
2883-ILGWO,Month-to-month,Yes,Bank transfer (automatic)
2516-VQRRV,Month-to-month,Yes,Mailed check
7580-UGXNC,Month-to-month,No,Mailed check
3642-BYHDO,Two year,No,Bank transfer (automatic)
9629-NHXFW,Month-to-month,Yes,Mailed check
2696-RZVZW,Two year,No,Credit card (automatic)
5766-FTRTS,Two year,No,Mailed check
0396-HUJBP,Month-to-month,No,Mailed check
5178-LMXOP,Month-to-month,Yes,Electronic check
8879-ZKJOF,One year,Yes,Bank transfer (automatic)
6285-FTQBF,Two year,No,Credit card (automatic)
8185-UPYBR,Month-to-month,Yes,Electronic check
4585-HETAI,Month-to-month,Yes,Electronic check
7526-BEZQB,Month-to-month,Yes,Electronic check
1474-JUWSM,One year,Yes,Electronic check
3530-CRZSB,Month-to-month,No,Mailed check
8498-XXGWA,Month-to-month,Yes,Mailed check
9617-INGJY,Month-to-month,Yes,Mailed check
0621-TSSMU,One year,No,Credit card (automatic)
7234-KMNRQ,Month-to-month,No,Mailed check
7636-PEPNS,One year,Yes,Mailed check
4683-WYDOU,Two year,Yes,Bank transfer (automatic)
9052-DHNKM,One year,No,Electronic check
6794-HKIAJ,Month-to-month,No,Bank transfer (automatic)
5578-NKCXI,One year,No,Credit card (automatic)
1642-HMARX,Two year,Yes,Electronic check
3096-WPXBT,One year,Yes,Credit card (automatic)
8434-PNQZX,Two year,Yes,Credit card (automatic)
5950-AAAGJ,Month-to-month,No,Bank transfer (automatic)
4299-OPXEJ,Two year,Yes,Bank transfer (automatic)
4951-UKAAQ,Month-to-month,Yes,Electronic check
9618-LFJRU,Month-to-month,No,Credit card (automatic)
6693-DJWTY,One year,No,Credit card (automatic)
0744-GKNGE,Month-to-month,Yes,Bank transfer (automatic)
6447-EGDIV,One year,No,Mailed check
1167-OYZJF,Two year,Yes,Bank transfer (automatic)
2108-YKQTY,Month-to-month,No,Credit card (automatic)
4806-DXQCE,Two year,Yes,Electronic check
4918-QLLIW,Month-to-month,No,Credit card (automatic)
7056-IMHCC,Month-to-month,Yes,Electronic check
4854-SSLTN,Two year,No,Mailed check
5294-DMSFH,Month-to-month,Yes,Credit card (automatic)
4837-PZTIC,Two year,No,Mailed check
1625-JAIIY,One year,Yes,Electronic check
0603-OLQDC,Month-to-month,Yes,Mailed check
3272-VUHPV,Month-to-month,No,Bank transfer (automatic)
4176-FXYBO,Month-to-month,No,Electronic check
1063-DHQJF,Two year,Yes,Mailed check
8663-UPDGF,Month-to-month,Yes,Bank transfer (automatic)
6719-FGEDO,Two year,Yes,Bank transfer (automatic)
1837-YQUCE,Two year,Yes,Bank transfer (automatic)
2947-DOMLJ,Month-to-month,No,Mailed check
4112-LUEIZ,Month-to-month,Yes,Electronic check
0369-ZGOVK,One year,Yes,Bank transfer (automatic)
4510-HIMLV,Month-to-month,Yes,Electronic check
9919-KNPOO,Month-to-month,Yes,Electronic check
8749-JMNKX,Month-to-month,Yes,Bank transfer (automatic)
7872-BAAZR,One year,No,Bank transfer (automatic)
9391-LMANN,One year,No,Electronic check
2430-USGXP,Month-to-month,Yes,Electronic check
8174-TBVCF,Two year,Yes,Credit card (automatic)
1698-XFZCI,One year,Yes,Electronic check
1877-HKBQX,One year,Yes,Mailed check
4450-DLLMH,Month-to-month,Yes,Credit card (automatic)
0428-AXXLJ,One year,Yes,Bank transfer (automatic)
2746-DIJLO,One year,Yes,Credit card (automatic)
5955-ERIHD,Month-to-month,Yes,Electronic check
0917-EZOLA,Two year,Yes,Bank transfer (automatic)
3508-VLHCZ,Two year,Yes,Credit card (automatic)
4086-ATNFV,One year,Yes,Mailed check
0468-YRPXN,Month-to-month,Yes,Credit card (automatic)
5996-NRVXR,One year,Yes,Credit card (automatic)
3739-YBWAB,One year,No,Mailed check
7047-FWEYA,One year,Yes,Electronic check
2000-MPKCA,One year,Yes,Electronic check
9762-YAQAA,One year,No,Credit card (automatic)
5949-EBSQK,Month-to-month,No,Credit card (automatic)
5473-KHBPS,One year,Yes,Credit card (automatic)
0100-DUVFC,One year,Yes,Electronic check
5397-TUPSH,One year,Yes,Bank transfer (automatic)
8950-MTZNV,Month-to-month,Yes,Mailed check
0326-VDYXE,One year,Yes,Electronic check
6773-LQTVT,Month-to-month,Yes,Mailed check
7274-RTAPZ,Month-to-month,Yes,Electronic check
0436-TWFFZ,Two year,Yes,Mailed check
8566-YPRGL,Month-to-month,Yes,Mailed check
0311-UNPFF,Month-to-month,Yes,Bank transfer (automatic)
6609-MXJHJ,Two year,Yes,Mailed check
2669-OIDSD,Month-to-month,Yes,Credit card (automatic)
8400-WZICQ,Month-to-month,No,Electronic check
3834-XUIFC,Month-to-month,Yes,Mailed check
9576-SYUHJ,Month-to-month,Yes,Electronic check
0410-IPFTY,Month-to-month,Yes,Bank transfer (automatic)
2831-EBWRN,Month-to-month,Yes,Electronic check
9430-NKQLY,Two year,Yes,Credit card (automatic)
8414-MYSHR,Month-to-month,Yes,Electronic check
0247-SLUJI,Month-to-month,No,Mailed check
9402-ORRAH,Month-to-month,Yes,Electronic check
6483-OATDN,Month-to-month,Yes,Credit card (automatic)
1293-HHSHJ,One year,No,Mailed check
4840-ORQXB,Month-to-month,No,Electronic check
7599-FKVXZ,Month-to-month,Yes,Bank transfer (automatic)
3982-DQLUS,Month-to-month,Yes,Electronic check
8610-ZIKJJ,One year,No,Mailed check
3756-VNWDH,One year,Yes,Electronic check
7801-KICAO,Month-to-month,Yes,Electronic check
7673-LPRNY,One year,Yes,Electronic check
8229-TNIQA,Month-to-month,Yes,Mailed check
6060-QBMGV,Two year,No,Credit card (automatic)
7339-POGZN,Month-to-month,No,Electronic check
2828-SLQPF,Month-to-month,Yes,Bank transfer (automatic)
4465-VDKIQ,Month-to-month,No,Electronic check
2921-XWDJH,Month-to-month,Yes,Electronic check
6221-AVQYL,Month-to-month,Yes,Credit card (automatic)
2558-BUOZZ,One year,No,Bank transfer (automatic)
9257-AZMTZ,Two year,No,Bank transfer (automatic)
0003-MKNFE,Month-to-month,No,Mailed check
0975-UYDTX,One year,Yes,Credit card (automatic)
7743-EXURX,Month-to-month,Yes,Electronic check
4682-BLBUC,One year,Yes,Electronic check
0975-VOOVL,Month-to-month,No,Mailed check
5968-VXZLG,Month-to-month,Yes,Bank transfer (automatic)
5569-KGJHX,Month-to-month,Yes,Bank transfer (automatic)
4988-IQIGL,Month-to-month,Yes,Electronic check
5201-FRKKS,Month-to-month,No,Bank transfer (automatic)
9799-CAYJJ,Month-to-month,Yes,Electronic check
7730-IUTDZ,Month-to-month,Yes,Electronic check
0426-TIRNE,Month-to-month,No,Mailed check
5443-SCMKX,One year,Yes,Electronic check
8295-KMENE,Two year,Yes,Mailed check
6738-ISCBM,One year,Yes,Electronic check
9821-BESNZ,One year,Yes,Electronic check
3678-MNGZX,Two year,No,Bank transfer (automatic)
1335-NTIUC,Month-to-month,Yes,Electronic check
2916-BQZLN,Month-to-month,Yes,Electronic check
4558-CGYCZ,Month-to-month,No,Mailed check
2368-GAKKQ,Two year,Yes,Bank transfer (automatic)
8710-YGLWG,Month-to-month,Yes,Mailed check
3199-XGZCY,Month-to-month,Yes,Electronic check
3785-KTYSH,Two year,No,Mailed check
6814-ZPWFQ,One year,No,Bank transfer (automatic)
4063-EIKNQ,Month-to-month,No,Bank transfer (automatic)
6993-YCOBK,Two year,Yes,Electronic check
5206-HPJKM,Month-to-month,Yes,Credit card (automatic)
7587-RZNME,Month-to-month,Yes,Electronic check
0748-RDGGM,One year,Yes,Bank transfer (automatic)
8393-JMVMB,Month-to-month,No,Mailed check
5019-GQVCR,Month-to-month,Yes,Electronic check
6036-TTFYU,Month-to-month,No,Mailed check
2550-AEVRU,One year,No,Electronic check
0969-RGKCU,One year,No,Credit card (automatic)
0378-CJKPV,Two year,No,Credit card (automatic)
4706-AXVKM,Month-to-month,Yes,Credit card (automatic)
5889-JTMUL,Month-to-month,Yes,Electronic check
9026-RNUJS,Month-to-month,No,Electronic check
3746-EUBYR,Month-to-month,Yes,Bank transfer (automatic)
2332-EFBJY,Month-to-month,Yes,Mailed check
2880-FPNAE,Month-to-month,Yes,Electronic check
1703-MGIAB,Month-to-month,Yes,Mailed check
4311-QTTAI,One year,No,Credit card (automatic)
9474-PHLYD,Month-to-month,Yes,Electronic check
4318-RAJVY,One year,Yes,Mailed check
2165-VOEGB,One year,Yes,Bank transfer (automatic)
3612-YUNGG,Two year,Yes,Credit card (automatic)
2254-DLXRI,Month-to-month,Yes,Mailed check
5062-CJJKH,One year,No,Mailed check
9028-LIHRP,Two year,No,Credit card (automatic)
2219-MVUSO,Month-to-month,Yes,Mailed check
1053-MXTTK,Two year,Yes,Bank transfer (automatic)
1530-ZTDOZ,Month-to-month,No,Bank transfer (automatic)
1301-LOPVR,One year,Yes,Credit card (automatic)
0853-TWRVK,Two year,No,Bank transfer (automatic)
8914-RBTSB,Month-to-month,No,Electronic check
6212-ATMLK,Month-to-month,Yes,Electronic check
8200-LGKSR,Two year,No,Electronic check
1568-BEKZM,Two year,No,Credit card (automatic)
0670-ANMUU,One year,No,Credit card (automatic)
6897-RWMUB,Two year,Yes,Bank transfer (automatic)
0963-ZBDRN,Month-to-month,Yes,Electronic check
7594-RQHXR,Month-to-month,Yes,Electronic check
6999-CHVCF,Two year,Yes,Bank transfer (automatic)
6134-KWTBV,Two year,No,Bank transfer (automatic)
1077-HUUJM,Month-to-month,Yes,Electronic check
6331-EWIEB,Month-to-month,Yes,Electronic check
0895-LNKRC,One year,No,Mailed check
2045-BMBTJ,Month-to-month,Yes,Bank transfer (automatic)
8417-GSODA,One year,No,Bank transfer (automatic)
5171-EPLKN,Two year,No,Credit card (automatic)
4452-QIIEB,Month-to-month,No,Mailed check
5998-VVEJY,Month-to-month,Yes,Electronic check
1624-NALOJ,Month-to-month,Yes,Electronic check
6741-EGCBI,Month-to-month,Yes,Credit card (automatic)
7820-ZYGNY,One year,No,Credit card (automatic)
4317-VTEOA,Month-to-month,Yes,Electronic check
9677-AVKED,One year,Yes,Electronic check
1670-SVOWZ,Month-to-month,Yes,Credit card (automatic)
2227-JRSJX,Month-to-month,Yes,Bank transfer (automatic)
9847-HNVGP,One year,No,Mailed check
6696-YDAYZ,Two year,No,Mailed check
8980-WQFWL,Month-to-month,Yes,Electronic check
1730-ZMAME,Month-to-month,Yes,Electronic check
6506-EYCNH,Month-to-month,Yes,Bank transfer (automatic)
4634-JLRJT,Month-to-month,Yes,Mailed check
9501-UKKNL,Month-to-month,Yes,Electronic check
2560-QTSBS,One year,Yes,Bank transfer (automatic)
7541-YLXCL,One year,Yes,Mailed check
4795-WRNVT,Month-to-month,No,Mailed check
6080-TCMYC,Month-to-month,Yes,Electronic check
0260-ZDLGK,Month-to-month,Yes,Mailed check
7860-UXCRM,Two year,No,Credit card (automatic)
6357-JJPQT,Month-to-month,Yes,Electronic check
2292-XQWSV,One year,No,Mailed check
9552-TGUZV,Month-to-month,Yes,Mailed check
5913-INRQV,One year,No,Mailed check
8722-NGNBH,Month-to-month,No,Mailed check
6210-KBBPI,Month-to-month,Yes,Credit card (automatic)
9643-YBLUR,Month-to-month,Yes,Credit card (automatic)
8734-FNWVH,Month-to-month,No,Bank transfer (automatic)
9447-YPTBX,One year,Yes,Bank transfer (automatic)
0133-BMFZO,Month-to-month,Yes,Electronic check
6128-CZOMY,Month-to-month,Yes,Electronic check
9540-JYROE,Month-to-month,Yes,Mailed check
9026-LHEVG,Month-to-month,No,Electronic check
2260-USTRB,Month-to-month,Yes,Bank transfer (automatic)
3656-TKRVZ,Month-to-month,No,Electronic check
7011-CVEUC,Month-to-month,Yes,Credit card (automatic)
6185-TASNN,Month-to-month,No,Electronic check
7925-PNRGI,Month-to-month,No,Mailed check
8623-TMRBY,Month-to-month,Yes,Electronic check
1552-CZCLL,Month-to-month,No,Credit card (automatic)
3038-PQIUY,Month-to-month,Yes,Bank transfer (automatic)
1501-SGHBW,Month-to-month,No,Mailed check
9313-CDOGY,Month-to-month,No,Electronic check
8148-BPLZQ,Month-to-month,Yes,Electronic check
2623-DRYAM,One year,Yes,Electronic check
9987-LUTYD,One year,No,Mailed check
3208-YPIOE,Month-to-month,No,Electronic check
4488-KQFDT,One year,Yes,Electronic check
2612-RANWT,Month-to-month,Yes,Bank transfer (automatic)
5693-PIPCS,Two year,Yes,Credit card (automatic)
0491-KAPQG,Month-to-month,Yes,Electronic check
1925-LFCZZ,One year,Yes,Bank transfer (automatic)
8039-EQPIM,Two year,No,Bank transfer (automatic)
6900-PXRMS,Month-to-month,No,Electronic check
8707-RMEZH,One year,No,Credit card (automatic)
3346-BRMIS,Month-to-month,Yes,Electronic check
3209-ZPKFI,Month-to-month,No,Electronic check
6479-VDGRK,Two year,No,Bank transfer (automatic)
9373-WSLOY,Month-to-month,Yes,Electronic check
2933-FILNV,Month-to-month,Yes,Mailed check
3569-JFODW,Two year,No,Credit card (automatic)
9819-FBNSV,Month-to-month,Yes,Bank transfer (automatic)
9544-PYPSJ,Month-to-month,Yes,Credit card (automatic)
1591-XWLGB,Two year,No,Credit card (automatic)
0396-UKGAI,Month-to-month,Yes,Bank transfer (automatic)
3243-ZHOHY,One year,No,Mailed check
5186-EJEGL,Month-to-month,Yes,Mailed check
7527-QNRUS,Two year,Yes,Mailed check
9986-BONCE,Month-to-month,No,Bank transfer (automatic)
2722-JMONI,Month-to-month,Yes,Electronic check
2203-GHNWN,Month-to-month,Yes,Mailed check
3878-AVSOQ,Month-to-month,Yes,Electronic check
3258-SYSWS,Two year,No,Bank transfer (automatic)
5296-PSYVW,Two year,No,Electronic check
6319-QSUSR,Month-to-month,No,Credit card (automatic)
4083-EUGRJ,Month-to-month,No,Mailed check
7579-OOPEC,Month-to-month,No,Credit card (automatic)
0512-FLFDW,One year,Yes,Credit card (automatic)
1771-OADNZ,Month-to-month,Yes,Electronic check
0487-CRLZF,Two year,Yes,Bank transfer (automatic)
2107-FBPTK,Month-to-month,Yes,Electronic check
9451-WLYRI,One year,No,Credit card (automatic)
8219-VYBVI,Two year,No,Mailed check
1991-VOPLL,Month-to-month,No,Mailed check
9738-QLWTP,One year,No,Electronic check
1016-DJTSV,Month-to-month,Yes,Electronic check
9419-IPPBE,One year,Yes,Electronic check
0174-QRVVY,Two year,No,Credit card (automatic)
5699-BNCAS,Two year,Yes,Mailed check
2900-PHPLN,Two year,Yes,Credit card (automatic)
0612-RTZZA,Month-to-month,No,Electronic check
8106-GWQOK,Two year,Yes,Bank transfer (automatic)
8751-EDEKA,Month-to-month,No,Credit card (automatic)
6878-GGDWG,Month-to-month,No,Bank transfer (automatic)
4039-PIMHX,Two year,No,Mailed check
8450-LUGUK,Two year,Yes,Bank transfer (automatic)
3604-WLABM,Month-to-month,No,Electronic check
0795-GMVQO,One year,No,Credit card (automatic)
2259-OUUSZ,One year,Yes,Credit card (automatic)
1142-IHLOO,One year,No,Credit card (automatic)
6410-LEFEN,Month-to-month,No,Electronic check
4633-MKHYU,Month-to-month,Yes,Mailed check
6257-RJOHI,Month-to-month,Yes,Mailed check
1545-JFUML,Two year,Yes,Electronic check
3194-ORPIK,Month-to-month,Yes,Bank transfer (automatic)
7826-VVKWT,Two year,Yes,Electronic check
1353-GHZOS,One year,Yes,Bank transfer (automatic)
2587-EKXTS,Month-to-month,Yes,Electronic check
5442-BXVND,Month-to-month,No,Bank transfer (automatic)
8816-VXNZD,Month-to-month,Yes,Electronic check
9378-FXTIZ,One year,Yes,Credit card (automatic)
1723-HKXJQ,Month-to-month,Yes,Electronic check
7825-GKXMW,Month-to-month,No,Electronic check
9753-OYLBX,Month-to-month,No,Mailed check
2364-UFROM,One year,No,Electronic check
6656-JWRQX,Month-to-month,No,Mailed check
6473-ULUHT,Month-to-month,No,Electronic check
1240-KNSEZ,Month-to-month,Yes,Mailed check
0836-SEYLU,Month-to-month,No,Mailed check
4433-JCGCG,Month-to-month,Yes,Electronic check
3716-BDVDB,Month-to-month,Yes,Electronic check
7688-AWMDX,Two year,No,Bank transfer (automatic)
2842-BCQGE,Month-to-month,Yes,Credit card (automatic)
7244-QWYHG,One year,Yes,Bank transfer (automatic)
5899-MQZZL,Month-to-month,Yes,Mailed check
6849-OYAMU,One year,No,Bank transfer (automatic)
5312-UXESG,Month-to-month,No,Bank transfer (automatic)
9488-HGMJH,Month-to-month,Yes,Electronic check
6038-GCYEC,Month-to-month,Yes,Credit card (automatic)
2150-WLKUW,One year,No,Bank transfer (automatic)
7159-FVYPK,Month-to-month,Yes,Bank transfer (automatic)
7032-LMBHI,One year,No,Bank transfer (automatic)
1150-WFARN,Two year,Yes,Credit card (automatic)
6088-BXMRG,Month-to-month,Yes,Electronic check
3144-AUDBS,Month-to-month,Yes,Electronic check
4821-SJHJV,Month-to-month,No,Electronic check
7346-MEDWM,Month-to-month,Yes,Electronic check
1137-DGOWI,One year,No,Bank transfer (automatic)
5616-PRTNT,Month-to-month,Yes,Electronic check
3812-LRZIR,Two year,No,Electronic check
4818-QIUFN,Month-to-month,Yes,Electronic check
9483-GCPWE,One year,No,Mailed check
4227-OJHAL,One year,Yes,Credit card (automatic)
9220-CXRSC,Two year,No,Credit card (automatic)
4993-JCRGJ,Month-to-month,Yes,Mailed check
9537-JALFH,Two year,No,Bank transfer (automatic)
6698-OXETB,Two year,No,Mailed check
2103-ZRXFN,Month-to-month,No,Mailed check
3724-BSCVH,One year,No,Mailed check
4877-TSOFF,One year,Yes,Bank transfer (automatic)
9209-NWPGU,One year,No,Electronic check
6961-VCPMC,Month-to-month,Yes,Electronic check
7306-YDSOI,Two year,Yes,Bank transfer (automatic)
5288-AHOUP,Month-to-month,Yes,Electronic check
6688-UZPWD,Month-to-month,Yes,Electronic check
0655-YDGFJ,Month-to-month,No,Bank transfer (automatic)
8468-EHYJA,Month-to-month,Yes,Electronic check
6823-SIDFQ,One year,No,Credit card (automatic)
1097-FSPVW,Month-to-month,No,Credit card (automatic)
2839-RFSQE,Month-to-month,No,Mailed check
8328-SKJNO,One year,No,Bank transfer (automatic)
7010-ZMVBF,Month-to-month,No,Mailed check
5201-CBWYG,One year,No,Bank transfer (automatic)
0968-GSIKN,Month-to-month,Yes,Mailed check
1965-DDBWU,Month-to-month,Yes,Credit card (automatic)
9057-SIHCH,Month-to-month,Yes,Electronic check
6352-GIGGQ,One year,Yes,Bank transfer (automatic)
3635-QQRQD,Two year,Yes,Credit card (automatic)
6771-XWBDM,Month-to-month,Yes,Credit card (automatic)
2897-DOVND,Month-to-month,Yes,Electronic check
3082-YVEKW,Two year,Yes,Bank transfer (automatic)
0191-EQUUH,Two year,No,Bank transfer (automatic)
7134-HBPBS,Two year,Yes,Bank transfer (automatic)
3489-HHPFY,Month-to-month,Yes,Electronic check
2926-JEJJC,One year,Yes,Bank transfer (automatic)
8601-QACRS,Month-to-month,Yes,Mailed check
4950-BDEUX,Month-to-month,No,Electronic check
5789-LDFXO,One year,No,Electronic check
0508-OOLTO,Month-to-month,Yes,Electronic check
2984-TBYKU,Two year,Yes,Credit card (automatic)
9822-WMWVG,Month-to-month,Yes,Electronic check
2391-SOORI,Month-to-month,No,Electronic check
9040-KZVWO,One year,No,Bank transfer (automatic)
2645-QTLMB,Month-to-month,Yes,Electronic check
4806-HIPDW,Month-to-month,Yes,Electronic check
1548-ARAGG,Month-to-month,Yes,Mailed check
6339-RZCBJ,Two year,No,Credit card (automatic)
4424-TKOPW,Month-to-month,Yes,Electronic check
4415-WNGVR,One year,Yes,Electronic check
2522-AHJXR,Month-to-month,Yes,Bank transfer (automatic)
0412-UCCNP,Two year,Yes,Electronic check
1816-FLZDK,Month-to-month,No,Mailed check
7096-UCLNH,Month-to-month,No,Mailed check
8443-ZRDBZ,Month-to-month,Yes,Electronic check
9136-ALYBR,Month-to-month,Yes,Mailed check
4615-PIVVU,Two year,No,Credit card (automatic)
8885-QSQBX,Month-to-month,No,Bank transfer (automatic)
7479-NITWS,Month-to-month,Yes,Credit card (automatic)
8617-ENBDS,Month-to-month,Yes,Credit card (automatic)
9385-NXKDA,Two year,Yes,Credit card (automatic)
0430-IHCDJ,Month-to-month,Yes,Electronic check
2959-MJHIC,Month-to-month,Yes,Electronic check
6674-KVJHG,One year,No,Electronic check
1814-DKOLC,Month-to-month,No,Mailed check
4201-JMNGR,Month-to-month,Yes,Electronic check
9351-HXDMR,Two year,Yes,Credit card (automatic)
3537-HPKQT,Month-to-month,Yes,Credit card (automatic)
2129-ALKBS,Month-to-month,Yes,Electronic check
5821-MMEIL,Two year,No,Bank transfer (automatic)
5960-WPXQM,Month-to-month,Yes,Electronic check
0684-AOSIH,Month-to-month,Yes,Electronic check
8260-NGFNY,Month-to-month,No,Mailed check
1309-XGFSN,One year,Yes,Electronic check
1866-RZZQS,Month-to-month,Yes,Electronic check
6968-URWQU,One year,Yes,Mailed check
4742-TXUEX,Two year,No,Bank transfer (automatic)
9631-XEYKE,Month-to-month,No,Bank transfer (automatic)
8631-NBHFZ,Two year,No,Credit card (automatic)
1335-MXCSE,Two year,Yes,Credit card (automatic)
8873-TMKGR,One year,No,Mailed check
8800-JOOCF,Month-to-month,Yes,Electronic check
1469-LBJQJ,Month-to-month,Yes,Electronic check
4958-XCBDQ,Month-to-month,Yes,Electronic check
8337-UPOAQ,Month-to-month,Yes,Electronic check
0064-YIJGF,Month-to-month,Yes,Bank transfer (automatic)
2386-OWURY,Month-to-month,Yes,Electronic check
1725-IQNIY,Two year,No,Bank transfer (automatic)
0310-VQXAM,Month-to-month,No,Mailed check
6598-RFFVI,One year,No,Credit card (automatic)
3453-RTHJQ,Month-to-month,Yes,Electronic check
6712-OAWRH,Month-to-month,Yes,Electronic check
6278-FEPBZ,Month-to-month,No,Mailed check
4280-DLSHD,Month-to-month,Yes,Mailed check
1508-DFXCU,Month-to-month,Yes,Electronic check
8614-VGMMV,Month-to-month,Yes,Electronic check
7868-BGSZA,One year,Yes,Electronic check
2800-QQUSO,Month-to-month,Yes,Electronic check
2930-UOTMB,Month-to-month,No,Credit card (automatic)
7973-DZRKH,Two year,Yes,Credit card (automatic)
5914-DVBWJ,Month-to-month,Yes,Electronic check
7698-YFGEZ,Month-to-month,No,Mailed check
2533-QVMSK,Two year,Yes,Electronic check
9773-PEQBZ,Month-to-month,No,Electronic check
8644-XLFBW,Month-to-month,Yes,Electronic check
0650-BWOZN,Month-to-month,Yes,Electronic check
8625-AZYZY,Month-to-month,Yes,Electronic check
7785-RDVIG,Month-to-month,No,Mailed check
9602-WCXPI,One year,No,Credit card (automatic)
2903-YYTBW,Month-to-month,No,Electronic check
3620-MWJNE,Month-to-month,Yes,Mailed check
8573-JGCZW,One year,Yes,Bank transfer (automatic)
6837-HAEVO,Two year,Yes,Electronic check
6701-YVNQG,Two year,Yes,Credit card (automatic)
9306-CPCBC,Month-to-month,Yes,Electronic check
4304-XUMGI,Two year,Yes,Bank transfer (automatic)
9504-YAZWB,Two year,No,Mailed check
8819-ZBYNA,Two year,Yes,Credit card (automatic)
6174-NRBTZ,One year,Yes,Bank transfer (automatic)
9481-IEBZY,Month-to-month,Yes,Credit card (automatic)
1833-VGRUM,Month-to-month,Yes,Electronic check
6137-NICCO,Month-to-month,Yes,Mailed check
9065-ZCPQX,Two year,No,Bank transfer (automatic)
6402-EJMWF,Month-to-month,Yes,Mailed check
3620-EHIMZ,Two year,No,Mailed check
6870-ECSHE,One year,No,Mailed check
8747-UDCOI,Two year,No,Bank transfer (automatic)
8374-XGEJJ,Month-to-month,Yes,Electronic check
2656-TABEH,Month-to-month,Yes,Electronic check
6946-LMSQS,One year,Yes,Electronic check
4626-OZDTJ,One year,Yes,Credit card (automatic)
9169-BSVIN,Month-to-month,No,Bank transfer (automatic)
2325-ZUSFD,One year,Yes,Bank transfer (automatic)
8194-PEEBY,One year,No,Mailed check
6872-HXFNF,One year,No,Bank transfer (automatic)
3932-CMDTD,One year,Yes,Electronic check
7714-YXSMB,Month-to-month,Yes,Bank transfer (automatic)
8387-UGUSU,Month-to-month,No,Mailed check
1080-BWSYE,Two year,No,Credit card (automatic)
4039-HEUNW,Month-to-month,Yes,Electronic check
1194-HVAIF,Month-to-month,No,Credit card (automatic)
0812-WUPTB,Month-to-month,No,Mailed check
3594-UVONA,One year,Yes,Credit card (automatic)
0004-TLHLJ,Month-to-month,Yes,Electronic check
1767-TGTKO,Month-to-month,Yes,Electronic check
8439-LTUGF,Month-to-month,Yes,Credit card (automatic)
8805-JNRAZ,Month-to-month,No,Mailed check
5089-IFSDP,Two year,Yes,Bank transfer (automatic)
6418-HNFED,Two year,Yes,Credit card (automatic)
0206-OYVOC,Two year,Yes,Mailed check
7291-CDTMJ,Month-to-month,Yes,Bank transfer (automatic)
7128-GGCNO,Month-to-month,No,Bank transfer (automatic)
0237-YFUTL,Month-to-month,Yes,Bank transfer (automatic)
7691-KGKGP,Month-to-month,No,Credit card (automatic)
6710-HSJRD,Month-to-month,Yes,Electronic check
3675-EQOZA,Month-to-month,No,Bank transfer (automatic)
0840-DCNZE,One year,Yes,Bank transfer (automatic)
1732-FEKLD,One year,Yes,Bank transfer (automatic)
9862-KJTYK,Month-to-month,Yes,Credit card (automatic)
0479-HMSWA,Two year,Yes,Electronic check
5854-KSRBJ,Two year,No,Mailed check
0365-BZUWY,Month-to-month,Yes,Electronic check
4817-VYYWS,Month-to-month,Yes,Electronic check
5701-SVCWR,Month-to-month,No,Mailed check
3129-AAQOU,Two year,No,Mailed check
4922-CVPDX,Two year,Yes,Credit card (automatic)
1396-QWFBJ,Month-to-month,Yes,Bank transfer (automatic)
1357-BIJKI,One year,Yes,Electronic check
1099-BTKWT,One year,Yes,Electronic check
5299-SJCZT,Month-to-month,Yes,Bank transfer (automatic)
2018-PZKMU,Month-to-month,No,Electronic check
7340-KEFQE,Two year,No,Bank transfer (automatic)
4570-QHXHL,Month-to-month,Yes,Electronic check
2403-BCASL,One year,Yes,Electronic check
7392-YYPYJ,Month-to-month,Yes,Electronic check
2898-LSJGD,One year,Yes,Electronic check
2223-GDSHL,Two year,Yes,Bank transfer (automatic)
7359-PTSXY,Month-to-month,No,Electronic check
9470-RTWDV,One year,Yes,Credit card (automatic)
2176-OSJUV,Two year,No,Bank transfer (automatic)
9348-YVOMK,Month-to-month,Yes,Credit card (automatic)
8104-OSKWT,Month-to-month,Yes,Electronic check
4521-YEEHE,Month-to-month,Yes,Electronic check
4090-KPJIP,Month-to-month,Yes,Electronic check
3786-WOVKF,One year,Yes,Bank transfer (automatic)
4503-BDXBD,Month-to-month,No,Electronic check
6086-ESGRL,Month-to-month,No,Credit card (automatic)
2592-HODOV,One year,No,Credit card (automatic)
3886-CERTZ,One year,Yes,Electronic check
7995-ZHHNZ,One year,No,Credit card (automatic)
3824-RHKVR,Month-to-month,No,Credit card (automatic)
5816-SCGFC,Month-to-month,Yes,Mailed check
5989-AXPUC,Two year,No,Mailed check
4979-HPRFL,Two year,No,Bank transfer (automatic)
8590-OHDIW,One year,No,Mailed check
8015-IHCGW,Two year,Yes,Electronic check
2332-TODQS,One year,No,Credit card (automatic)
9278-VZKCD,Month-to-month,Yes,Electronic check
8008-OTEZX,One year,No,Mailed check
2773-OVBPK,Two year,Yes,Bank transfer (automatic)
5999-LCXAO,Month-to-month,No,Mailed check
5206-XZZQI,Month-to-month,Yes,Mailed check
4803-LBYPN,Month-to-month,No,Mailed check
5759-RCVCB,Month-to-month,No,Credit card (automatic)
6372-RFVNS,Month-to-month,No,Electronic check
2139-FQHLM,Month-to-month,No,Mailed check
8261-GWDBQ,Two year,Yes,Bank transfer (automatic)
1093-YSWCA,Two year,No,Credit card (automatic)
8938-UMKPI,Month-to-month,Yes,Electronic check
0991-BRRFB,Month-to-month,No,Electronic check
3882-IYOIJ,Two year,No,Credit card (automatic)
8749-TZYEC,Two year,No,Credit card (automatic)
1755-FZQEC,One year,No,Mailed check
3115-JPJDD,One year,Yes,Credit card (automatic)
5600-KTXFM,Month-to-month,No,Mailed check
3871-IKPYH,Month-to-month,No,Electronic check
6319-IEJWJ,Month-to-month,Yes,Electronic check
9025-AOMKI,Month-to-month,Yes,Bank transfer (automatic)
6339-TBELP,Two year,Yes,Credit card (automatic)
7964-YESJC,Month-to-month,No,Mailed check
6173-GOLSU,Month-to-month,Yes,Credit card (automatic)
5275-SQEIZ,Month-to-month,Yes,Mailed check
7716-YTYHG,One year,Yes,Mailed check
9938-ZREHM,One year,No,Mailed check
7950-XWOVN,Month-to-month,No,Mailed check
4390-KYULV,Month-to-month,Yes,Credit card (automatic)
4647-MUZON,Month-to-month,Yes,Credit card (automatic)
9702-AIUJO,One year,Yes,Bank transfer (automatic)
8849-PRIQJ,One year,Yes,Electronic check
8851-RAGOV,Month-to-month,Yes,Mailed check
1304-NECVQ,Month-to-month,Yes,Electronic check
5396-IZEPB,Month-to-month,No,Credit card (automatic)
1729-VLAZJ,One year,No,Mailed check
8285-ABVLB,Two year,No,Credit card (automatic)
0701-TJSEF,Month-to-month,Yes,Bank transfer (automatic)
5712-VBOXD,Month-to-month,Yes,Credit card (automatic)
6629-LADHQ,Month-to-month,No,Mailed check
8945-GRKHX,Month-to-month,No,Electronic check
1559-DTODC,Month-to-month,Yes,Bank transfer (automatic)
4797-MIWUM,Month-to-month,Yes,Bank transfer (automatic)
6959-UWKHF,Month-to-month,Yes,Electronic check
8720-RQSBJ,Month-to-month,No,Electronic check
4537-CIBHB,One year,No,Mailed check
3815-SLMEF,Month-to-month,No,Mailed check
5154-VEKBL,Month-to-month,No,Mailed check
4324-AHJKS,Month-to-month,No,Credit card (automatic)
4355-CVPVS,One year,No,Bank transfer (automatic)
4495-LHSSK,Month-to-month,No,Mailed check
5655-JSMZM,Month-to-month,Yes,Electronic check
5915-ANOEI,Two year,No,Mailed check
9861-PDSZP,Two year,Yes,Credit card (automatic)
4505-EXZHB,Month-to-month,No,Electronic check
7225-CBZPL,Month-to-month,Yes,Electronic check
6704-UTUKK,Month-to-month,Yes,Electronic check
4587-VVTOX,Month-to-month,Yes,Electronic check
2019-HDCZY,Two year,No,Electronic check
4652-NNHNY,Month-to-month,Yes,Bank transfer (automatic)
8788-DOXSU,One year,Yes,Bank transfer (automatic)
7404-JLKQG,Month-to-month,No,Electronic check
7421-ZLUPA,Month-to-month,Yes,Mailed check
8972-HJWNV,Month-to-month,Yes,Electronic check
3274-NSDWE,Two year,No,Credit card (automatic)
2632-IVXVF,Two year,No,Credit card (automatic)
3692-JHONH,One year,Yes,Electronic check
8915-NNTRC,Two year,Yes,Credit card (automatic)
5914-GXMDA,One year,No,Mailed check
7463-IFMQU,Two year,No,Bank transfer (automatic)
2920-RNCEZ,Month-to-month,Yes,Credit card (automatic)
2541-YGPKE,One year,No,Credit card (automatic)
8515-OCTJS,Two year,No,Credit card (automatic)
5382-TEMLV,Month-to-month,Yes,Bank transfer (automatic)
3441-CGZJH,One year,Yes,Credit card (automatic)
9592-ERDKV,One year,No,Mailed check
2860-RANUS,Month-to-month,Yes,Credit card (automatic)
5261-QSHQM,Month-to-month,Yes,Electronic check
4778-IZARL,Two year,Yes,Credit card (automatic)
0432-CAJZV,Month-to-month,No,Mailed check
7008-LZVOZ,Two year,Yes,Credit card (automatic)
8868-WOZGU,Month-to-month,Yes,Electronic check
1200-TUZHR,Month-to-month,No,Electronic check
9365-CSLBQ,Two year,No,Mailed check
1334-FJSVR,Month-to-month,Yes,Electronic check
5884-FBCTL,Two year,No,Bank transfer (automatic)
7130-CTCUS,Month-to-month,Yes,Bank transfer (automatic)
6242-FEGFD,Two year,No,Mailed check
7625-XCQRH,Month-to-month,Yes,Electronic check
6194-HBGQN,One year,Yes,Credit card (automatic)
7634-WSWDB,Month-to-month,Yes,Electronic check
6986-IXNDM,Month-to-month,Yes,Electronic check
1731-TVIUK,Month-to-month,Yes,Electronic check
2987-BJXIK,Two year,No,Mailed check
9769-TSBZE,Two year,No,Electronic check
0406-BPDVR,One year,Yes,Credit card (automatic)
0618-XWMSS,Month-to-month,Yes,Bank transfer (automatic)
1395-WSWXR,Two year,No,Mailed check
6023-GSSXW,Two year,Yes,Credit card (automatic)
6752-APNJL,Month-to-month,No,Mailed check
5276-KQWHG,Month-to-month,Yes,Electronic check
0420-HLGXF,Month-to-month,Yes,Electronic check
7446-KQISO,Two year,Yes,Bank transfer (automatic)
9823-EALYC,Two year,Yes,Bank transfer (automatic)
0582-AVCLN,Two year,No,Mailed check
5803-NQJZO,Two year,Yes,Bank transfer (automatic)
2565-JSLRY,Month-to-month,Yes,Mailed check
2607-DHDAK,Two year,Yes,Credit card (automatic)
1073-XXCZD,Two year,No,Bank transfer (automatic)
0743-HRVFF,One year,Yes,Electronic check
4006-HKYHO,Two year,Yes,Bank transfer (automatic)
3727-JEZTU,Month-to-month,No,Mailed check
8143-ETQTI,Two year,Yes,Mailed check
6689-KXGBO,Month-to-month,No,Electronic check
9667-TKTVZ,Month-to-month,Yes,Mailed check
3657-COGMW,Month-to-month,No,Credit card (automatic)
8570-KLJYJ,One year,No,Mailed check
7754-IXRMC,Month-to-month,No,Mailed check
9473-CBZOP,One year,No,Mailed check
2969-WGHQO,One year,No,Electronic check
6615-NGGZJ,Month-to-month,Yes,Electronic check
4334-HOWRP,Two year,Yes,Credit card (automatic)
4255-DDUOU,Month-to-month,Yes,Mailed check
5863-OOKCL,Month-to-month,No,Mailed check
1686-STUHN,One year,No,Bank transfer (automatic)
1329-VHWNP,Month-to-month,No,Bank transfer (automatic)
2984-MIIZL,Month-to-month,Yes,Bank transfer (automatic)
0266-GMEAO,Two year,Yes,Credit card (automatic)
5590-YRFJT,Month-to-month,Yes,Electronic check
5574-NXZIU,Two year,No,Credit card (automatic)
0019-GFNTW,Two year,No,Bank transfer (automatic)
4256-ZWTZI,Month-to-month,Yes,Mailed check
8309-PPCED,Two year,Yes,Bank transfer (automatic)
4098-NAUKP,Month-to-month,Yes,Electronic check
5196-WPYOW,One year,No,Mailed check
4608-LCIMN,Month-to-month,No,Bank transfer (automatic)
1485-YDHMM,Month-to-month,Yes,Bank transfer (automatic)
4054-CUMIA,Month-to-month,Yes,Mailed check
0603-TPMIB,Two year,No,Mailed check
2525-GVKQU,Two year,No,Mailed check
8161-QYMTT,Month-to-month,Yes,Electronic check
9581-GVBXT,One year,No,Mailed check
5862-BRIXZ,Two year,Yes,Bank transfer (automatic)
5404-GGUKR,Month-to-month,Yes,Electronic check
3308-JSGML,Two year,Yes,Credit card (automatic)
2126-GSEGL,Two year,Yes,Bank transfer (automatic)
3677-TNKIO,Month-to-month,Yes,Credit card (automatic)
0440-QEXBZ,Month-to-month,Yes,Mailed check
2434-EEVDB,Two year,Yes,Credit card (automatic)
6762-QVYJO,Two year,No,Mailed check
6199-IWKGC,One year,No,Electronic check
2675-DHUTR,Month-to-month,Yes,Electronic check
8152-VETUR,Two year,Yes,Credit card (automatic)
9667-EQRXU,Month-to-month,Yes,Electronic check
7446-YPODE,Month-to-month,No,Bank transfer (automatic)
9522-BNTHX,Month-to-month,Yes,Electronic check
4676-WLUHT,Two year,No,Bank transfer (automatic)
3329-WDIOK,Month-to-month,Yes,Electronic check
7980-MHFLQ,Two year,No,Mailed check
2873-ZLIWT,Month-to-month,Yes,Electronic check
3415-TAILE,Month-to-month,No,Mailed check
0757-WCUUZ,Two year,No,Credit card (automatic)
1629-DQQVB,Month-to-month,No,Bank transfer (automatic)
1915-IOFGU,Month-to-month,No,Electronic check
3045-XETSH,Month-to-month,Yes,Electronic check
0374-AACSZ,Month-to-month,No,Electronic check
7239-HZZCX,Month-to-month,No,Mailed check
4872-VXRIL,One year,Yes,Bank transfer (automatic)
9140-CZQZZ,Two year,Yes,Bank transfer (automatic)
3423-HHXAO,One year,Yes,Mailed check
9938-TKDGL,Two year,Yes,Electronic check
0531-ZZJWQ,Month-to-month,Yes,Electronic check
6537-QLGEX,Month-to-month,Yes,Electronic check
2688-BHGOG,Month-to-month,Yes,Electronic check
7683-CBDKJ,Month-to-month,Yes,Electronic check
0946-CLJTI,Month-to-month,Yes,Electronic check
3160-TYXLT,Month-to-month,Yes,Bank transfer (automatic)
1325-USMEC,Two year,Yes,Credit card (automatic)
0916-QOFDP,Month-to-month,Yes,Electronic check
0628-CNQRM,One year,Yes,Bank transfer (automatic)
5606-AMZBO,Month-to-month,Yes,Credit card (automatic)
6199-IPCAO,Two year,No,Mailed check
7665-TOALD,Month-to-month,Yes,Electronic check
0112-QWPNC,One year,No,Electronic check
0324-BRPCJ,Month-to-month,Yes,Electronic check
2777-PHDEI,Month-to-month,No,Electronic check
5640-CAXOA,One year,Yes,Credit card (automatic)
2235-EZAIK,Two year,No,Credit card (automatic)
3847-BAERP,Month-to-month,Yes,Mailed check
1196-AMORA,Month-to-month,No,Electronic check
4282-YMKNA,Month-to-month,Yes,Electronic check
1453-RZFON,Month-to-month,No,Mailed check
8263-OKETD,Month-to-month,Yes,Credit card (automatic)
0670-KDOMA,Month-to-month,Yes,Mailed check
2476-YGEFM,Month-to-month,Yes,Credit card (automatic)
8687-BAFGU,Month-to-month,No,Electronic check
0641-EVBOJ,Month-to-month,Yes,Mailed check
0829-XXPLX,Month-to-month,Yes,Bank transfer (automatic)
9974-JFBHQ,Month-to-month,Yes,Credit card (automatic)
5356-RHIPP,Month-to-month,Yes,Mailed check
6624-JDRDS,Month-to-month,No,Bank transfer (automatic)
0608-JDVEC,Two year,No,Electronic check
9780-FKVVF,Month-to-month,Yes,Bank transfer (automatic)
1919-RTPQD,Month-to-month,No,Electronic check
5214-NLTIT,Two year,Yes,Credit card (automatic)
3345-PBBFH,Month-to-month,Yes,Bank transfer (automatic)
5055-BRMNE,Two year,No,Credit card (automatic)
9189-JWSHV,Month-to-month,Yes,Electronic check
2190-PHBHR,Two year,Yes,Credit card (automatic)
2650-GYRYL,One year,Yes,Bank transfer (automatic)
0746-JTRFU,Month-to-month,Yes,Electronic check
5208-FVQKB,Two year,No,Mailed check
7184-LRUUR,One year,No,Bank transfer (automatic)
6627-CFOSN,Month-to-month,Yes,Bank transfer (automatic)
3982-JGSFD,One year,Yes,Credit card (automatic)
1574-DYCWE,Two year,No,Mailed check
7247-XOZPB,One year,No,Bank transfer (automatic)
2466-FCCPT,One year,No,Bank transfer (automatic)
6211-WWLTF,Two year,No,Credit card (automatic)
4826-TZEVA,Month-to-month,No,Credit card (automatic)
6016-NXBNJ,One year,Yes,Mailed check
9138-EFSMO,One year,No,Bank transfer (automatic)
0576-WNXXC,Month-to-month,Yes,Electronic check
4632-XJMEX,One year,No,Credit card (automatic)
8910-LEDAG,Month-to-month,No,Credit card (automatic)
3452-GWUIN,Month-to-month,Yes,Electronic check
2716-GFZOR,Month-to-month,Yes,Credit card (automatic)
3724-UCSHY,Month-to-month,No,Mailed check
8626-XHBIE,Two year,Yes,Mailed check
4628-CTTLA,Month-to-month,Yes,Electronic check
3192-LNKRK,Month-to-month,Yes,Mailed check
4439-YRNVD,Month-to-month,No,Electronic check
2876-VBBBL,Month-to-month,Yes,Mailed check
6834-NXDCA,Month-to-month,Yes,Electronic check
2208-UGTGR,Month-to-month,No,Electronic check
3005-TYFRD,Month-to-month,Yes,Credit card (automatic)
8670-MEFCP,Two year,Yes,Credit card (automatic)
3079-BCHLN,One year,No,Bank transfer (automatic)
7777-UNYHB,Month-to-month,Yes,Credit card (automatic)
5597-GLBUC,Month-to-month,Yes,Electronic check
7278-CKDNC,Month-to-month,Yes,Electronic check
2748-MYRVK,One year,No,Bank transfer (automatic)
8450-UYIBU,Month-to-month,Yes,Electronic check
2969-VAPYH,One year,No,Credit card (automatic)
4822-YCXMX,Month-to-month,Yes,Electronic check
7181-OQCUT,Month-to-month,No,Mailed check
8474-UMLNT,Month-to-month,No,Bank transfer (automatic)
9821-POOTN,Month-to-month,Yes,Electronic check
3836-FZSDJ,Two year,No,Bank transfer (automatic)
9142-XMYJH,Month-to-month,No,Credit card (automatic)
6559-ILWKJ,Two year,No,Electronic check
0187-QSXOE,Month-to-month,Yes,Electronic check
7733-UDMTP,Month-to-month,Yes,Electronic check
2649-HWLYB,Two year,No,Bank transfer (automatic)
5214-CHIWJ,One year,No,Mailed check
4229-CZMLL,Month-to-month,Yes,Electronic check
6904-JLBGY,Two year,Yes,Credit card (automatic)
2465-BLLEU,Month-to-month,Yes,Mailed check
1685-VAYJF,Month-to-month,No,Credit card (automatic)
8874-EJNSR,Two year,No,Mailed check
6917-YACBP,Month-to-month,Yes,Electronic check
5049-MUBWG,One year,No,Bank transfer (automatic)
4223-WOZCM,Month-to-month,No,Mailed check
0769-MURVM,Two year,No,Bank transfer (automatic)
9253-VIFJQ,One year,No,Credit card (automatic)
7030-FZTFM,Two year,No,Credit card (automatic)
9741-YLNTD,Month-to-month,Yes,Bank transfer (automatic)
5917-RYRMG,One year,No,Credit card (automatic)
5120-ZBLAI,One year,No,Bank transfer (automatic)
1194-BHJYC,Two year,Yes,Mailed check
3663-MITLP,Month-to-month,Yes,Electronic check
0906-QVPMS,Two year,No,Bank transfer (automatic)
9025-ZRPVR,Month-to-month,Yes,Mailed check
1905-OEILC,Month-to-month,No,Mailed check
7858-GTZSP,Month-to-month,Yes,Electronic check
3285-UCQVC,Month-to-month,No,Credit card (automatic)
6248-BSHKG,One year,No,Mailed check
4685-TFLLS,One year,No,Bank transfer (automatic)
3470-BTGQO,Month-to-month,No,Mailed check
1209-VFFOC,Two year,Yes,Mailed check
8224-DWCKX,Month-to-month,Yes,Credit card (automatic)
5482-PLVPE,Month-to-month,No,Electronic check
4553-DVPZG,Month-to-month,Yes,Electronic check
4902-OHLSK,Month-to-month,No,Electronic check
6917-IAYHD,Month-to-month,No,Mailed check
0495-ZBNGW,Month-to-month,Yes,Bank transfer (automatic)
8620-RJPZN,Month-to-month,No,Electronic check
7572-KPVKK,Two year,Yes,Electronic check
2642-MAWLJ,Two year,No,Bank transfer (automatic)
2357-COQEK,Month-to-month,Yes,Electronic check
7103-ZGVNT,One year,No,Credit card (automatic)
3737-GCSPV,Month-to-month,Yes,Credit card (automatic)
2027-WKXMW,Month-to-month,Yes,Electronic check
7137-NAXML,One year,No,Bank transfer (automatic)
2428-ZMCTB,Month-to-month,No,Credit card (automatic)
2961-VNFKL,Two year,Yes,Credit card (automatic)
1768-HNVGJ,Month-to-month,Yes,Electronic check
6963-KQYQB,Two year,No,Mailed check
5934-RMPOV,Month-to-month,Yes,Electronic check
1207-BLKSA,Two year,No,Mailed check
4088-YLDSU,One year,Yes,Electronic check
8316-BBQAY,Two year,No,Credit card (automatic)
1166-PQLGG,Two year,No,Bank transfer (automatic)
3146-JTQHR,One year,No,Bank transfer (automatic)
4291-YZODP,One year,No,Mailed check
4395-PZMSN,Month-to-month,Yes,Electronic check
6427-FEFIG,Two year,No,Credit card (automatic)
0017-IUDMW,Two year,Yes,Credit card (automatic)
8706-HRADD,Month-to-month,Yes,Mailed check
9955-QOPOY,One year,Yes,Credit card (automatic)
4385-ZKVNW,Month-to-month,Yes,Bank transfer (automatic)
5446-DKWYW,One year,Yes,Electronic check
2034-CGRHZ,Month-to-month,Yes,Credit card (automatic)
5797-APWZC,Month-to-month,No,Electronic check
3683-QKIUE,Month-to-month,Yes,Bank transfer (automatic)
4228-ZGYUW,Month-to-month,Yes,Electronic check
9031-ZVQPT,Two year,Yes,Electronic check
2990-IAJSV,Two year,No,Bank transfer (automatic)
8107-KNCIM,Month-to-month,Yes,Electronic check
9027-YFHQJ,Month-to-month,Yes,Bank transfer (automatic)
5176-LDKUH,One year,No,Electronic check
4644-OBGFZ,One year,No,Mailed check
7926-IJOOU,Month-to-month,No,Credit card (automatic)
6480-YAGIY,One year,No,Credit card (automatic)
4029-HPFVY,Month-to-month,Yes,Mailed check
7602-DBTOU,Two year,No,Mailed check
5345-BMKWB,Month-to-month,No,Mailed check
3519-ZKXGG,Month-to-month,Yes,Electronic check
5457-COLHT,Two year,No,Bank transfer (automatic)
6416-TVAIH,Month-to-month,Yes,Electronic check
5451-YHYPW,Two year,Yes,Credit card (automatic)
5108-ADXWO,Month-to-month,Yes,Electronic check
7998-WNZEM,Two year,No,Bank transfer (automatic)
3066-RRJIO,Month-to-month,Yes,Mailed check
4664-NJCMS,Two year,No,Bank transfer (automatic)
0307-BCOPK,One year,No,Mailed check
7629-WFGLW,One year,No,Electronic check
2542-HYGIQ,Month-to-month,No,Credit card (automatic)
6715-OFDBP,Month-to-month,Yes,Electronic check
5016-LIPDW,One year,No,Mailed check
6481-LXPWL,One year,Yes,Credit card (automatic)
1567-DSCIC,Month-to-month,Yes,Electronic check
2150-UWTFY,Month-to-month,No,Mailed check
6124-ACRHJ,Month-to-month,No,Mailed check
9362-MWODR,Month-to-month,Yes,Credit card (automatic)
9975-GPKZU,Two year,No,Credit card (automatic)
9625-RZFUK,Two year,No,Mailed check
5153-LXKDT,Two year,Yes,Electronic check
5161-UBZXI,Two year,Yes,Credit card (automatic)
1020-JPQOW,Month-to-month,No,Electronic check
7919-ZODZZ,One year,Yes,Mailed check
0565-JUPYD,One year,No,Credit card (automatic)
6867-ACCZI,Two year,Yes,Mailed check
5939-XAIXZ,Month-to-month,Yes,Mailed check
9054-FOWNV,Month-to-month,Yes,Electronic check
2683-BPJSO,Month-to-month,Yes,Electronic check
2157-MXBJS,One year,Yes,Mailed check
8207-VVMYB,Two year,Yes,Bank transfer (automatic)
9732-EQMWY,Month-to-month,No,Electronic check
9360-AHGNL,One year,Yes,Mailed check
1087-UDSIH,Month-to-month,Yes,Mailed check
5269-NRGDP,One year,No,Electronic check
6195-MELTI,One year,Yes,Mailed check
5485-WUYWF,Month-to-month,No,Bank transfer (automatic)
2121-JAFOM,Two year,Yes,Credit card (automatic)
8818-DOPVL,Month-to-month,Yes,Electronic check
2632-UCGVD,Month-to-month,Yes,Credit card (automatic)
5445-PZWGX,One year,No,Electronic check
1227-UDMZR,Two year,Yes,Bank transfer (automatic)
5198-HQAEN,One year,Yes,Electronic check
9170-CCKOU,Month-to-month,No,Credit card (automatic)
2167-FQSTQ,Two year,Yes,Electronic check
2819-GWENI,One year,No,Mailed check
1043-YCUTE,Two year,Yes,Credit card (automatic)
3814-MLAXC,Month-to-month,Yes,Credit card (automatic)
3572-UUHRS,One year,No,Bank transfer (automatic)
2692-PFYTJ,Month-to-month,Yes,Mailed check
1226-UDFZR,Month-to-month,Yes,Mailed check
5955-EPOAZ,Month-to-month,Yes,Mailed check
6821-JPCDC,One year,Yes,Electronic check
8815-LMFLX,Month-to-month,Yes,Bank transfer (automatic)
9135-HSWOC,Two year,Yes,Bank transfer (automatic)
8582-KRHPJ,Month-to-month,Yes,Mailed check
5811-IWXYM,One year,No,Bank transfer (automatic)
7044-YAACC,Month-to-month,Yes,Electronic check
8189-XRIKE,Month-to-month,No,Electronic check
1506-YJTYT,Two year,No,Credit card (automatic)
4123-DVHPH,Month-to-month,Yes,Electronic check
6425-YQLLO,One year,Yes,Credit card (automatic)
5442-UTCVD,Month-to-month,No,Electronic check
2228-BZDEE,Two year,No,Mailed check
7734-DBOAI,Month-to-month,No,Electronic check
2789-CZANW,Two year,No,Bank transfer (automatic)
2091-RFFBA,Month-to-month,Yes,Electronic check
2114-MGINA,Month-to-month,Yes,Mailed check
7596-LDUXP,One year,Yes,Credit card (automatic)
3740-RLMVT,One year,Yes,Bank transfer (automatic)
4489-SNOJF,Month-to-month,No,Electronic check
2192-OZITF,Two year,No,Mailed check
5651-CPDND,Month-to-month,No,Mailed check
2186-QZEYA,Month-to-month,Yes,Bank transfer (automatic)
1131-ALZWV,One year,No,Bank transfer (automatic)
7729-XBTWX,Two year,Yes,Mailed check
9134-WYRVP,One year,No,Mailed check
3284-SVCRO,Two year,No,Mailed check
9732-OUYRN,One year,No,Credit card (automatic)
0559-CKHUS,Two year,Yes,Mailed check
2931-SVLTV,Month-to-month,Yes,Credit card (automatic)
6899-PPEEA,Month-to-month,Yes,Electronic check
7504-UWHNB,Month-to-month,No,Electronic check
2582-FFFZR,Month-to-month,Yes,Electronic check
8908-NMQTX,Two year,Yes,Bank transfer (automatic)
2187-LZGPL,Month-to-month,Yes,Credit card (automatic)
1431-AIDJQ,Two year,No,Credit card (automatic)
6288-LBEAR,Month-to-month,Yes,Mailed check
4597-NUCQV,Month-to-month,Yes,Electronic check
9019-QVLZD,Month-to-month,No,Electronic check
8413-YNHNV,Two year,No,Mailed check
5808-TOTXO,One year,Yes,Credit card (automatic)
4369-NYSCF,One year,Yes,Bank transfer (automatic)
6333-YDVLT,One year,Yes,Credit card (automatic)
5324-KTGCG,One year,No,Electronic check
5599-HVLTW,Month-to-month,Yes,Bank transfer (automatic)
7394-LWLYN,Month-to-month,Yes,Electronic check
3707-LRWZD,One year,No,Electronic check
6873-UDNLD,Month-to-month,No,Electronic check
2700-LUEVA,Month-to-month,No,Credit card (automatic)
1455-ESIQH,Month-to-month,Yes,Electronic check
0958-YHXGP,Month-to-month,Yes,Mailed check
1101-SSWAG,Month-to-month,Yes,Electronic check
2979-SXESE,Month-to-month,No,Electronic check
4013-TLDHQ,Month-to-month,Yes,Electronic check
5743-KHMNA,Two year,No,Bank transfer (automatic)
4194-FJARJ,Two year,No,Bank transfer (automatic)
5325-UWTWJ,Month-to-month,Yes,Credit card (automatic)
3969-GYXEL,Month-to-month,No,Electronic check
9208-OLGAQ,Month-to-month,Yes,Electronic check
3244-CQPHU,Two year,Yes,Bank transfer (automatic)
2674-MLXMN,Month-to-month,Yes,Credit card (automatic)
9708-HPXWZ,Month-to-month,No,Credit card (automatic)
6992-TKNYO,One year,No,Credit card (automatic)
4468-YDOVK,Month-to-month,Yes,Bank transfer (automatic)
3754-DXMRT,Month-to-month,Yes,Electronic check
5792-JALQC,Two year,No,Bank transfer (automatic)
7130-VTEWQ,Month-to-month,Yes,Electronic check
2200-DSAAL,Two year,Yes,Electronic check
4302-ZYFEL,One year,Yes,Credit card (automatic)
9351-LZYGF,Month-to-month,Yes,Credit card (automatic)
4366-CTOUZ,Two year,Yes,Mailed check
6121-VZNQB,Month-to-month,Yes,Mailed check
7903-CMPEY,Month-to-month,Yes,Electronic check
1518-OMDIK,Month-to-month,Yes,Credit card (automatic)
6671-NGWON,Month-to-month,No,Mailed check
0595-ITUDF,Month-to-month,Yes,Electronic check
6996-KNSML,Month-to-month,Yes,Electronic check
1955-IBMMB,Two year,Yes,Bank transfer (automatic)
0096-BXERS,Month-to-month,No,Electronic check
3806-YAZOV,Month-to-month,No,Mailed check
7998-ZLXWN,Month-to-month,No,Credit card (automatic)
6253-WRFHY,One year,Yes,Electronic check
9133-AYJZG,Month-to-month,Yes,Credit card (automatic)
2675-OTVVJ,Month-to-month,No,Electronic check
8680-CGLTP,One year,Yes,Electronic check
8430-TWCBX,One year,No,Credit card (automatic)
5018-GWURO,Month-to-month,Yes,Bank transfer (automatic)
6741-QRLUP,Two year,Yes,Credit card (automatic)
4737-HOBAX,Two year,No,Credit card (automatic)
0537-QYZZN,Month-to-month,Yes,Electronic check
3340-QBBFM,One year,No,Credit card (automatic)
1704-NRWYE,Month-to-month,Yes,Electronic check
2592-SEIFQ,Month-to-month,No,Electronic check
8200-KLNYW,One year,No,Mailed check
3372-CDXFJ,One year,No,Bank transfer (automatic)
4781-ZXYGU,Month-to-month,Yes,Bank transfer (automatic)
7632-YUTXB,One year,No,Mailed check
2718-YSKCS,Two year,Yes,Bank transfer (automatic)
9896-UYMIE,One year,Yes,Bank transfer (automatic)
0853-NWIFK,One year,Yes,Electronic check
8212-CRQXP,Month-to-month,Yes,Credit card (automatic)
6980-CDGFC,One year,Yes,Bank transfer (automatic)
7691-XVTZH,Two year,Yes,Bank transfer (automatic)
7481-ATQQS,Month-to-month,Yes,Credit card (automatic)
2277-VWCNI,Month-to-month,No,Mailed check
1088-CNNKB,One year,No,Credit card (automatic)
8642-GVWRF,Month-to-month,No,Bank transfer (automatic)
1930-BZLHI,One year,Yes,Mailed check
3400-ESFUW,Two year,No,Bank transfer (automatic)
5868-YTYKS,Month-to-month,Yes,Mailed check
3525-DVKFN,Two year,No,Mailed check
1482-OXZSY,Month-to-month,Yes,Bank transfer (automatic)
0377-JBKKT,Month-to-month,Yes,Mailed check
5778-BVOFB,Month-to-month,Yes,Bank transfer (automatic)
3373-YZZYM,Month-to-month,No,Mailed check
2057-ZBLPD,Month-to-month,Yes,Electronic check
0228-MAUWC,Month-to-month,No,Electronic check
5502-RLUYV,Month-to-month,Yes,Electronic check
0023-HGHWL,Month-to-month,Yes,Electronic check
7663-YJHSN,Two year,Yes,Bank transfer (automatic)
4915-BFSXL,Two year,No,Credit card (automatic)
3086-RUCRN,Month-to-month,Yes,Bank transfer (automatic)
5215-LNLDJ,Month-to-month,Yes,Electronic check
7576-JMYWV,Month-to-month,Yes,Electronic check
9039-RBEEE,Month-to-month,Yes,Credit card (automatic)
0257-KXZGU,Month-to-month,No,Bank transfer (automatic)
1307-ATKGB,Month-to-month,Yes,Electronic check
8417-FMLZI,Month-to-month,Yes,Credit card (automatic)
3714-XPXBW,Month-to-month,Yes,Credit card (automatic)
1850-AKQEP,Month-to-month,No,Mailed check
2824-DXNKN,Two year,Yes,Bank transfer (automatic)
5227-JSCFE,Two year,No,Credit card (automatic)
0848-ZGQIJ,Month-to-month,Yes,Bank transfer (automatic)
3621-CHYVB,Month-to-month,Yes,Bank transfer (automatic)
8042-RNLKO,One year,No,Bank transfer (automatic)
1792-UXAFY,Month-to-month,Yes,Electronic check
5372-FBKBN,Month-to-month,No,Mailed check
0420-TXVSG,Two year,Yes,Credit card (automatic)
6217-TOWGS,Month-to-month,Yes,Bank transfer (automatic)
0515-YPMCW,Month-to-month,Yes,Mailed check
0378-XSZPU,One year,No,Credit card (automatic)
1045-LTCYT,Month-to-month,No,Credit card (automatic)
1544-JJMYL,One year,No,Credit card (automatic)
4636-JGAAI,Month-to-month,No,Mailed check
6874-SGLHU,One year,Yes,Bank transfer (automatic)
5951-AOFIH,Month-to-month,Yes,Credit card (automatic)
4729-XKASR,Month-to-month,No,Electronic check
3059-NGMXB,Month-to-month,No,Mailed check
8652-YHIYU,One year,Yes,Credit card (automatic)
5278-PNYOX,Two year,No,Credit card (automatic)
5449-FIBXJ,Month-to-month,No,Electronic check
3486-HOOGQ,Two year,No,Bank transfer (automatic)
5061-PBXFW,Month-to-month,No,Bank transfer (automatic)
8630-FJLIB,Month-to-month,Yes,Electronic check
3891-NLXJB,Two year,Yes,Mailed check
4749-OJKQU,Month-to-month,Yes,Electronic check
0577-WHMEV,Month-to-month,No,Electronic check
5453-AXEPF,Month-to-month,Yes,Bank transfer (automatic)
3639-XJHKQ,Month-to-month,Yes,Electronic check
3716-LRGXK,Two year,No,Credit card (automatic)
2263-SFSQZ,Two year,Yes,Mailed check
9950-MTGYX,Two year,Yes,Credit card (automatic)
3397-AVTKU,Two year,Yes,Electronic check
4825-FUREZ,Two year,No,Electronic check
9837-BMCLM,Month-to-month,Yes,Electronic check
2672-OJQZP,Month-to-month,No,Mailed check
0137-UDEUO,Month-to-month,No,Mailed check
3134-DSHVC,Two year,No,Credit card (automatic)
6161-UUUTA,Month-to-month,Yes,Electronic check
7821-DPRQE,Month-to-month,Yes,Electronic check
6543-XRMYR,Month-to-month,Yes,Electronic check
2001-EWBQU,Two year,No,Electronic check
4925-LMHOK,Month-to-month,Yes,Credit card (automatic)
1608-GMEWB,Month-to-month,Yes,Bank transfer (automatic)
6695-AMZUF,Two year,No,Credit card (automatic)
1455-UGQVH,Month-to-month,Yes,Electronic check
8410-BGQXN,Month-to-month,No,Mailed check
8280-MQRQN,Month-to-month,Yes,Mailed check
1619-YWUBB,Two year,Yes,Credit card (automatic)
7611-YKYTC,Month-to-month,No,Bank transfer (automatic)
2037-SGXHH,Month-to-month,Yes,Electronic check
3178-FESZO,Month-to-month,Yes,Credit card (automatic)
0365-GXEZS,Month-to-month,No,Electronic check
0082-OQIQY,Month-to-month,Yes,Electronic check
6087-MVHJH,Month-to-month,Yes,Electronic check
4603-JANFB,Month-to-month,Yes,Electronic check
3018-TFTSU,Month-to-month,No,Bank transfer (automatic)
3606-SBKRY,One year,Yes,Electronic check
4806-KEXQR,Month-to-month,Yes,Electronic check
0667-NSRGI,One year,Yes,Mailed check
7083-YNSKY,Month-to-month,Yes,Credit card (automatic)
6893-ODYYE,One year,Yes,Credit card (automatic)
8242-JSVBO,Month-to-month,Yes,Bank transfer (automatic)
2479-BRAMR,Month-to-month,Yes,Bank transfer (automatic)
9541-ZPSEA,Two year,No,Credit card (automatic)
2665-NPTGL,Month-to-month,Yes,Bank transfer (automatic)
1139-WUOAH,Two year,No,Credit card (automatic)
4693-VWVBO,Month-to-month,No,Electronic check
7434-SHXLS,Month-to-month,No,Mailed check
6937-GCDGQ,One year,Yes,Bank transfer (automatic)
0988-JRWWP,Month-to-month,Yes,Electronic check
5075-JSDKI,Two year,No,Electronic check
7908-QCBCA,Month-to-month,Yes,Mailed check
8644-XYTSV,Month-to-month,Yes,Bank transfer (automatic)
6711-FLDFB,Month-to-month,Yes,Electronic check
3873-WOSBC,Two year,No,Credit card (automatic)
7465-ZZRVX,Month-to-month,Yes,Electronic check
7975-JMZNT,Two year,No,Bank transfer (automatic)
7251-XFOIL,Month-to-month,No,Mailed check
4116-IQRFR,One year,No,Credit card (automatic)
3714-JTVOV,Month-to-month,Yes,Credit card (automatic)
8259-DZLIZ,One year,Yes,Bank transfer (automatic)
0442-ZXKVS,One year,Yes,Bank transfer (automatic)
7853-WNZSY,Month-to-month,Yes,Credit card (automatic)
3120-FAZKD,Two year,Yes,Bank transfer (automatic)
8606-OEGQZ,Two year,No,Credit card (automatic)
0225-ZORZP,Month-to-month,No,Electronic check
4702-IOQDC,Month-to-month,Yes,Electronic check
9489-JMTTN,Two year,No,Credit card (automatic)
0575-CUQOV,One year,Yes,Electronic check
0967-BMLBD,One year,Yes,Mailed check
6178-KFNHS,Month-to-month,Yes,Electronic check
2830-LEWOA,One year,No,Credit card (automatic)
5006-MXVRN,Two year,No,Credit card (automatic)
1264-BYWMS,Month-to-month,Yes,Electronic check
9658-WYUFB,Month-to-month,Yes,Electronic check
8327-WKMIE,One year,No,Credit card (automatic)
6917-FIJHC,Two year,Yes,Mailed check
5329-KRDTM,Two year,No,Credit card (automatic)
7797-EJMDP,Month-to-month,No,Bank transfer (automatic)
3530-VWVGU,Month-to-month,No,Mailed check
2013-SGDXK,Month-to-month,No,Electronic check
6368-NWMCE,Month-to-month,No,Credit card (automatic)
3633-CDBUW,One year,No,Electronic check
0707-HOVVN,Two year,Yes,Bank transfer (automatic)
8580-QVLOC,Two year,No,Credit card (automatic)
3956-MGXOG,Month-to-month,Yes,Electronic check
9274-UARKJ,Month-to-month,Yes,Bank transfer (automatic)
4077-HWUYD,Two year,Yes,Bank transfer (automatic)
2012-NWRPA,Month-to-month,Yes,Electronic check
8808-ELEHO,Month-to-month,Yes,Electronic check
0103-CSITQ,One year,Yes,Bank transfer (automatic)
3506-LCJDC,Month-to-month,No,Bank transfer (automatic)
8671-KKKOS,Month-to-month,No,Electronic check
7305-ZWMAJ,One year,No,Credit card (automatic)
9518-XXBXE,Month-to-month,No,Electronic check
3934-HXCFZ,Month-to-month,Yes,Electronic check
6578-KRMAW,Month-to-month,Yes,Credit card (automatic)
4860-IJUDE,Month-to-month,Yes,Credit card (automatic)
7666-WKRON,Two year,Yes,Electronic check
9688-YGXVR,Month-to-month,Yes,Credit card (automatic)
0423-UDIJQ,Month-to-month,No,Mailed check
1945-XISKS,Two year,No,Mailed check
4910-AQFFX,Month-to-month,Yes,Bank transfer (automatic)
2154-KVJFF,Month-to-month,Yes,Electronic check
5360-LJCNJ,Two year,Yes,Bank transfer (automatic)
2607-FBDFF,Month-to-month,No,Credit card (automatic)
9647-ERGBE,Month-to-month,Yes,Electronic check
3428-XZMAZ,Month-to-month,Yes,Electronic check
1100-DDVRV,Month-to-month,Yes,Mailed check
0378-TOVMS,Month-to-month,No,Electronic check
4355-HBJHH,Two year,Yes,Electronic check
6728-WYQBC,Month-to-month,No,Bank transfer (automatic)
9058-CBREO,Month-to-month,No,Mailed check
9029-FEGVJ,Month-to-month,No,Mailed check
7216-KAOID,One year,No,Bank transfer (automatic)
0318-QUUOB,Month-to-month,Yes,Electronic check
6145-NNPNO,Month-to-month,No,Bank transfer (automatic)
5520-FVEWJ,Month-to-month,Yes,Electronic check
5339-TJFEK,Month-to-month,Yes,Electronic check
5572-ZDXHY,Month-to-month,Yes,Mailed check
2074-GUHPQ,Month-to-month,Yes,Credit card (automatic)
4625-XMOYM,Two year,Yes,Bank transfer (automatic)
5827-MWCZK,Month-to-month,Yes,Credit card (automatic)
1385-TQOZW,Month-to-month,Yes,Credit card (automatic)
5914-XRFQB,Two year,Yes,Bank transfer (automatic)
4329-YPDDQ,Month-to-month,Yes,Bank transfer (automatic)
4804-NCPET,Two year,No,Mailed check
3750-CKVKH,Month-to-month,Yes,Electronic check
5944-UGLLK,One year,No,Credit card (automatic)
8063-GBATB,Month-to-month,Yes,Electronic check
7787-BNTZM,Month-to-month,No,Bank transfer (automatic)
2252-ISRNH,One year,Yes,Electronic check
9415-TPKRV,Month-to-month,No,Electronic check
5322-TEUJK,Two year,No,Bank transfer (automatic)
4547-KQRTM,Month-to-month,Yes,Bank transfer (automatic)
4877-EVATK,Month-to-month,No,Mailed check
1866-DIOQZ,One year,No,Bank transfer (automatic)
8375-KVTHK,One year,Yes,Electronic check
2697-NQBPF,Month-to-month,Yes,Electronic check
3709-OIJEA,One year,Yes,Electronic check
7639-SUPCW,Month-to-month,Yes,Credit card (automatic)
1386-ZIKUV,Month-to-month,Yes,Mailed check
0599-XNYDO,Month-to-month,Yes,Bank transfer (automatic)
6377-WHAOX,Month-to-month,Yes,Electronic check
6855-VLGOS,Two year,No,Electronic check
8999-XXGNS,One year,Yes,Credit card (automatic)
8746-OQQRW,Month-to-month,No,Mailed check
3181-MIZBN,Month-to-month,No,Electronic check
0471-ARVMX,One year,Yes,Electronic check
7766-CLTIC,Month-to-month,Yes,Mailed check
5650-YLIBA,Month-to-month,Yes,Electronic check
0825-CPPQH,Two year,No,Credit card (automatic)
9084-OAYKL,Two year,No,Mailed check
6122-LJADA,Two year,Yes,Credit card (automatic)
2400-XIWIO,Two year,No,Electronic check
7524-VRLPL,Two year,No,Credit card (automatic)
1069-XAIEM,Month-to-month,Yes,Electronic check
7569-NMZYQ,Two year,Yes,Bank transfer (automatic)
5201-USSQZ,Month-to-month,No,Credit card (automatic)
2105-PHWON,Month-to-month,Yes,Credit card (automatic)
1494-EJZDW,Two year,No,Mailed check
4884-TVUQF,Two year,No,Credit card (automatic)
8003-EWNDZ,Month-to-month,Yes,Electronic check
1897-RCFUM,One year,Yes,Mailed check
9256-JTBNZ,Month-to-month,No,Bank transfer (automatic)
4658-HCOHW,Month-to-month,Yes,Electronic check
2211-RMNHO,Two year,No,Bank transfer (automatic)
2432-TFSMK,One year,Yes,Credit card (automatic)
3440-JPSCL,Month-to-month,Yes,Mailed check
4929-ROART,Month-to-month,No,Mailed check
1834-ABKHQ,One year,Yes,Bank transfer (automatic)
1741-WTPON,Two year,No,Mailed check
3932-IJWDZ,Month-to-month,Yes,Bank transfer (automatic)
1240-HCBOH,Two year,Yes,Mailed check
3594-KADLU,Month-to-month,No,Mailed check
8065-BVEPF,Month-to-month,Yes,Bank transfer (automatic)
3796-ENZGF,Two year,No,Mailed check
1734-ZMNTZ,Two year,No,Mailed check
2853-CWQFQ,Month-to-month,Yes,Mailed check
0813-TAXXS,Two year,Yes,Bank transfer (automatic)
2519-TWKFS,One year,Yes,Mailed check
2889-FPWRM,One year,Yes,Bank transfer (automatic)
0626-QXNGV,Two year,Yes,Credit card (automatic)
6723-CEGQI,Two year,No,Mailed check
6987-XQSJT,Month-to-month,Yes,Electronic check
4732-RRJZC,Month-to-month,No,Mailed check
9499-XPZXM,Two year,No,Bank transfer (automatic)
4338-EYCER,Month-to-month,No,Bank transfer (automatic)
3007-FDPEA,Month-to-month,Yes,Bank transfer (automatic)
6350-XFYGW,Month-to-month,Yes,Electronic check
4290-BSXUX,Month-to-month,Yes,Bank transfer (automatic)
8513-OLYGY,Two year,No,Credit card (automatic)
0311-QYWSS,Month-to-month,Yes,Electronic check
8705-DWKTI,Month-to-month,Yes,Credit card (automatic)
8755-IWJHN,Month-to-month,Yes,Bank transfer (automatic)
0325-XBFAC,Month-to-month,Yes,Electronic check
4480-QQRHC,Month-to-month,Yes,Bank transfer (automatic)
0929-PECLO,Month-to-month,Yes,Bank transfer (automatic)
3680-CTHUH,One year,Yes,Credit card (automatic)
1202-KKGFU,Month-to-month,No,Bank transfer (automatic)
6112-KTHFQ,Month-to-month,Yes,Mailed check
1852-XEMDW,Month-to-month,No,Mailed check
2462-XIIJB,Month-to-month,Yes,Electronic check
4760-XOHVN,Month-to-month,No,Mailed check
1820-DJFPH,Two year,Yes,Bank transfer (automatic)
9426-SXNHE,Month-to-month,No,Bank transfer (automatic)
9068-FHQHD,Two year,No,Bank transfer (automatic)
1269-FOYWN,One year,No,Bank transfer (automatic)
9470-YFUYI,One year,Yes,Bank transfer (automatic)
7817-BOQPW,Month-to-month,Yes,Electronic check
7402-EYFXX,Month-to-month,Yes,Electronic check
1853-UDXBW,Month-to-month,Yes,Electronic check
9895-VFOXH,Month-to-month,No,Mailed check
5458-CQJTA,Two year,Yes,Bank transfer (automatic)
1230-QAJDW,Month-to-month,Yes,Mailed check
5701-ZIKJE,Month-to-month,Yes,Mailed check
5219-YIPTK,Month-to-month,Yes,Electronic check
5032-MIYKT,Month-to-month,Yes,Mailed check
7396-VJUZB,Month-to-month,No,Mailed check
9717-QEBGU,Month-to-month,Yes,Electronic check
5172-RKOCB,Two year,Yes,Credit card (automatic)
6509-TSGWN,Month-to-month,No,Mailed check
3540-RZJYU,Month-to-month,No,Electronic check
3178-CIFOT,One year,Yes,Credit card (automatic)
2091-MJTFX,Month-to-month,No,Credit card (automatic)
4530-NDRKU,One year,Yes,Electronic check
5985-TBABQ,One year,No,Mailed check
9800-ONTFE,Month-to-month,Yes,Bank transfer (automatic)
6743-HHQPF,Month-to-month,Yes,Credit card (automatic)
8455-HIRAQ,Month-to-month,No,Mailed check
6616-AALSR,Two year,Yes,Credit card (automatic)
0883-EIBTI,Month-to-month,No,Mailed check
9415-ZNBSX,Two year,Yes,Bank transfer (automatic)
4018-KJYUY,Month-to-month,No,Credit card (automatic)
0722-TROQR,Month-to-month,Yes,Electronic check
7571-YXDAD,Month-to-month,No,Credit card (automatic)
3884-UEBXB,Two year,No,Bank transfer (automatic)
8780-RSYYU,Month-to-month,Yes,Credit card (automatic)
5537-UXXVS,Month-to-month,No,Bank transfer (automatic)
1791-PQHBB,Month-to-month,Yes,Credit card (automatic)
8701-DGLVH,Two year,No,Mailed check
8741-LQOBK,Month-to-month,No,Bank transfer (automatic)
3393-FMZPV,Month-to-month,Yes,Electronic check
8082-GHXOP,Month-to-month,No,Mailed check
6402-ZFPPI,Month-to-month,Yes,Mailed check
0980-FEXWF,One year,No,Mailed check
7486-KSRVI,One year,Yes,Electronic check
3011-WQKSZ,Month-to-month,Yes,Electronic check
8443-WVPSS,Month-to-month,Yes,Electronic check
3006-XIMLN,Month-to-month,Yes,Bank transfer (automatic)
8218-FFJDS,Two year,Yes,Bank transfer (automatic)
1986-PHGZF,Month-to-month,Yes,Credit card (automatic)
9965-YOKZB,Month-to-month,Yes,Electronic check
0504-HHAPI,Month-to-month,No,Credit card (automatic)
9360-OMDZZ,Month-to-month,Yes,Electronic check
6305-YLBMM,One year,Yes,Bank transfer (automatic)
0345-XMMUG,Two year,Yes,Credit card (automatic)
8024-XNAFQ,Two year,Yes,Bank transfer (automatic)
3647-GMGDH,Month-to-month,Yes,Credit card (automatic)
2988-GBIVW,Month-to-month,Yes,Electronic check
2832-SCUCO,Month-to-month,No,Electronic check
7036-ZZKBD,Month-to-month,Yes,Credit card (automatic)
3791-LGQCY,Month-to-month,Yes,Bank transfer (automatic)
0265-PSUAE,Month-to-month,No,Bank transfer (automatic)
0463-TXOAK,Two year,No,Credit card (automatic)
0594-UFTUL,Month-to-month,Yes,Mailed check
9509-MPYOD,One year,No,Mailed check
9128-CPXKI,Two year,No,Electronic check
0129-KPTWJ,Month-to-month,Yes,Electronic check
8166-ZZTFS,Two year,Yes,Bank transfer (automatic)
5855-EIBDE,Two year,No,Credit card (automatic)
5365-LLFYV,Month-to-month,Yes,Mailed check
5956-YHHRX,Month-to-month,Yes,Electronic check
6008-NAIXK,One year,Yes,Electronic check
2956-GGUCQ,Month-to-month,Yes,Electronic check
1928-BXYIV,Month-to-month,No,Electronic check
5760-FXFVO,Month-to-month,Yes,Electronic check
6595-COKXZ,Month-to-month,Yes,Mailed check
0961-ZWLVI,One year,Yes,Credit card (automatic)
5181-OABFK,Two year,Yes,Credit card (automatic)
4007-NHVHI,Month-to-month,Yes,Electronic check
7816-VGHTO,Two year,No,Mailed check
5871-DGTXZ,One year,No,Mailed check
7550-WIQVA,One year,Yes,Electronic check
7544-ZVIKX,One year,Yes,Bank transfer (automatic)
0016-QLJIS,Two year,Yes,Mailed check
7508-DQAKK,Two year,Yes,Credit card (automatic)
5176-OLSKT,Two year,No,Bank transfer (automatic)
9356-AXGMP,One year,Yes,Electronic check
3556-BVQGL,One year,Yes,Mailed check
0362-ZBZWJ,Month-to-month,Yes,Electronic check
8979-CAMGB,One year,No,Electronic check
4211-MMAZN,Month-to-month,No,Mailed check
7581-EBBOU,One year,Yes,Credit card (automatic)
4274-OWWYO,Month-to-month,Yes,Electronic check
5073-RZGBK,One year,Yes,Bank transfer (automatic)
1541-ETJZO,Month-to-month,No,Mailed check
2192-CKRLV,Two year,Yes,Electronic check
3154-HMWUU,Two year,Yes,Bank transfer (automatic)
6119-SPUDB,Two year,No,Mailed check
6522-OIQSX,Two year,Yes,Credit card (automatic)
7813-ZGGAW,Month-to-month,Yes,Bank transfer (automatic)
8748-HFWBO,One year,No,Mailed check
1052-QJIBV,Two year,No,Credit card (automatic)
1319-YLZJG,Month-to-month,Yes,Electronic check
4106-HADHQ,One year,No,Credit card (automatic)
0723-FDLAY,One year,Yes,Bank transfer (automatic)
3050-RLLXC,Two year,No,Credit card (automatic)
9298-WGMRW,Two year,Yes,Bank transfer (automatic)
2369-UAPKZ,Month-to-month,No,Mailed check
3088-LHEFH,Month-to-month,Yes,Bank transfer (automatic)
2778-OCLGR,Month-to-month,No,Bank transfer (automatic)
6583-KQJLK,Month-to-month,Yes,Electronic check
8544-JNBOX,Two year,Yes,Mailed check
6681-ZSEXG,Two year,No,Credit card (automatic)
6139-ZZRBQ,Two year,Yes,Bank transfer (automatic)
6116-RFVHN,Month-to-month,Yes,Electronic check
0637-KVDLV,Month-to-month,Yes,Electronic check
8884-FEEWR,One year,No,Bank transfer (automatic)
3125-RAHBV,One year,No,Credit card (automatic)
6633-MPWBS,Month-to-month,Yes,Electronic check
0373-AIVNJ,One year,No,Mailed check
8785-EPNCG,Month-to-month,No,Credit card (automatic)
1682-VCOIO,One year,No,Mailed check
5729-KLZAR,Month-to-month,No,Electronic check
2072-ZVJJX,Two year,No,Bank transfer (automatic)
8849-AYPTR,Month-to-month,No,Electronic check
9518-IMLHK,Month-to-month,Yes,Bank transfer (automatic)
1582-RAFML,Month-to-month,No,Mailed check
3646-ITDGM,Two year,No,Bank transfer (automatic)
8740-CRYFY,Month-to-month,Yes,Electronic check
3569-VLDHH,One year,Yes,Electronic check
8224-KDLKN,Two year,No,Bank transfer (automatic)
7594-LZNWR,Month-to-month,No,Credit card (automatic)
4001-TSBTV,Month-to-month,Yes,Electronic check
2962-XPMCQ,Month-to-month,Yes,Electronic check
8727-XDPUD,Two year,No,Credit card (automatic)
1043-UXOVO,Two year,Yes,Credit card (automatic)
1064-FBXNK,One year,No,Credit card (automatic)
3996-ZNWYK,Two year,No,Credit card (automatic)
2878-DHMIN,One year,No,Electronic check
7762-ONLJY,One year,No,Mailed check
1678-FYZOW,Month-to-month,Yes,Electronic check
5795-BKOYE,One year,No,Bank transfer (automatic)
8627-EHGIP,One year,Yes,Mailed check
7402-PWYJJ,One year,Yes,Electronic check
5480-TBGPH,Month-to-month,Yes,Credit card (automatic)
0018-NYROU,Month-to-month,Yes,Electronic check
7501-VTYLJ,Month-to-month,No,Mailed check
7608-RGIRO,Two year,Yes,Mailed check
0480-BIXDE,Month-to-month,Yes,Electronic check
5895-QSXOD,Month-to-month,No,Mailed check
9814-AOUDH,Two year,No,Credit card (automatic)
6175-IRFIT,Month-to-month,No,Mailed check
8760-ZRHKE,One year,No,Electronic check
1622-HSHSF,Month-to-month,Yes,Mailed check
8854-CCVSQ,Month-to-month,Yes,Electronic check
6749-UTDVX,Two year,Yes,Electronic check
5542-DHSXL,Month-to-month,No,Mailed check
9102-OXKFY,Two year,No,Credit card (automatic)
0511-JTEOY,Month-to-month,No,Mailed check
5216-WASFJ,Month-to-month,Yes,Electronic check
7808-DVWEP,Month-to-month,No,Bank transfer (automatic)
7067-KSAZT,One year,Yes,Electronic check
2284-VFLKH,One year,Yes,Credit card (automatic)
0366-NQSHS,Month-to-month,No,Mailed check
6532-YLWSI,One year,No,Bank transfer (automatic)
3807-BPOMJ,One year,Yes,Electronic check
3892-NXAZG,Two year,Yes,Credit card (automatic)
4948-WBBKL,Month-to-month,Yes,Bank transfer (automatic)
4182-BGSIQ,Month-to-month,Yes,Bank transfer (automatic)
9300-AGZNL,Month-to-month,Yes,Electronic check
0988-AADSA,Two year,No,Bank transfer (automatic)
9972-NKTFD,Month-to-month,No,Bank transfer (automatic)
3717-LNXKW,Month-to-month,No,Bank transfer (automatic)
5734-EJKXG,One year,Yes,Electronic check
2207-RYYRL,Two year,No,Mailed check
6729-FZWSY,One year,Yes,Mailed check
9695-IDRZR,Two year,Yes,Credit card (automatic)
8144-DGHXP,Two year,No,Electronic check
7814-LEEVE,Month-to-month,Yes,Bank transfer (automatic)
1112-CUNAO,Month-to-month,No,Electronic check
5175-AOBHI,Month-to-month,Yes,Mailed check
5174-RNGBH,Month-to-month,No,Mailed check
8631-WUXGY,Month-to-month,Yes,Electronic check
7270-BDIOA,Month-to-month,Yes,Electronic check
9565-JSNFM,One year,Yes,Bank transfer (automatic)
5906-DVAPM,One year,Yes,Credit card (automatic)
6654-QGBZZ,Month-to-month,No,Mailed check
8348-JLBUG,One year,No,Credit card (automatic)
0607-DAAHE,Two year,No,Bank transfer (automatic)
5641-DMBFJ,Two year,Yes,Electronic check
9200-NLNPD,One year,Yes,Bank transfer (automatic)
2664-XJZNO,Two year,Yes,Credit card (automatic)
9732-KPKBW,Month-to-month,Yes,Electronic check
3339-EAQNV,One year,Yes,Credit card (automatic)
0921-OHLVP,Month-to-month,No,Electronic check
3389-YGYAI,Month-to-month,Yes,Electronic check
9560-ARGQJ,Month-to-month,Yes,Electronic check
8350-NYMVI,Month-to-month,No,Bank transfer (automatic)
1600-DILPE,Month-to-month,Yes,Bank transfer (automatic)
0536-ESJEP,Two year,Yes,Bank transfer (automatic)
4654-GGUII,One year,Yes,Mailed check
6478-HRRCZ,One year,No,Mailed check
8510-BBWMU,One year,Yes,Mailed check
6857-TKDJV,Two year,No,Bank transfer (automatic)
2360-RDGRO,Month-to-month,Yes,Electronic check
0584-BJQGZ,Month-to-month,Yes,Bank transfer (automatic)
5134-IKDAY,Month-to-month,Yes,Electronic check
1360-XFJMR,One year,Yes,Credit card (automatic)
3070-DVEYC,Month-to-month,No,Mailed check
5730-RIITO,Month-to-month,Yes,Credit card (automatic)
9058-MJLZC,Month-to-month,Yes,Electronic check
5707-ORNDZ,Month-to-month,No,Electronic check
0902-XKXPN,Two year,No,Bank transfer (automatic)
5177-RVZNU,One year,No,Bank transfer (automatic)
0056-EPFBG,Two year,Yes,Credit card (automatic)
8993-IZEUX,Month-to-month,No,Bank transfer (automatic)
8696-JKZNU,Month-to-month,Yes,Electronic check
5380-AFSSK,Month-to-month,Yes,Mailed check
8190-ZTQFB,One year,Yes,Electronic check
0931-MHTEM,One year,Yes,Credit card (automatic)
2055-PDADH,Month-to-month,Yes,Electronic check
7515-LODFU,Two year,No,Credit card (automatic)
0440-UEDAI,One year,Yes,Credit card (automatic)
1337-BOZWO,One year,No,Credit card (automatic)
0868-VJRDR,Two year,Yes,Credit card (automatic)
8714-EUHJO,Month-to-month,Yes,Electronic check
6344-SFJVH,Month-to-month,No,Credit card (automatic)
3950-VPYJB,One year,No,Mailed check
8041-TMEID,Two year,No,Credit card (automatic)
7321-ZNSLA,Two year,No,Mailed check
6941-KXRRV,One year,Yes,Bank transfer (automatic)
3721-CNEYS,Month-to-month,Yes,Electronic check
8727-JQFHV,Two year,No,Mailed check
9475-NNDGC,One year,Yes,Bank transfer (automatic)
1355-KUSBG,Month-to-month,No,Electronic check
3688-FTHLT,Month-to-month,Yes,Bank transfer (automatic)
0899-LIIBW,Month-to-month,No,Electronic check
2568-OIADY,Month-to-month,Yes,Electronic check
1384-RCUXW,Month-to-month,Yes,Mailed check
5825-XJOCM,One year,Yes,Bank transfer (automatic)
6848-YLDFR,One year,Yes,Credit card (automatic)
8125-QPFJD,Two year,Yes,Bank transfer (automatic)
2320-YKQBO,Month-to-month,No,Mailed check
1193-RTSLK,Month-to-month,Yes,Credit card (automatic)
2302-ANTDP,Month-to-month,No,Electronic check
5923-GXUOC,Month-to-month,Yes,Electronic check
4973-RLZVI,One year,No,Credit card (automatic)
7869-ZYDST,Month-to-month,Yes,Credit card (automatic)
4501-UYKBC,One year,Yes,Credit card (automatic)
1215-EXRMO,Two year,No,Mailed check
2305-MRGLV,Month-to-month,No,Bank transfer (automatic)
8404-VIOMB,Two year,Yes,Bank transfer (automatic)
5233-GEEAX,Month-to-month,Yes,Electronic check
2359-KLTEK,Month-to-month,Yes,Bank transfer (automatic)
5304-EFJLP,Two year,Yes,Bank transfer (automatic)
2673-ZALNP,One year,No,Mailed check
9184-GALIL,Month-to-month,No,Mailed check
4393-RYCRE,One year,Yes,Electronic check
9746-MDMBK,One year,Yes,Bank transfer (automatic)
3162-ZJZFU,Month-to-month,Yes,Electronic check
8404-GFGCZ,Month-to-month,No,Electronic check
8875-AKBYH,Month-to-month,Yes,Electronic check
4432-ADRLB,Month-to-month,No,Mailed check
0533-UCAAU,One year,Yes,Credit card (automatic)
1394-SUIUH,Month-to-month,Yes,Electronic check
3521-MNKLV,Month-to-month,Yes,Mailed check
2533-TIBIX,Month-to-month,Yes,Bank transfer (automatic)
8993-PHFWD,Month-to-month,No,Electronic check
1565-RHDJD,Month-to-month,No,Bank transfer (automatic)
7137-RYLPP,Month-to-month,Yes,Electronic check
3765-JXVKY,Month-to-month,Yes,Electronic check
5092-STPKP,Month-to-month,No,Credit card (automatic)
7330-WZLNC,Month-to-month,Yes,Electronic check
0114-PEGZZ,Month-to-month,No,Electronic check
3359-DSRKA,Two year,Yes,Mailed check
8639-NHQEI,Two year,Yes,Bank transfer (automatic)
7161-DFHUF,Two year,No,Mailed check
3957-LXOLK,Month-to-month,Yes,Electronic check
3720-DBRWL,Two year,Yes,Credit card (automatic)
6635-MYYYZ,One year,No,Bank transfer (automatic)
8565-WUXZU,Two year,Yes,Credit card (automatic)
5281-BUZGT,Month-to-month,Yes,Electronic check
4994-OBRSZ,Two year,No,Bank transfer (automatic)
0562-FGDCR,Two year,No,Mailed check
2436-QBZFP,Month-to-month,No,Electronic check
3420-YJLQT,Month-to-month,No,Electronic check
6040-CGACY,Month-to-month,No,Mailed check
6582-PLFUU,Two year,No,Credit card (automatic)
8242-PDSGJ,Two year,Yes,Credit card (automatic)
0264-CNITK,Two year,No,Bank transfer (automatic)
0089-IIQKO,Month-to-month,Yes,Credit card (automatic)
7839-NUIAA,Month-to-month,No,Electronic check
6075-QMNRR,Month-to-month,Yes,Bank transfer (automatic)
5378-IKEEG,Month-to-month,Yes,Electronic check
5966-EMAZU,One year,Yes,Mailed check
0440-EKDCF,Two year,Yes,Credit card (automatic)
4774-HHGGS,Two year,No,Mailed check
2718-GAXQD,Month-to-month,No,Electronic check
2055-BFOCC,One year,Yes,Bank transfer (automatic)
8180-AKMJV,Month-to-month,Yes,Credit card (automatic)
4298-OYIFC,Month-to-month,Yes,Electronic check
5566-SOEZD,One year,Yes,Credit card (automatic)
9842-EFSYY,Month-to-month,Yes,Mailed check
2272-WUSPA,Two year,Yes,Electronic check
4584-LBNMK,One year,No,Credit card (automatic)
3898-GUYTS,Month-to-month,Yes,Electronic check
0930-EHUZA,One year,Yes,Mailed check
6413-XKKPU,Month-to-month,Yes,Electronic check
9975-SKRNR,Month-to-month,No,Mailed check
3703-KBKZP,Month-to-month,Yes,Bank transfer (automatic)
1449-XQEMT,Month-to-month,Yes,Mailed check
2626-URJFX,Month-to-month,Yes,Electronic check
4973-MGTON,Two year,Yes,Credit card (automatic)
3682-YEUWS,Month-to-month,Yes,Mailed check
1223-UNPKS,Two year,No,Mailed check
2612-RRIDN,Month-to-month,Yes,Electronic check
4735-ASGMA,Month-to-month,Yes,Electronic check
3446-QDSZF,Month-to-month,No,Credit card (automatic)
3669-LVWZB,Month-to-month,Yes,Mailed check
6892-EZDTG,Month-to-month,Yes,Electronic check
5117-IFGPS,Month-to-month,Yes,Electronic check
7379-FNIUJ,Month-to-month,No,Electronic check
1627-AFWVJ,Two year,No,Mailed check
9725-SCPZG,Month-to-month,Yes,Electronic check
5884-GCYMI,Month-to-month,No,Mailed check
3217-FZDMN,Month-to-month,Yes,Credit card (automatic)
4486-EFAEB,Month-to-month,Yes,Electronic check
0060-FUALY,Month-to-month,Yes,Electronic check
7853-GVUDZ,Month-to-month,Yes,Credit card (automatic)
7480-QNVZJ,Month-to-month,Yes,Electronic check
6954-OOYZZ,Month-to-month,Yes,Bank transfer (automatic)
7088-FBAWU,Month-to-month,No,Mailed check
8313-AFGBW,Two year,No,Electronic check
3943-KDREE,Month-to-month,Yes,Bank transfer (automatic)
9239-ZBZZV,Month-to-month,Yes,Electronic check
3097-IDVPU,Month-to-month,No,Credit card (automatic)
4398-HSCJH,Month-to-month,Yes,Electronic check
2197-OMWGI,Two year,Yes,Electronic check
2303-PJYHN,Month-to-month,No,Bank transfer (automatic)
9795-VOWON,One year,Yes,Credit card (automatic)
1237-WIYYZ,Month-to-month,Yes,Mailed check
1987-AUELQ,Two year,No,Credit card (automatic)
7852-LECYP,Month-to-month,No,Credit card (automatic)
4430-UZIPO,Month-to-month,Yes,Mailed check
4822-LPTYJ,Two year,Yes,Bank transfer (automatic)
8165-CBKXO,Two year,Yes,Credit card (automatic)
6527-PZFPV,One year,Yes,Credit card (automatic)
4855-SNKMY,Month-to-month,Yes,Electronic check
9593-CVZKR,Two year,Yes,Mailed check
8595-SIZNC,One year,No,Bank transfer (automatic)
8008-HAWED,Month-to-month,Yes,Electronic check
7124-UGSUR,One year,Yes,Credit card (automatic)
1862-SKORY,Month-to-month,Yes,Electronic check
5236-XMZJY,Month-to-month,No,Bank transfer (automatic)
4827-DPADN,Two year,Yes,Bank transfer (automatic)
2694-CIUMO,Month-to-month,Yes,Credit card (automatic)
5846-ABOBJ,Two year,No,Bank transfer (automatic)
1439-LCGVL,One year,No,Mailed check
0909-SDHNU,Month-to-month,No,Mailed check
4647-XXZAM,Month-to-month,No,Mailed check
1502-XFCVR,One year,Yes,Electronic check
7740-KKCXF,Month-to-month,Yes,Credit card (automatic)
5360-XGYAZ,Two year,Yes,Bank transfer (automatic)
9692-TUSXH,Month-to-month,Yes,Electronic check
7912-SYRQT,Month-to-month,Yes,Bank transfer (automatic)
3557-HTYWR,Two year,No,Mailed check
4816-JBHOV,Month-to-month,Yes,Electronic check
8920-NAVAY,One year,Yes,Bank transfer (automatic)
1699-TLDLZ,Two year,No,Mailed check
5600-PDUJF,Month-to-month,Yes,Credit card (automatic)
8292-TYSPY,Month-to-month,Yes,Credit card (automatic)
0567-XRHCU,Two year,Yes,Credit card (automatic)
1867-BDVFH,Month-to-month,Yes,Electronic check
2067-QYTCF,Month-to-month,Yes,Electronic check
2359-QWQUL,One year,Yes,Credit card (automatic)
9103-TCIHJ,Month-to-month,Yes,Mailed check
7407-SUJIZ,Month-to-month,No,Mailed check
9150-KPBJQ,Two year,No,Credit card (automatic)
0052-DCKON,One year,No,Bank transfer (automatic)
3654-ARMGP,Two year,No,Credit card (automatic)
9699-UBQFS,Month-to-month,Yes,Electronic check
9367-TCUYN,Month-to-month,No,Mailed check
1261-FWTTE,Month-to-month,Yes,Bank transfer (automatic)
3528-HFRIQ,Month-to-month,Yes,Bank transfer (automatic)
0708-SJDIS,Month-to-month,No,Mailed check
4140-WJAWW,Month-to-month,No,Credit card (automatic)
2073-QBVBI,One year,No,Mailed check
6928-ONTRW,Two year,No,Credit card (automatic)
3320-VEOYC,Month-to-month,Yes,Electronic check
5231-FIQPA,Two year,Yes,Mailed check
6617-WLBQC,One year,No,Credit card (automatic)
2599-CIPQE,Two year,No,Credit card (automatic)
6653-CBBOM,Month-to-month,Yes,Electronic check
8774-GSBUN,Two year,No,Mailed check
7326-RIGQZ,Month-to-month,Yes,Electronic check
1401-FTHFQ,One year,Yes,Credit card (automatic)
3247-ZVOUO,Month-to-month,No,Electronic check
0254-FNMCI,Two year,Yes,Electronic check
1848-LBZHY,Month-to-month,Yes,Bank transfer (automatic)
6101-IMRMM,Month-to-month,No,Mailed check
8118-TJAFG,Month-to-month,Yes,Electronic check
5429-LWCMV,Month-to-month,Yes,Electronic check
7298-IZWLY,Month-to-month,Yes,Mailed check
9758-MFWGD,One year,No,Bank transfer (automatic)
3955-JBZZM,Month-to-month,No,Electronic check
1268-ASBGA,Month-to-month,Yes,Credit card (automatic)
8943-URTMR,Month-to-month,Yes,Mailed check
4815-TUMEQ,One year,Yes,Mailed check
4713-LZDRV,Month-to-month,Yes,Electronic check
9909-IDLEK,Month-to-month,No,Mailed check
4092-OFQZS,One year,No,Mailed check
1561-BWHIN,One year,No,Mailed check
4325-NFSKC,Month-to-month,Yes,Electronic check
9927-DSWDF,Month-to-month,Yes,Electronic check
9500-LTVBP,Month-to-month,No,Credit card (automatic)
7252-NTGSS,Month-to-month,No,Mailed check
8149-AIQCG,Month-to-month,Yes,Credit card (automatic)
1360-JYXKQ,One year,Yes,Electronic check
2955-PSXOE,Month-to-month,Yes,Bank transfer (automatic)
7762-URZQH,Two year,Yes,Credit card (automatic)
0899-WZRSD,Month-to-month,Yes,Mailed check
3255-GRXMG,Month-to-month,Yes,Credit card (automatic)
4828-FAZPK,Month-to-month,Yes,Credit card (automatic)
6094-ZIVKX,One year,Yes,Credit card (automatic)
6925-BAYGL,Two year,No,Credit card (automatic)
3262-EIDHV,Two year,No,Credit card (automatic)
7354-OIJLX,Month-to-month,Yes,Electronic check
1376-HHBDV,Month-to-month,Yes,Mailed check
6907-NZZIJ,Month-to-month,Yes,Electronic check
6133-OZILE,Month-to-month,Yes,Electronic check
4135-FRWKJ,One year,No,Electronic check
2911-UREFD,Month-to-month,No,Electronic check
3744-ZRRDZ,Month-to-month,Yes,Electronic check
5673-TIYIB,Month-to-month,Yes,Credit card (automatic)
6551-ZCOTS,One year,Yes,Bank transfer (automatic)
7191-ADRGF,Two year,No,Bank transfer (automatic)
5018-LXQQG,Month-to-month,No,Bank transfer (automatic)
6892-BOGQE,Two year,Yes,Bank transfer (automatic)
1602-IJQQE,Month-to-month,No,Electronic check
4628-WQCQQ,One year,Yes,Electronic check
1746-TGTWV,Month-to-month,No,Credit card (automatic)
5995-SNNEW,Month-to-month,Yes,Electronic check
8050-WYBND,One year,Yes,Credit card (automatic)
2821-WARNZ,One year,No,Credit card (automatic)
4879-GZLFH,Month-to-month,Yes,Electronic check
1644-IRKSF,One year,Yes,Electronic check
8314-HTWVE,Two year,No,Mailed check
9402-ROUMJ,One year,Yes,Bank transfer (automatic)
2507-QZPQS,Month-to-month,No,Electronic check
7159-NOKYQ,Two year,Yes,Electronic check
5707-ZMDJP,Two year,Yes,Mailed check
8779-YIQQA,One year,No,Mailed check
7136-IHZJA,Month-to-month,Yes,Mailed check
8966-OIQHG,One year,No,Bank transfer (automatic)
7074-STDCN,Month-to-month,Yes,Electronic check
3705-PSNGL,One year,Yes,Electronic check
8739-QOTTN,Month-to-month,No,Mailed check
1399-OUPJN,Two year,No,Bank transfer (automatic)
0277-BKSQP,Month-to-month,Yes,Electronic check
6502-HCJTI,Month-to-month,Yes,Credit card (automatic)
2606-RMDHZ,Month-to-month,Yes,Credit card (automatic)
5774-XZTQC,Month-to-month,No,Mailed check
2676-SSLTO,Two year,Yes,Bank transfer (automatic)
6266-QHOJZ,One year,Yes,Electronic check
7269-JISCY,One year,No,Bank transfer (automatic)
0363-SVHYR,Two year,No,Bank transfer (automatic)
8547-NSBBO,Month-to-month,Yes,Mailed check
8258-GSTJK,Month-to-month,Yes,Electronic check
6861-OKBCE,Month-to-month,No,Credit card (automatic)
9940-RHLFB,Month-to-month,No,Electronic check
6591-QGOYB,Month-to-month,Yes,Bank transfer (automatic)
9070-BCKQP,Two year,Yes,Credit card (automatic)
6421-SZVEM,One year,Yes,Bank transfer (automatic)
1328-EUZHC,Two year,No,Mailed check
2995-UPRYS,One year,Yes,Credit card (automatic)
8878-RYUKI,Month-to-month,Yes,Electronic check
9633-DENPU,Month-to-month,Yes,Bank transfer (automatic)
7811-JIVPF,Month-to-month,No,Credit card (automatic)
7113-HIPFI,Two year,No,Mailed check
8541-QVFKM,Month-to-month,Yes,Electronic check
6686-YPGHK,Month-to-month,No,Mailed check
1383-EZRWL,Month-to-month,No,Mailed check
9258-CNWAC,Two year,No,Credit card (automatic)
5371-VYLSX,Month-to-month,Yes,Electronic check
6374-AFWOX,Two year,No,Mailed check
4759-TRPLW,Month-to-month,No,Electronic check
5317-FLPJF,Two year,Yes,Bank transfer (automatic)
7621-VPNET,Month-to-month,Yes,Credit card (automatic)
6034-YMTOB,Month-to-month,Yes,Mailed check
8563-IIOXK,One year,Yes,Electronic check
4903-CNOZC,One year,No,Credit card (automatic)
4353-HYOJD,Month-to-month,No,Mailed check
8020-BWHYL,Month-to-month,Yes,Credit card (automatic)
7267-FRMJW,Two year,No,Mailed check
2982-VPSGI,Month-to-month,Yes,Electronic check
4188-FRABG,Month-to-month,Yes,Electronic check
8199-ZLLSA,One year,Yes,Bank transfer (automatic)
4128-ETESU,Month-to-month,No,Electronic check
0620-DLSLK,Month-to-month,Yes,Mailed check
4625-EWPTF,Month-to-month,Yes,Electronic check
5980-NOPLP,Month-to-month,Yes,Electronic check
3850-OKINF,One year,Yes,Electronic check
6892-XPFPU,Month-to-month,Yes,Electronic check
8010-EZLOU,Month-to-month,Yes,Electronic check
1156-ZFYDO,Month-to-month,No,Electronic check
3295-YVUSR,Month-to-month,Yes,Mailed check
8016-NCFVO,Month-to-month,Yes,Electronic check
4119-ZYPZY,Two year,Yes,Electronic check
5549-ZGHFB,Two year,No,Mailed check
7577-SWIFR,Month-to-month,Yes,Electronic check
0303-WMMRN,Month-to-month,Yes,Mailed check
6408-OTUBZ,One year,Yes,Bank transfer (automatic)
5204-HMGYF,One year,Yes,Mailed check
1078-TDCRN,Month-to-month,Yes,Electronic check
3727-OVPRY,One year,Yes,Credit card (automatic)
3797-FKOGQ,Month-to-month,No,Electronic check
7622-NXQZR,Month-to-month,Yes,Credit card (automatic)
6196-HBOBZ,Two year,Yes,Electronic check
3970-XGJDU,Two year,Yes,Credit card (automatic)
7017-VFULY,Month-to-month,No,Bank transfer (automatic)
5562-YJQGT,Month-to-month,No,Credit card (automatic)
8807-OPMBM,Two year,Yes,Credit card (automatic)
5439-WIKXB,Month-to-month,Yes,Electronic check
9874-QLCLH,Month-to-month,Yes,Electronic check
8294-UIMBA,One year,Yes,Bank transfer (automatic)
8109-YUOHE,One year,No,Mailed check
5840-NVDCG,Two year,No,Bank transfer (automatic)
8092-NLTGF,Two year,No,Bank transfer (automatic)
5928-QLDHB,Month-to-month,Yes,Electronic check
9840-EFJQB,Month-to-month,No,Electronic check
0696-UKTOX,Month-to-month,No,Electronic check
4801-KFYKL,Month-to-month,No,Bank transfer (automatic)
3472-OAOOR,Month-to-month,Yes,Mailed check
6135-OZQVA,Month-to-month,Yes,Electronic check
8062-YBDOE,Month-to-month,Yes,Electronic check
2252-JHJGE,One year,No,Electronic check
4188-PCPIG,Two year,Yes,Credit card (automatic)
6000-APYLU,Month-to-month,Yes,Electronic check
7105-BENQF,One year,No,Mailed check
7721-DVEKZ,Month-to-month,No,Mailed check
3566-VVORZ,Month-to-month,No,Bank transfer (automatic)
9507-HSMMZ,Two year,No,Mailed check
2480-SQIOB,Month-to-month,No,Electronic check
0947-IDHRQ,Month-to-month,Yes,Mailed check
7813-TKCVO,One year,No,Mailed check
0128-MKWSG,Month-to-month,No,Mailed check
3672-YITQD,Month-to-month,Yes,Electronic check
4350-ZTLPI,One year,Yes,Bank transfer (automatic)
9048-JVYVF,Month-to-month,Yes,Electronic check
0361-HJRDX,Two year,No,Credit card (automatic)
5727-MYATE,Two year,Yes,Credit card (automatic)
3823-KYNQY,One year,No,Credit card (automatic)
8988-ECPJR,Month-to-month,Yes,Mailed check
7570-WELNY,Two year,Yes,Bank transfer (automatic)
3021-VLNRJ,One year,Yes,Credit card (automatic)
3776-EKTKM,Month-to-month,Yes,Electronic check
2080-CAZNM,Month-to-month,Yes,Electronic check
1028-FFNJK,Month-to-month,Yes,Electronic check
6907-FLBER,Month-to-month,No,Electronic check
3001-UNBTL,Month-to-month,Yes,Electronic check
5982-PSMKW,Two year,Yes,Credit card (automatic)
3507-GASNP,Two year,No,Mailed check
7096-ZNBZI,Two year,No,Credit card (automatic)
1902-XBTFB,Month-to-month,Yes,Electronic check
1676-MQAOA,Two year,Yes,Bank transfer (automatic)
0786-IVLAW,One year,No,Bank transfer (automatic)
7566-DSRLQ,Two year,Yes,Electronic check
0643-OKLRP,Month-to-month,No,Electronic check
7245-JMTTQ,One year,Yes,Electronic check
6050-IJRHS,One year,Yes,Electronic check
6202-JVYEU,One year,Yes,Electronic check
8591-TKMZH,Two year,Yes,Mailed check
0734-OXWBT,Month-to-month,No,Mailed check
4282-ACRXS,Month-to-month,Yes,Electronic check
0365-TRTPY,Month-to-month,No,Bank transfer (automatic)
7349-ALMUX,Two year,No,Bank transfer (automatic)
9381-NDKME,Month-to-month,Yes,Credit card (automatic)
6502-KUGLL,Month-to-month,No,Bank transfer (automatic)
1841-YSJGV,Two year,Yes,Credit card (automatic)
2794-XIMMO,One year,Yes,Electronic check
8382-SHQEH,Month-to-month,Yes,Electronic check
3511-BFTJW,Two year,No,Credit card (automatic)
7668-XCFYV,Month-to-month,Yes,Electronic check
2983-ZANRP,Month-to-month,Yes,Bank transfer (automatic)
7845-URHJN,Month-to-month,No,Bank transfer (automatic)
3034-ZBEQN,One year,No,Mailed check
5018-HEKFO,Month-to-month,Yes,Mailed check
3976-NLDEZ,Month-to-month,No,Mailed check
2282-YGNOR,One year,No,Credit card (automatic)
5336-UFNZP,One year,Yes,Electronic check
6854-EXGSF,Month-to-month,Yes,Bank transfer (automatic)
1241-EZFMJ,Two year,No,Bank transfer (automatic)
9233-PSYHO,One year,Yes,Bank transfer (automatic)
5376-PCKNB,One year,Yes,Credit card (automatic)
8044-BGWPI,Month-to-month,Yes,Electronic check
4060-LDNLU,Month-to-month,No,Electronic check
3589-PPVKW,Month-to-month,Yes,Mailed check
8327-LZKAS,One year,Yes,Electronic check
5887-IKKYO,Two year,No,Bank transfer (automatic)
1075-BGWOH,Month-to-month,Yes,Electronic check
1755-RMCXH,Month-to-month,No,Mailed check
0302-JOIVN,Month-to-month,No,Electronic check
3858-XHYJO,One year,No,Bank transfer (automatic)
4299-SIMNS,Month-to-month,Yes,Electronic check
7025-IWFHT,One year,Yes,Electronic check
6261-LHRTG,Month-to-month,Yes,Credit card (automatic)
7841-FCRQD,One year,Yes,Credit card (automatic)
2056-EVGZL,One year,No,Credit card (automatic)
8777-MBMTS,Two year,Yes,Credit card (automatic)
7753-USQYQ,One year,Yes,Electronic check
5366-IJEQJ,Month-to-month,Yes,Electronic check
7661-CPURM,One year,Yes,Credit card (automatic)
6233-HXJMX,Month-to-month,Yes,Credit card (automatic)
5902-WBLSE,Two year,Yes,Credit card (automatic)
1981-INRFU,Month-to-month,Yes,Electronic check
4971-PUYQO,Month-to-month,Yes,Mailed check
3239-TPHPZ,Two year,Yes,Electronic check
5115-GZDEL,Two year,No,Credit card (automatic)
3338-CVVEH,Month-to-month,No,Electronic check
8485-GJCDN,Month-to-month,Yes,Mailed check
2615-YVMYX,Month-to-month,Yes,Electronic check
2851-STERV,One year,Yes,Electronic check
4393-GEADV,Two year,No,Credit card (automatic)
8486-AYEQH,Month-to-month,Yes,Electronic check
1527-SXDPN,Two year,Yes,Bank transfer (automatic)
6029-WTIPC,Month-to-month,Yes,Electronic check
8634-CILSZ,One year,Yes,Bank transfer (automatic)
5419-JKZNQ,Month-to-month,No,Mailed check
2495-KZNFB,Month-to-month,Yes,Electronic check
1409-PHXTF,Two year,Yes,Electronic check
4560-WQAQW,One year,No,Bank transfer (automatic)
9591-YVTEB,Month-to-month,Yes,Electronic check
9309-BZGNT,One year,Yes,Credit card (automatic)
4274-DRSQT,One year,Yes,Bank transfer (automatic)
2027-DNKIV,One year,Yes,Mailed check
8075-GXIUB,One year,No,Credit card (automatic)
2885-HIJDH,Two year,No,Bank transfer (automatic)
5424-RLQLC,Month-to-month,Yes,Mailed check
6682-QJDGB,Month-to-month,Yes,Mailed check
6507-DTJZV,Month-to-month,No,Credit card (automatic)
8780-IXSTS,Month-to-month,Yes,Electronic check
7673-BQGKU,Two year,No,Bank transfer (automatic)
6723-WSNTY,One year,Yes,Credit card (automatic)
9530-EHPOH,Month-to-month,No,Electronic check
2725-IWWBA,One year,No,Mailed check
0345-HKJVM,Month-to-month,No,Electronic check
1061-PNTHC,Month-to-month,Yes,Mailed check
0394-YONDK,Two year,No,Credit card (automatic)
6574-MCOEH,One year,Yes,Electronic check
7399-QHBJS,Two year,No,Credit card (automatic)
3049-SOLAY,Month-to-month,Yes,Electronic check
0997-YTLNY,Month-to-month,No,Mailed check
3317-HRTNN,Month-to-month,No,Electronic check
9479-HYNYL,Two year,Yes,Credit card (automatic)
3235-ETOOB,Month-to-month,Yes,Electronic check
9708-KFDBY,Month-to-month,No,Credit card (automatic)
8058-INTPH,Month-to-month,Yes,Electronic check
3642-GKTCT,One year,Yes,Mailed check
0774-RMNUW,Two year,No,Bank transfer (automatic)
1334-PDUKM,One year,No,Credit card (automatic)
0756-MPZRL,One year,No,Credit card (automatic)
2242-MFOTG,One year,No,Bank transfer (automatic)
2927-CVULT,Two year,Yes,Bank transfer (automatic)
2144-BFDSO,Month-to-month,No,Bank transfer (automatic)
8745-PVESG,One year,Yes,Credit card (automatic)
7647-GYYKX,Two year,Yes,Bank transfer (automatic)
5647-FXOTP,Month-to-month,Yes,Electronic check
5569-OUICF,Month-to-month,Yes,Credit card (automatic)
8821-XNHVZ,Month-to-month,Yes,Mailed check
2082-OJVTK,Month-to-month,Yes,Electronic check
9700-ISPUP,Month-to-month,Yes,Electronic check
9839-ETQOE,Month-to-month,Yes,Electronic check
6078-VESFR,Month-to-month,No,Bank transfer (automatic)
9027-TMATR,Two year,Yes,Electronic check
5940-NFXKV,Month-to-month,Yes,Electronic check
1941-HOSAM,Month-to-month,Yes,Electronic check
9110-HSGTV,Two year,Yes,Credit card (automatic)
0704-VCUMB,Two year,No,Credit card (automatic)
6171-ZTVYB,Month-to-month,No,Bank transfer (automatic)
8053-WWDRO,Month-to-month,No,Bank transfer (automatic)
9564-KCLHR,Month-to-month,No,Mailed check
1935-IMVBB,Month-to-month,No,Mailed check
2535-PBCGC,Two year,No,Bank transfer (automatic)
2082-CEFLT,Month-to-month,Yes,Electronic check
1470-PSXNM,One year,Yes,Electronic check
1213-NGCUN,Month-to-month,Yes,Bank transfer (automatic)
2498-XLDZR,Two year,No,Mailed check
9866-OCCKE,Two year,Yes,Mailed check
5338-YHWYT,Two year,No,Credit card (automatic)
7718-UPSKJ,One year,Yes,Credit card (automatic)
8731-WBBMB,Month-to-month,No,Bank transfer (automatic)
1448-CYWKC,One year,Yes,Credit card (automatic)
7901-IIDQV,One year,No,Bank transfer (automatic)
2690-DVRVK,One year,No,Electronic check
5688-KZTSN,Month-to-month,Yes,Electronic check
1270-XKUCC,Two year,No,Mailed check
0334-ZFJSR,One year,Yes,Credit card (automatic)
2894-QOJRX,Month-to-month,Yes,Bank transfer (automatic)
5747-PMBSQ,Month-to-month,Yes,Mailed check
5583-EJXRD,Two year,Yes,Credit card (automatic)
4565-EVZMJ,One year,Yes,Mailed check
3143-JQEGI,Month-to-month,No,Electronic check
6386-SZZKH,Two year,Yes,Bank transfer (automatic)
3327-YBAKM,One year,Yes,Mailed check
9441-QHEVC,Month-to-month,No,Mailed check
6705-LNMDD,Month-to-month,No,Mailed check
2580-ASVVY,Two year,No,Electronic check
3370-GQEAL,Month-to-month,No,Electronic check
5032-USPKF,One year,No,Bank transfer (automatic)
2982-IHMFT,Month-to-month,Yes,Mailed check
3521-SYVOR,Month-to-month,Yes,Electronic check
4254-QPEDE,Two year,No,Credit card (automatic)
6283-GITPX,Two year,Yes,Credit card (automatic)
9526-JAWYF,Month-to-month,No,Electronic check
0771-CHWSK,Two year,Yes,Credit card (automatic)
9788-HNGUT,Two year,Yes,Credit card (automatic)
9495-REDIY,One year,Yes,Credit card (automatic)
5375-XLDOF,Two year,Yes,Bank transfer (automatic)
1172-VIYBP,Two year,No,Bank transfer (automatic)
5649-VUKMC,One year,No,Mailed check
6559-PDZLR,Month-to-month,Yes,Electronic check
8992-OBVDG,Month-to-month,No,Mailed check
4273-MBHYA,Month-to-month,Yes,Electronic check
4724-WXVWF,Month-to-month,Yes,Electronic check
5701-GUXDC,One year,No,Credit card (automatic)
1460-UZPRJ,Two year,No,Mailed check
6082-GLJIX,Month-to-month,No,Mailed check
5143-EGQFK,Month-to-month,Yes,Electronic check
4919-IKATY,Month-to-month,Yes,Electronic check
2495-TTHBQ,One year,Yes,Mailed check
0485-ZBSLN,Two year,No,Credit card (automatic)
3810-PJUHR,Two year,No,Mailed check
9050-QLROH,Month-to-month,Yes,Credit card (automatic)
0847-HGRML,Two year,No,Bank transfer (automatic)
8232-CTLKO,Two year,Yes,Electronic check
9227-YBAXE,Two year,Yes,Bank transfer (automatic)
6168-WFVVF,Month-to-month,Yes,Electronic check
9860-LISIZ,Month-to-month,No,Mailed check
0112-QAWRZ,Month-to-month,Yes,Bank transfer (automatic)
0877-SDMBN,One year,Yes,Bank transfer (automatic)
2786-GCDPI,Month-to-month,Yes,Electronic check
4043-MKDTV,Two year,Yes,Electronic check
8065-YKXKD,Month-to-month,Yes,Electronic check
9637-EIHEQ,Month-to-month,Yes,Electronic check
9229-RQABD,One year,No,Mailed check
8313-KTIHG,Month-to-month,Yes,Electronic check
5320-BRKGK,Two year,No,Mailed check
6284-KMNUF,One year,Yes,Electronic check
9689-PTNPG,Month-to-month,Yes,Electronic check
9465-RWMXL,Month-to-month,Yes,Electronic check
6229-UOLQL,One year,Yes,Mailed check
2362-IBOOY,Month-to-month,Yes,Electronic check
3137-LUPIX,Month-to-month,Yes,Mailed check
0843-WTBXE,Month-to-month,No,Bank transfer (automatic)
6143-JQKEA,Month-to-month,Yes,Credit card (automatic)
8676-OOQEJ,Month-to-month,No,Electronic check
5515-IDEJJ,Month-to-month,No,Mailed check
9701-CDXHR,Month-to-month,No,Mailed check
7450-NWRTR,Month-to-month,Yes,Electronic check
8124-NZVGJ,One year,Yes,Mailed check
2162-FRZAA,Two year,No,Bank transfer (automatic)
5376-DEQCP,Month-to-month,Yes,Electronic check
5118-MUEYH,Month-to-month,Yes,Credit card (automatic)
9095-HFAFX,Month-to-month,Yes,Credit card (automatic)
5627-TVBPP,One year,Yes,Credit card (automatic)
2379-ENZGV,Month-to-month,Yes,Electronic check
3936-QQFLL,Month-to-month,No,Mailed check
2589-AYCRP,One year,No,Bank transfer (automatic)
4067-HLYQI,Month-to-month,Yes,Bank transfer (automatic)
5124-EOGYE,Two year,No,Mailed check
5057-RKGLH,Two year,No,Mailed check
0292-WEGCH,Month-to-month,Yes,Electronic check
8910-ICHIU,One year,Yes,Credit card (automatic)
4097-YODCF,One year,Yes,Electronic check
9715-WZCLW,Two year,Yes,Electronic check
9786-YWNHU,Two year,No,Mailed check
6407-GSJNL,Two year,No,Bank transfer (automatic)
6005-OBZPH,Month-to-month,Yes,Electronic check
4049-ZPALD,Two year,Yes,Bank transfer (automatic)
7932-WPTDS,Month-to-month,Yes,Electronic check
3733-UOCWF,One year,Yes,Bank transfer (automatic)
6833-JMZYP,Month-to-month,Yes,Credit card (automatic)
2722-VOJQL,One year,Yes,Credit card (automatic)
1310-QRITU,Month-to-month,Yes,Electronic check
8961-QDZZJ,One year,Yes,Electronic check
9715-SBVSU,Two year,Yes,Bank transfer (automatic)
8490-BXHEO,Month-to-month,Yes,Credit card (automatic)
7173-TETGO,Two year,No,Bank transfer (automatic)
7929-SKFGK,Two year,No,Credit card (automatic)
2300-RQGOI,Two year,No,Mailed check
3563-SVYLG,Two year,No,Credit card (automatic)
5228-EXCET,Month-to-month,Yes,Electronic check
6435-VWCCY,Two year,Yes,Credit card (automatic)
4998-IKFSE,Month-to-month,No,Electronic check
8630-QSGXK,Two year,Yes,Bank transfer (automatic)
2455-USLMV,Month-to-month,Yes,Credit card (automatic)
7394-FKDNK,Month-to-month,No,Electronic check
9488-FVZCC,Two year,Yes,Bank transfer (automatic)
6331-LWDTQ,Month-to-month,Yes,Credit card (automatic)
5995-WWKKG,One year,Yes,Electronic check
1597-FZREH,Month-to-month,No,Electronic check
7879-CGSFV,One year,Yes,Mailed check
9921-EZKBY,Month-to-month,Yes,Bank transfer (automatic)
7432-FFVAR,One year,No,Bank transfer (automatic)
7246-ZGQDF,Month-to-month,No,Electronic check
7000-WCEVQ,Month-to-month,Yes,Mailed check
0727-IWKVK,Month-to-month,Yes,Electronic check
5959-BELXA,Month-to-month,Yes,Credit card (automatic)
4456-RHSNB,Month-to-month,Yes,Bank transfer (automatic)
3512-IZIKN,Two year,No,Credit card (automatic)
2481-SBOYW,Two year,Yes,Credit card (automatic)
7109-MFBYV,Month-to-month,No,Electronic check
1833-TCXKK,Month-to-month,Yes,Bank transfer (automatic)
1832-PEUTS,Two year,Yes,Credit card (automatic)
6141-OOXUQ,Month-to-month,No,Mailed check
8660-BUETV,Month-to-month,No,Mailed check
0580-PIQHM,One year,Yes,Bank transfer (automatic)
5696-CEIQJ,Two year,No,Bank transfer (automatic)
7503-ZGUZJ,Month-to-month,Yes,Mailed check
1696-HXOWK,One year,No,Mailed check
3026-ATZYV,One year,No,Bank transfer (automatic)
4012-YCFAI,Two year,Yes,Mailed check
2506-TNFCO,Month-to-month,Yes,Electronic check
9970-QBCDA,Month-to-month,No,Credit card (automatic)
8718-PTMEZ,Month-to-month,Yes,Electronic check
9496-IVVRP,Month-to-month,No,Bank transfer (automatic)
2207-OBZNX,Month-to-month,Yes,Mailed check
2657-VPXTA,Month-to-month,Yes,Electronic check
6551-VLJMV,Two year,No,Credit card (automatic)
1221-GHZEP,Two year,Yes,Mailed check
9289-LBQVU,One year,Yes,Mailed check
6142-VSJQO,Month-to-month,Yes,Bank transfer (automatic)
3458-IDMFK,Two year,Yes,Mailed check
6933-FHBZC,One year,Yes,Mailed check
0221-NAUXK,One year,Yes,Bank transfer (automatic)
9770-KXGQU,One year,No,Mailed check
6437-UKHMV,Month-to-month,Yes,Electronic check
6538-POCHL,Month-to-month,Yes,Credit card (automatic)
6726-NNFWD,Two year,No,Credit card (automatic)
3002-WQZWT,Month-to-month,Yes,Electronic check
4277-UDIEF,Month-to-month,No,Bank transfer (automatic)
1208-NBVFH,Month-to-month,Yes,Electronic check
4912-PIGUY,Month-to-month,Yes,Electronic check
1114-CENIM,Month-to-month,Yes,Credit card (automatic)
6060-DRTNL,Month-to-month,Yes,Mailed check
2725-TTRIQ,Two year,Yes,Bank transfer (automatic)
3374-TTZTK,Two year,Yes,Electronic check
8990-ZXLSU,Month-to-month,No,Electronic check
2275-RBYQS,Month-to-month,Yes,Mailed check
8473-VUVJN,Month-to-month,Yes,Electronic check
6289-CPNLD,One year,Yes,Mailed check
5536-SLHPM,Month-to-month,Yes,Electronic check
4419-UJMUS,Two year,Yes,Electronic check
7794-JASDG,Month-to-month,Yes,Mailed check
7609-YBPXG,Two year,No,Bank transfer (automatic)
5519-TEEUH,One year,Yes,Mailed check
7856-GANIL,One year,Yes,Bank transfer (automatic)
0804-XBFBV,Month-to-month,No,Electronic check
2676-OXPPQ,Month-to-month,Yes,Bank transfer (automatic)
3703-TTEPD,Month-to-month,No,Bank transfer (automatic)
2799-TSLAG,Two year,Yes,Bank transfer (automatic)
0196-VULGZ,Month-to-month,Yes,Electronic check
8837-VVWLQ,Month-to-month,No,Electronic check
2696-NARTR,Month-to-month,Yes,Electronic check
2208-NKVVH,Two year,No,Mailed check
7614-QVWQL,One year,Yes,Bank transfer (automatic)
1976-CFOCS,Month-to-month,No,Electronic check
4631-OACRM,Month-to-month,Yes,Electronic check
7139-JZFVG,Two year,No,Bank transfer (automatic)
4987-GQWPO,Month-to-month,No,Credit card (automatic)
3755-JBMNH,Month-to-month,Yes,Bank transfer (automatic)
1757-TCATG,One year,No,Bank transfer (automatic)
6345-ULYRW,One year,No,Mailed check
4776-XSKYQ,One year,No,Credit card (automatic)
8048-DSDFQ,Month-to-month,No,Mailed check
5753-QQWPW,One year,Yes,Electronic check
6010-DDPPW,Two year,No,Bank transfer (automatic)
1809-DMJHQ,Month-to-month,No,Mailed check
6693-FRIRW,Month-to-month,No,Credit card (automatic)
6586-MYGKD,Two year,Yes,Credit card (automatic)
3173-NVMPX,Month-to-month,Yes,Mailed check
0248-PGHBZ,Two year,Yes,Bank transfer (automatic)
0623-GDISB,Month-to-month,Yes,Bank transfer (automatic)
2892-GESUL,Two year,No,Mailed check
6923-EFPNL,Month-to-month,No,Credit card (automatic)
7472-EQOAV,One year,Yes,Bank transfer (automatic)
9574-RKJIF,Month-to-month,Yes,Electronic check
2043-WVTQJ,Month-to-month,No,Mailed check
8034-RYTVV,One year,Yes,Credit card (automatic)
3863-QSTYI,Month-to-month,Yes,Electronic check
2619-WFQWU,Month-to-month,Yes,Mailed check
5044-LRQAQ,Month-to-month,Yes,Bank transfer (automatic)
1716-LSAMB,Two year,No,Bank transfer (automatic)
1333-PBMXB,One year,Yes,Bank transfer (automatic)
6546-OPBBH,One year,Yes,Mailed check
5985-BEHZK,One year,No,Credit card (automatic)
9127-QRZMH,One year,Yes,Bank transfer (automatic)
5919-VCZYM,Month-to-month,No,Mailed check
9644-KVCNC,One year,Yes,Bank transfer (automatic)
2137-DQMEV,One year,No,Mailed check
8174-LNWMW,Two year,No,Credit card (automatic)
9279-CJEOJ,Month-to-month,Yes,Bank transfer (automatic)
7964-VEXDG,Month-to-month,No,Electronic check
2404-JIBFC,Two year,Yes,Bank transfer (automatic)
0778-NELLA,Month-to-month,Yes,Credit card (automatic)
8029-XYPWT,Two year,Yes,Bank transfer (automatic)
4614-NUVZD,Month-to-month,Yes,Electronic check
4632-PAOYU,One year,No,Mailed check
3803-KMQFW,Month-to-month,No,Mailed check
6804-GDMOI,Two year,Yes,Electronic check
2990-OGYTD,Two year,No,Bank transfer (automatic)
6646-JPPHA,Month-to-month,No,Electronic check
9572-MTILT,Month-to-month,Yes,Electronic check
7658-UYUQS,Month-to-month,No,Bank transfer (automatic)
7880-XSOJX,Month-to-month,No,Mailed check
9611-CTWIH,Month-to-month,Yes,Electronic check
4589-IUAJB,Two year,No,Bank transfer (automatic)
0329-GTIAJ,Month-to-month,Yes,Electronic check
8746-BFOAJ,One year,No,Bank transfer (automatic)
8457-XIGKN,Month-to-month,Yes,Credit card (automatic)
6072-NUQCB,One year,No,Bank transfer (automatic)
6629-CZTTH,Month-to-month,Yes,Mailed check
8838-GPHZP,Two year,Yes,Mailed check
8750-QWZAJ,Two year,No,Bank transfer (automatic)
5364-EVNIB,Month-to-month,Yes,Electronic check
6918-UMQCG,Month-to-month,No,Electronic check
0675-NCDYU,Two year,Yes,Credit card (automatic)
6339-DKLMK,Month-to-month,Yes,Electronic check
1346-PJWTK,Month-to-month,No,Credit card (automatic)
5088-QZLRL,Month-to-month,No,Electronic check
8023-QHAIO,Month-to-month,Yes,Bank transfer (automatic)
4397-FRLTA,Month-to-month,No,Mailed check
3057-VJJQE,Two year,No,Mailed check
5087-SUURX,Month-to-month,Yes,Electronic check
2302-OUZXB,Two year,No,Bank transfer (automatic)
8133-ANHHJ,One year,No,Bank transfer (automatic)
2270-CHBFN,Month-to-month,Yes,Credit card (automatic)
0013-EXCHZ,Month-to-month,Yes,Mailed check
5982-FPVQN,Month-to-month,Yes,Electronic check
9107-UKCKY,One year,Yes,Electronic check
4654-ULTTN,Two year,Yes,Credit card (automatic)
5550-VFRLC,Month-to-month,Yes,Electronic check
5546-BYZSM,Month-to-month,No,Electronic check
1492-KGETH,One year,No,Bank transfer (automatic)
4929-BSTRX,Month-to-month,Yes,Mailed check
4163-HFTUK,One year,No,Electronic check
8215-NGSPE,Two year,No,Mailed check
2225-ZRGSG,Two year,No,Bank transfer (automatic)
8859-YSTWS,One year,No,Bank transfer (automatic)
5271-YNWVR,Two year,Yes,Electronic check
7601-DHFWZ,Two year,No,Credit card (automatic)
2657-ALMWY,Month-to-month,No,Electronic check
6330-JKLPC,Month-to-month,Yes,Bank transfer (automatic)
4667-OHGKG,Month-to-month,Yes,Mailed check
1998-VHJHK,One year,No,Mailed check
1707-HABPF,One year,Yes,Bank transfer (automatic)
1660-HSOOQ,Month-to-month,Yes,Mailed check
7253-UVNDW,Two year,No,Credit card (automatic)
0487-VVUVK,Month-to-month,Yes,Mailed check
7228-OMTPN,Month-to-month,Yes,Electronic check
5063-IUOKK,Two year,No,Mailed check
4508-OEBEY,One year,Yes,Credit card (automatic)
0027-KWYKW,Month-to-month,Yes,Electronic check
2308-STERM,Month-to-month,No,Mailed check
5982-XMDEX,Two year,No,Bank transfer (automatic)
6284-AHOOQ,Month-to-month,Yes,Bank transfer (automatic)
6051-PTVNS,One year,No,Credit card (automatic)
2344-JMOGN,Month-to-month,Yes,Mailed check
3799-ISUZQ,Month-to-month,Yes,Bank transfer (automatic)
2877-VDUER,One year,No,Mailed check
9152-AMKAK,Two year,Yes,Mailed check
1794-HBQTJ,Month-to-month,Yes,Credit card (automatic)
9432-VOFYX,Month-to-month,Yes,Electronic check
8049-WJCLQ,Month-to-month,No,Mailed check
6586-PSJOX,One year,No,Credit card (automatic)
2460-FPSYH,Month-to-month,Yes,Electronic check
9705-ZJBCG,One year,No,Bank transfer (automatic)
4818-DRBQT,Month-to-month,Yes,Bank transfer (automatic)
1320-HTRDR,Month-to-month,Yes,Electronic check
6847-KJLTS,Month-to-month,Yes,Bank transfer (automatic)
9670-BPNXF,One year,Yes,Credit card (automatic)
3913-FCUUW,Two year,Yes,Bank transfer (automatic)
3301-VKTGC,One year,Yes,Bank transfer (automatic)
1493-AMTIE,Month-to-month,Yes,Bank transfer (automatic)
9555-SAHUZ,Month-to-month,No,Electronic check
0816-TSPHQ,Month-to-month,No,Mailed check
9932-WBWIK,Month-to-month,No,Mailed check
4619-EVPHY,One year,Yes,Bank transfer (automatic)
5286-YHCVC,Two year,Yes,Bank transfer (automatic)
6424-ELEYH,Month-to-month,Yes,Credit card (automatic)
4391-RESHN,Month-to-month,Yes,Mailed check
9115-YQHGA,Month-to-month,Yes,Electronic check
4462-CYWMH,Month-to-month,Yes,Bank transfer (automatic)
8963-MQVYN,Month-to-month,Yes,Electronic check
2458-EOMRE,Month-to-month,No,Bank transfer (automatic)
9334-GWGOW,Month-to-month,Yes,Electronic check
6821-BUXUX,Month-to-month,Yes,Electronic check
5028-HTLJB,Month-to-month,No,Mailed check
9801-GDWGV,Month-to-month,Yes,Electronic check
6542-LWGXJ,Month-to-month,No,Mailed check
5567-GZKQY,Two year,No,Credit card (automatic)
1222-LRYKO,Month-to-month,No,Mailed check
2320-JRSDE,Month-to-month,Yes,Electronic check
2087-QAREY,Month-to-month,Yes,Mailed check
0601-WZHJF,Month-to-month,No,Electronic check
4423-JWZJN,One year,No,Credit card (automatic)
5143-WMWOG,Month-to-month,No,Electronic check
6490-FGZAT,Month-to-month,No,Mailed check
5393-RXQSZ,Month-to-month,No,Electronic check
7452-FOLON,One year,No,Bank transfer (automatic)
2320-TZRRH,One year,No,Mailed check
0231-LXVAP,Month-to-month,Yes,Electronic check
9444-JTXHZ,Month-to-month,No,Electronic check
4942-VZZOM,One year,Yes,Credit card (automatic)
5510-BOIUJ,Month-to-month,No,Mailed check
7502-BNYGS,Month-to-month,Yes,Credit card (automatic)
4291-HYEBC,One year,Yes,Electronic check
6147-CBCRA,Month-to-month,No,Mailed check
6047-SUHPR,One year,No,Electronic check
4471-KXAUH,Month-to-month,Yes,Electronic check
9752-ZNQUT,Month-to-month,Yes,Electronic check
7638-QVMVY,Month-to-month,Yes,Electronic check
1576-PFZIW,Two year,No,Credit card (automatic)
5666-MBJPT,Two year,Yes,Bank transfer (automatic)
7312-XSBAT,Month-to-month,No,Electronic check
3096-GKWEB,Month-to-month,Yes,Electronic check
2371-JQHZZ,Month-to-month,Yes,Electronic check
0674-GCDXG,Two year,Yes,Bank transfer (automatic)
1121-QSIVB,One year,Yes,Mailed check
4396-KLSEH,Month-to-month,Yes,Electronic check
3244-DCJWY,Month-to-month,Yes,Electronic check
2824-MYYBN,Month-to-month,Yes,Electronic check
0875-CABNR,Month-to-month,Yes,Credit card (automatic)
6345-HOVES,Month-to-month,Yes,Bank transfer (automatic)
8318-LCNBW,One year,No,Credit card (automatic)
6469-QJKZW,Month-to-month,No,Electronic check
0147-ESWWR,Month-to-month,Yes,Electronic check
1217-VASWC,One year,Yes,Bank transfer (automatic)
7812-FZHPE,Month-to-month,No,Mailed check
6370-ZVHDV,Two year,No,Bank transfer (automatic)
5915-DGNVC,One year,No,Electronic check
6260-XLACS,One year,No,Mailed check
3566-CAAYU,Two year,No,Electronic check
4983-CCWMC,Month-to-month,Yes,Mailed check
9103-CXVOK,Month-to-month,No,Electronic check
2896-TBNBE,One year,No,Electronic check
4797-AXPXK,Month-to-month,Yes,Electronic check
5229-PRWKT,Month-to-month,Yes,Electronic check
6982-UQZLY,Month-to-month,Yes,Mailed check
2522-WLNSF,One year,No,Bank transfer (automatic)
3841-CONLJ,Month-to-month,No,Electronic check
5057-LCOUI,Month-to-month,Yes,Electronic check
0193-ESZXP,One year,Yes,Credit card (automatic)
4475-NVTLU,Two year,No,Electronic check
4369-HTUIF,Month-to-month,Yes,Bank transfer (automatic)
9386-LDCZR,One year,Yes,Credit card (automatic)
9585-KKMFD,Two year,Yes,Mailed check
5399-ZIMKF,Month-to-month,Yes,Electronic check
0336-KXKFK,Two year,Yes,Credit card (automatic)
5619-XZZKR,One year,No,Mailed check
3948-FVVRP,Month-to-month,No,Mailed check
5327-XOKKY,Two year,Yes,Credit card (automatic)
0983-TATYJ,One year,Yes,Mailed check
1813-JYWTO,Two year,No,Bank transfer (automatic)
0156-FVPTA,Month-to-month,Yes,Electronic check
1984-FCOWB,One year,Yes,Electronic check
0654-HMSHN,Month-to-month,No,Electronic check
6719-OXYBR,Month-to-month,No,Electronic check
3312-ZWLGF,Month-to-month,Yes,Electronic check
6476-YHMGA,Month-to-month,No,Bank transfer (automatic)
5287-QWLKY,Month-to-month,Yes,Credit card (automatic)
0795-XCCTE,Two year,No,Bank transfer (automatic)
0168-XZKBB,Month-to-month,Yes,Electronic check
3785-NRHYR,Month-to-month,No,Mailed check
5196-SGOAK,Month-to-month,Yes,Electronic check
4537-DKTAL,Month-to-month,No,Electronic check
7072-MBHEV,Month-to-month,Yes,Credit card (automatic)
5602-BVFMK,One year,No,Mailed check
6297-NOOPG,Two year,Yes,Electronic check
1891-UAWWU,Month-to-month,No,Electronic check
8204-TIFGJ,Month-to-month,Yes,Bank transfer (automatic)
8050-DVOJX,Two year,No,Credit card (automatic)
6108-OQZDQ,Month-to-month,Yes,Electronic check
0363-QJVFX,Month-to-month,Yes,Credit card (automatic)
8903-XEBGX,Month-to-month,Yes,Electronic check
8169-SAEJD,Two year,No,Credit card (automatic)
9840-DVNDC,Month-to-month,Yes,Credit card (automatic)
1089-XZWHH,Two year,Yes,Mailed check
2325-WINES,One year,Yes,Credit card (automatic)
6064-ZATLR,Two year,No,Bank transfer (automatic)
3096-JRDSO,Month-to-month,Yes,Bank transfer (automatic)
7824-PANSQ,Month-to-month,No,Bank transfer (automatic)
8042-JVNFH,Month-to-month,Yes,Mailed check
9648-BCHKM,Two year,Yes,Credit card (automatic)
2888-ADFAO,Two year,Yes,Bank transfer (automatic)
8707-HOEDG,Two year,Yes,Electronic check
3374-LXDEV,Month-to-month,No,Electronic check
4072-IPYLT,Month-to-month,No,Credit card (automatic)
7167-PCEYD,Two year,Yes,Mailed check
4936-YPJNK,Month-to-month,Yes,Mailed check
1580-BMCMR,Month-to-month,Yes,Electronic check
4817-KEQSP,Two year,No,Bank transfer (automatic)
6408-WHTEF,Two year,Yes,Mailed check
9251-AWQGT,Two year,No,Mailed check
8749-CLJXC,Month-to-month,No,Mailed check
7989-VCQOH,Month-to-month,No,Electronic check
5049-GLYVG,Month-to-month,No,Mailed check
4199-QHJNM,Two year,No,Bank transfer (automatic)
8882-TLVRW,Two year,No,Mailed check
5883-GTGVD,Month-to-month,Yes,Electronic check
5135-GRQJV,Two year,Yes,Mailed check
2384-OVPSA,Two year,No,Mailed check
1371-WEPDS,One year,No,Electronic check
3580-GICBM,Two year,Yes,Mailed check
4817-QRJSX,Month-to-month,Yes,Credit card (automatic)
9730-DRTMJ,One year,Yes,Credit card (automatic)
4686-UXDML,Month-to-month,Yes,Credit card (automatic)
3349-ANQNH,One year,Yes,Electronic check
2398-YPMUR,Month-to-month,Yes,Electronic check
0932-YIXYU,Two year,No,Credit card (automatic)
7480-SPLEF,Two year,Yes,Bank transfer (automatic)
7636-XUHWW,Month-to-month,Yes,Credit card (automatic)
1431-CYWMH,Month-to-month,No,Bank transfer (automatic)
5937-EORGB,Month-to-month,Yes,Electronic check
6349-JDHQP,Two year,No,Credit card (automatic)
5539-HIVAK,Month-to-month,No,Mailed check
5847-MXBEO,One year,No,Mailed check
9985-MWVIX,Month-to-month,Yes,Mailed check
4583-PARNH,Month-to-month,Yes,Electronic check
1116-FRYVH,Two year,No,Mailed check
1421-HCERK,Month-to-month,Yes,Bank transfer (automatic)
9633-XQABV,Month-to-month,Yes,Electronic check
0716-BQNDX,Two year,No,Electronic check
1265-XTECC,One year,Yes,Credit card (automatic)
1183-CANVH,One year,No,Bank transfer (automatic)
1972-XMUWV,Two year,Yes,Credit card (automatic)
8679-LZBMD,One year,Yes,Bank transfer (automatic)
3407-JMJQQ,Two year,Yes,Bank transfer (automatic)
6252-DFGTK,One year,No,Credit card (automatic)
1539-LNKHM,Month-to-month,No,Mailed check
8645-KOMJQ,Two year,Yes,Bank transfer (automatic)
0289-IVARM,Month-to-month,No,Electronic check
9761-XUJWD,Month-to-month,Yes,Bank transfer (automatic)
4057-FKCZK,Two year,No,Bank transfer (automatic)
4291-TPNFG,Two year,Yes,Bank transfer (automatic)
6087-YPWHO,Two year,No,Mailed check
3090-QFUVD,Month-to-month,No,Credit card (automatic)
2237-ZFSMY,One year,Yes,Electronic check
1722-LDZJS,One year,No,Credit card (automatic)
1818-ESQMW,Month-to-month,Yes,Electronic check
4871-JTKJF,Month-to-month,Yes,Electronic check
1415-YFWLT,Month-to-month,Yes,Electronic check
7401-RUBNK,Month-to-month,No,Electronic check
0506-YLVKJ,Two year,Yes,Mailed check
8661-BOYNW,Two year,Yes,Credit card (automatic)
6711-VTNRE,Month-to-month,Yes,Electronic check
4815-GBTCD,Month-to-month,Yes,Electronic check
2805-AUFQN,Two year,No,Credit card (automatic)
0980-PVMRC,Month-to-month,Yes,Electronic check
7233-DRTRF,Month-to-month,Yes,Electronic check
3500-RMZLT,Month-to-month,Yes,Mailed check
3873-NFTGI,Month-to-month,Yes,Credit card (automatic)
1162-ECVII,Two year,Yes,Bank transfer (automatic)
7048-GXDAY,Month-to-month,Yes,Electronic check
8571-ZCMCX,Two year,Yes,Credit card (automatic)
1169-WCVAK,Month-to-month,Yes,Credit card (automatic)
4548-SDBKE,Month-to-month,Yes,Electronic check
8066-POXGX,Month-to-month,Yes,Electronic check
7129-CAKJW,Month-to-month,No,Bank transfer (automatic)
8695-ARGXZ,Month-to-month,Yes,Electronic check
3570-YUEKJ,Month-to-month,Yes,Electronic check
4143-OOBWZ,Month-to-month,Yes,Electronic check
1555-HAPSU,Two year,No,Credit card (automatic)
1697-NVVGY,Month-to-month,No,Bank transfer (automatic)
7854-EKTJL,Month-to-month,Yes,Electronic check
8464-EETCQ,Two year,No,Credit card (automatic)
2419-FSORS,Two year,Yes,Electronic check
8132-YPVBX,Month-to-month,Yes,Mailed check
9102-IAYHT,Month-to-month,Yes,Electronic check
6754-LZUKA,Two year,No,Bank transfer (automatic)
3422-LYEPQ,Month-to-month,Yes,Electronic check
8099-MZPUJ,Two year,No,Credit card (automatic)
0787-LHDYT,Month-to-month,Yes,Credit card (automatic)
2642-DTVCO,Month-to-month,Yes,Electronic check
0374-IOEGQ,Month-to-month,No,Electronic check
4361-JEIVL,Month-to-month,Yes,Electronic check
3197-NNYNB,Two year,No,Credit card (automatic)
3396-DKDEL,Two year,Yes,Credit card (automatic)
1752-OZXFY,One year,Yes,Mailed check
9066-QRSDU,One year,Yes,Electronic check
9112-WSNPU,Month-to-month,No,Electronic check
9867-NNXLC,Month-to-month,Yes,Mailed check
5321-NTRKC,Two year,No,Bank transfer (automatic)
1363-TXLSL,Month-to-month,Yes,Electronic check
9507-EXLTT,Month-to-month,Yes,Bank transfer (automatic)
3161-GETRM,Month-to-month,Yes,Credit card (automatic)
0402-OAMEN,Two year,No,Bank transfer (automatic)
6933-VLYFX,One year,No,Electronic check
6754-WKSHP,One year,No,Bank transfer (automatic)
9846-GKXAS,Month-to-month,Yes,Bank transfer (automatic)
6017-PPLPX,Month-to-month,Yes,Electronic check
4976-LNFVV,Month-to-month,Yes,Credit card (automatic)
5055-MGMGF,Month-to-month,Yes,Electronic check
4641-FROLU,Two year,No,Mailed check
2862-JVEOY,One year,No,Mailed check
2969-QWUBZ,Month-to-month,No,Electronic check
9822-BIIGN,Month-to-month,No,Electronic check
2077-MPJQO,Month-to-month,Yes,Electronic check
1534-OULXE,One year,Yes,Bank transfer (automatic)
7136-RVDTZ,One year,Yes,Electronic check
2971-SGAFL,Month-to-month,Yes,Electronic check
1480-IVEVR,One year,Yes,Bank transfer (automatic)
2905-KFQUV,Month-to-month,Yes,Credit card (automatic)
4581-SSPWD,Month-to-month,Yes,Electronic check
3370-HXOPH,Month-to-month,No,Electronic check
9391-YZEJW,One year,Yes,Bank transfer (automatic)
9958-MEKUC,Two year,No,Credit card (automatic)
0281-CNTZX,Two year,Yes,Bank transfer (automatic)
6927-WTFIV,Month-to-month,No,Credit card (automatic)
4118-CEVPF,One year,Yes,Bank transfer (automatic)
3398-ZOUAA,Month-to-month,Yes,Electronic check
9114-VEPUF,One year,No,Electronic check
7876-BEUTG,Month-to-month,Yes,Mailed check
2338-BQEZT,Month-to-month,Yes,Credit card (automatic)
9873-MNDKV,Month-to-month,Yes,Mailed check
0378-NHQXU,Month-to-month,No,Electronic check
8241-JUIQO,One year,No,Bank transfer (automatic)
2194-IIQOF,Two year,No,Credit card (automatic)
4512-ZUIYL,Month-to-month,No,Bank transfer (automatic)
9631-RXVJM,Two year,No,Mailed check
9584-EXCDZ,Month-to-month,No,Bank transfer (automatic)
7969-AULMZ,Month-to-month,Yes,Electronic check
5093-FEGLU,Two year,No,Bank transfer (automatic)
2621-UDNLU,Month-to-month,No,Mailed check
7526-IVLYU,Month-to-month,Yes,Mailed check
2428-HYUNX,Two year,Yes,Credit card (automatic)
9214-EKVXR,Month-to-month,Yes,Mailed check
3410-MHHUM,One year,No,Electronic check
0568-ONFPC,Month-to-month,Yes,Bank transfer (automatic)
0733-VUNUW,Month-to-month,Yes,Bank transfer (automatic)
4550-EVXNY,Month-to-month,Yes,Electronic check
2122-YWVYA,Month-to-month,Yes,Electronic check
2968-SSGAA,Month-to-month,Yes,Electronic check
2296-DKZFP,Two year,No,Bank transfer (automatic)
4844-JJWUY,Month-to-month,Yes,Electronic check
6777-TGHTM,One year,Yes,Credit card (automatic)
8909-BOLNL,One year,No,Mailed check
6603-YRDCJ,Two year,Yes,Mailed check
3538-WZPHD,Month-to-month,Yes,Electronic check
3229-USWAR,One year,Yes,Bank transfer (automatic)
2138-VFAPZ,Two year,Yes,Mailed check
6131-JLWZM,Month-to-month,Yes,Mailed check
4785-QRJHC,One year,Yes,Bank transfer (automatic)
0269-XFESX,One year,No,Mailed check
1709-EJDOX,Two year,No,Mailed check
4316-XCSLJ,Month-to-month,Yes,Mailed check
8610-WFCJF,Month-to-month,Yes,Electronic check
9693-XMUOB,Month-to-month,Yes,Electronic check
0383-CLDDA,Two year,Yes,Credit card (automatic)
4905-JEFDW,One year,Yes,Electronic check
2709-UQGNP,Month-to-month,Yes,Mailed check
3549-ZTMNH,Two year,Yes,Bank transfer (automatic)
7881-INRLC,Month-to-month,Yes,Credit card (automatic)
8033-ATFAS,Month-to-month,Yes,Mailed check
1635-NZATJ,Two year,No,Credit card (automatic)
0562-HKHML,Two year,No,Credit card (automatic)
8277-RVRSV,One year,No,Credit card (automatic)
9943-VSZUV,Month-to-month,Yes,Mailed check
0117-LFRMW,Month-to-month,No,Bank transfer (automatic)
6172-FECYY,Month-to-month,No,Electronic check
7054-ENNGU,Month-to-month,No,Mailed check
1455-HFBXA,Two year,Yes,Credit card (automatic)
9402-CXWPL,One year,No,Electronic check
1628-BIZYP,Month-to-month,Yes,Electronic check
1965-AKTSX,Month-to-month,Yes,Electronic check
0082-LDZUE,Month-to-month,Yes,Mailed check
4786-UKSNZ,Month-to-month,No,Mailed check
5343-SGUBI,One year,Yes,Mailed check
0856-NAOES,Month-to-month,No,Mailed check
1976-AZZPJ,Month-to-month,No,Mailed check
7248-VZQLC,Month-to-month,Yes,Bank transfer (automatic)
6156-UZDLF,One year,Yes,Credit card (automatic)
3099-OONVS,Month-to-month,No,Electronic check
9500-WBGRP,Two year,Yes,Mailed check
5183-KLYEM,Two year,Yes,Credit card (automatic)
5144-PQCDZ,Month-to-month,Yes,Mailed check
8514-VZHEB,Two year,No,Mailed check
6625-IUTTT,Two year,No,Bank transfer (automatic)
9355-NPPFS,Month-to-month,Yes,Electronic check
0068-FIGTF,One year,No,Mailed check
5965-GGPRW,Two year,No,Bank transfer (automatic)
8035-PWSEV,Month-to-month,Yes,Electronic check
2236-HILPA,Two year,No,Credit card (automatic)
1840-BIUOG,One year,Yes,Electronic check
1356-MKYSK,Month-to-month,No,Credit card (automatic)
6080-LNESI,Two year,No,Mailed check
1830-IPXVJ,Two year,No,Credit card (automatic)
5828-DWPIL,Month-to-month,Yes,Electronic check
8398-TBIYD,Two year,Yes,Bank transfer (automatic)
0011-IGKFF,Month-to-month,Yes,Electronic check
4192-GORJT,Month-to-month,Yes,Electronic check
6496-SLWHQ,Month-to-month,Yes,Electronic check
9912-GVSEQ,Month-to-month,Yes,Electronic check
2931-FSOHN,Month-to-month,Yes,Electronic check
9418-RUKPH,Two year,Yes,Mailed check
5383-MMTWC,Month-to-month,Yes,Electronic check
9971-ZWPBF,Month-to-month,Yes,Electronic check
4712-AUQZO,Month-to-month,No,Mailed check
9711-FJTBX,One year,Yes,Mailed check
2908-ZTPNF,Month-to-month,Yes,Bank transfer (automatic)
7240-ETPTR,Month-to-month,Yes,Electronic check
2202-CUYXZ,Month-to-month,Yes,Electronic check
5995-OIGLP,Month-to-month,No,Mailed check
8421-WZOOW,Month-to-month,Yes,Credit card (automatic)
6261-RCVNS,One year,No,Credit card (automatic)
7951-QKZPL,Two year,Yes,Mailed check
1414-YADCW,Two year,No,Bank transfer (automatic)
8756-RDDLT,Month-to-month,No,Electronic check
2862-PFNIK,Month-to-month,Yes,Electronic check
5816-QVHRX,Month-to-month,No,Credit card (automatic)
4430-YHXGG,Month-to-month,Yes,Mailed check
6888-SBYAI,Month-to-month,Yes,Mailed check
7395-XWZOY,Month-to-month,Yes,Credit card (automatic)
7169-YWAMK,Two year,No,Bank transfer (automatic)
3640-PHQXK,Month-to-month,Yes,Electronic check
6877-LGWXO,Month-to-month,No,Electronic check
6859-RKMZJ,Month-to-month,Yes,Bank transfer (automatic)
2729-VNVAP,Two year,No,Credit card (automatic)
2957-JIRMN,One year,No,Electronic check
2049-BAFNW,Month-to-month,No,Mailed check
3842-QTGDL,Month-to-month,No,Bank transfer (automatic)
7163-OCEQI,One year,Yes,Mailed check
9782-LGXMC,Month-to-month,No,Bank transfer (automatic)
5975-BAICR,One year,Yes,Credit card (automatic)
8019-ENHXU,Month-to-month,Yes,Electronic check
5167-GBFRE,Month-to-month,Yes,Bank transfer (automatic)
9033-EOXWV,One year,No,Mailed check
4673-KKSLS,Month-to-month,No,Electronic check
4853-OITSN,Month-to-month,Yes,Electronic check
9800-OUIGR,Two year,No,Credit card (automatic)
1324-NLTJE,Month-to-month,No,Credit card (automatic)
2324-EFHVG,Two year,Yes,Bank transfer (automatic)
7094-MSZAO,Month-to-month,Yes,Credit card (automatic)
1522-VVDMG,Month-to-month,Yes,Electronic check
6907-CQGPN,Month-to-month,No,Electronic check
0780-XNZFN,Two year,No,Bank transfer (automatic)
0239-OXEXL,Month-to-month,No,Mailed check
2675-IJRGJ,Two year,No,Bank transfer (automatic)
7049-GKVZY,One year,No,Credit card (automatic)
8577-QSOCG,Two year,Yes,Mailed check
3721-CNZHX,One year,No,Mailed check
0212-ISBBF,Month-to-month,Yes,Electronic check
9185-TQCVP,Month-to-month,Yes,Electronic check
3585-YNADK,One year,No,Bank transfer (automatic)
5271-DBYSJ,Month-to-month,Yes,Credit card (automatic)
1099-GODLO,Two year,No,Mailed check
6828-HMKWP,Two year,No,Bank transfer (automatic)
5567-WSELE,Month-to-month,Yes,Electronic check
1472-TNCWL,Month-to-month,Yes,Electronic check
8063-RJYNF,Month-to-month,Yes,Electronic check
0687-ZVTHB,One year,No,Credit card (automatic)
2080-GKCWQ,Month-to-month,No,Electronic check
9661-ACXBS,Month-to-month,Yes,Electronic check
2193-SFWQW,Two year,No,Bank transfer (automatic)
5656-JAMLX,Two year,No,Bank transfer (automatic)
3462-BJQQA,Month-to-month,Yes,Electronic check
0442-TDYUO,Two year,Yes,Mailed check
6733-LRIZX,Two year,Yes,Electronic check
9503-XJUME,One year,No,Credit card (automatic)
4367-NHWMM,Month-to-month,Yes,Mailed check
3727-RJMEO,Month-to-month,Yes,Electronic check
3779-OSWCF,Two year,No,Credit card (automatic)
6736-DHUQI,One year,No,Bank transfer (automatic)
3915-ODIYG,One year,Yes,Electronic check
1360-RCYRT,Month-to-month,Yes,Bank transfer (automatic)
2724-FJDYW,One year,No,Bank transfer (automatic)
4451-RWASJ,One year,Yes,Mailed check
6646-VRFOL,Month-to-month,Yes,Electronic check
3460-TJBWI,Two year,No,Mailed check
5917-HBSDW,Month-to-month,No,Electronic check
5685-IIXLY,Month-to-month,Yes,Electronic check
5671-UUNXD,One year,Yes,Electronic check
0956-ACVZC,One year,Yes,Credit card (automatic)
2325-NBPZG,Month-to-month,Yes,Electronic check
4250-ZBWLV,One year,No,Electronic check
4482-FTFFX,Month-to-month,No,Electronic check
8859-DZTGQ,Two year,No,Mailed check
0440-MOGPM,One year,Yes,Electronic check
0020-JDNXP,One year,No,Mailed check
3752-CQSJI,Month-to-month,Yes,Mailed check
5025-GOOKI,Month-to-month,Yes,Credit card (automatic)
4698-KVLLG,Two year,No,Credit card (automatic)
5095-AESKG,Month-to-month,Yes,Credit card (automatic)
2887-JPYLU,Month-to-month,No,Bank transfer (automatic)
4770-QAZXN,Month-to-month,No,Credit card (automatic)
4896-CPRPF,Two year,No,Bank transfer (automatic)
1871-MOWRM,Month-to-month,No,Bank transfer (automatic)
9714-EDSUC,Month-to-month,Yes,Mailed check
2027-OAQQC,Month-to-month,Yes,Bank transfer (automatic)
0282-NVSJS,Month-to-month,Yes,Mailed check
9090-SGQXL,Month-to-month,Yes,Electronic check
6595-YGXIT,Month-to-month,Yes,Electronic check
7353-YOWFP,One year,No,Mailed check
9835-ZIITK,One year,Yes,Electronic check
8008-ESFLK,One year,No,Electronic check
7537-CBQUZ,Month-to-month,Yes,Bank transfer (automatic)
1555-DJEQW,Two year,Yes,Bank transfer (automatic)
5649-TJHOV,Month-to-month,No,Bank transfer (automatic)
0519-XUZJU,Month-to-month,No,Mailed check
3363-EWLGO,Month-to-month,No,Mailed check
4750-UKWJK,One year,No,Mailed check
6338-AVWCY,Month-to-month,Yes,Mailed check
1689-YQBYY,Month-to-month,Yes,Electronic check
4487-ZYJZK,One year,No,Credit card (automatic)
2959-FENLU,Month-to-month,Yes,Credit card (automatic)
0708-LGSMF,Month-to-month,Yes,Electronic check
9253-QXKBE,Month-to-month,Yes,Electronic check
7634-HLQJR,Two year,No,Credit card (automatic)
0487-RPVUM,Month-to-month,No,Bank transfer (automatic)
4079-ULGFR,Month-to-month,No,Mailed check
2516-XSJKX,Two year,No,Electronic check
0057-QBUQH,Two year,Yes,Electronic check
9445-SZLCH,Month-to-month,Yes,Bank transfer (automatic)
6599-SFQVE,Month-to-month,Yes,Electronic check
8331-ZXFOE,One year,Yes,Credit card (automatic)
4003-FUSHP,Month-to-month,Yes,Credit card (automatic)
0356-ERHVT,Month-to-month,Yes,Bank transfer (automatic)
7325-ENZFI,One year,Yes,Bank transfer (automatic)
4884-ZTHVF,Month-to-month,Yes,Electronic check
3920-HIHMQ,Month-to-month,Yes,Mailed check
3055-OYMSE,Month-to-month,Yes,Credit card (automatic)
0613-WUXUM,Two year,Yes,Mailed check
7568-PODML,Month-to-month,Yes,Mailed check
4458-KVRBJ,Two year,No,Mailed check
5349-IECLD,Month-to-month,No,Electronic check
1397-XKKWR,One year,No,Mailed check
3945-GFWQL,Month-to-month,Yes,Electronic check
8097-OMULG,One year,No,Credit card (automatic)
6013-BHCAW,Two year,Yes,Bank transfer (automatic)
0401-WDBXM,Two year,Yes,Bank transfer (automatic)
3387-PLKUI,Month-to-month,No,Mailed check
6096-EGVTU,One year,No,Mailed check
3797-VTIDR,Month-to-month,Yes,Electronic check
5081-NWSUP,One year,No,Mailed check
2580-ATZSQ,One year,No,Bank transfer (automatic)
8085-MSNLK,Two year,No,Mailed check
9691-HKOVS,One year,Yes,Electronic check
9881-VCZEP,Month-to-month,No,Electronic check
9526-BIHHD,Month-to-month,No,Mailed check
8757-TFHHJ,Month-to-month,Yes,Credit card (automatic)
4523-WXCEF,Month-to-month,No,Electronic check
1468-DEFNC,Two year,Yes,Bank transfer (automatic)
5119-KEPFY,Month-to-month,Yes,Bank transfer (automatic)
8364-TRMMK,Month-to-month,Yes,Mailed check
0916-KNFAJ,Two year,Yes,Mailed check
8319-QBEHW,One year,Yes,Bank transfer (automatic)
3063-QFSZL,Month-to-month,Yes,Electronic check
8775-LHDJH,Month-to-month,Yes,Electronic check
9625-QNLUX,Two year,Yes,Credit card (automatic)
3097-NQYSN,Month-to-month,Yes,Mailed check
4024-CSNBY,Two year,Yes,Bank transfer (automatic)
7110-BDTWG,Two year,Yes,Electronic check
7493-GVFIO,Two year,No,Credit card (automatic)
0690-SRQID,Month-to-month,Yes,Mailed check
9605-WGJVW,Month-to-month,Yes,Electronic check
9114-DPSIA,Two year,No,Credit card (automatic)
4700-UBQMV,One year,Yes,Bank transfer (automatic)
7711-GQBZC,Two year,No,Bank transfer (automatic)
3565-UNOCC,Month-to-month,Yes,Bank transfer (automatic)
4627-MIHJH,Two year,No,Credit card (automatic)
9795-NREXC,Two year,Yes,Credit card (automatic)
8573-CGOCC,Month-to-month,No,Credit card (automatic)
7356-AYNJP,One year,No,Electronic check
9249-FXSCK,One year,Yes,Credit card (automatic)
5493-SDRDQ,Month-to-month,Yes,Mailed check
6286-SUUWT,Month-to-month,No,Mailed check
4819-HJPIW,Month-to-month,No,Mailed check
8654-DHAOW,Month-to-month,No,Mailed check
5438-QMDDL,Month-to-month,Yes,Mailed check
9812-GHVRI,Month-to-month,No,Bank transfer (automatic)
5553-AOINX,One year,Yes,Electronic check
1228-ZLNBX,Month-to-month,No,Mailed check
4226-KKDON,Month-to-month,Yes,Electronic check
3831-YCPUO,Two year,Yes,Credit card (automatic)
7445-WMRBW,One year,Yes,Bank transfer (automatic)
3308-DGHKL,Two year,Yes,Bank transfer (automatic)
9924-JPRMC,Two year,Yes,Electronic check
0080-EMYVY,One year,No,Credit card (automatic)
6218-KNUBD,Month-to-month,No,Electronic check
7337-CINUD,Two year,No,Bank transfer (automatic)
7609-NRNCA,One year,No,Mailed check
0623-EJQEG,One year,No,Electronic check
7153-CHRBV,One year,Yes,Mailed check
0871-URUWO,Month-to-month,Yes,Credit card (automatic)
9190-MFJLN,Month-to-month,Yes,Credit card (automatic)
6198-PNNSZ,One year,No,Bank transfer (automatic)
3317-VLGQT,Month-to-month,Yes,Electronic check
4132-POCZS,Month-to-month,Yes,Electronic check
5614-DNZCE,Two year,Yes,Credit card (automatic)
1095-JUDTC,Month-to-month,Yes,Electronic check
3896-RCYYE,Month-to-month,Yes,Credit card (automatic)
9638-JIQYA,Month-to-month,Yes,Credit card (automatic)
3258-SANFR,Month-to-month,No,Credit card (automatic)
3726-TBHQT,Two year,Yes,Bank transfer (automatic)
3190-ITQXP,Two year,No,Bank transfer (automatic)
0870-VEMYL,Month-to-month,No,Credit card (automatic)
4833-QTJNO,Month-to-month,No,Bank transfer (automatic)
3039-MJSLN,Month-to-month,No,Bank transfer (automatic)
0178-CIIKR,Month-to-month,No,Mailed check
5385-SUIRI,Month-to-month,Yes,Electronic check
3982-XWFZQ,Month-to-month,Yes,Electronic check
5774-QPLTF,One year,Yes,Mailed check
2322-VCZHZ,Month-to-month,Yes,Electronic check
5010-IPEAQ,Two year,No,Credit card (automatic)
4009-ALQFH,Month-to-month,Yes,Electronic check
6383-ZTSIW,One year,No,Mailed check
8990-YOZLV,Two year,Yes,Mailed check
3069-SSVSN,One year,No,Mailed check
5222-IMUKT,Month-to-month,No,Electronic check
3627-FCRDW,Month-to-month,No,Electronic check
7562-GSUHK,Month-to-month,Yes,Credit card (automatic)
6685-XSHHU,Two year,Yes,Bank transfer (automatic)
8901-UPRHR,Two year,Yes,Bank transfer (automatic)
4903-UYAVB,Month-to-month,No,Mailed check
0118-JPNOY,Month-to-month,Yes,Credit card (automatic)
6776-TLWOI,Month-to-month,No,Mailed check
3845-FXCYS,Month-to-month,Yes,Electronic check
5857-XRECV,One year,No,Bank transfer (automatic)
0725-CXOTM,One year,Yes,Credit card (automatic)
4343-EJVQB,Month-to-month,No,Mailed check
9000-PLFUZ,Two year,Yes,Credit card (automatic)
3427-GGZZI,Month-to-month,Yes,Electronic check
7779-ORAEL,Two year,No,Credit card (automatic)
0644-OQMDK,Month-to-month,Yes,Electronic check
4077-CROMM,Month-to-month,Yes,Electronic check
3154-CFSZG,Month-to-month,No,Electronic check
2868-MZAGQ,Month-to-month,Yes,Electronic check
4847-QNOKA,Month-to-month,Yes,Bank transfer (automatic)
2220-IAHLS,Month-to-month,No,Credit card (automatic)
1658-XUHBX,Month-to-month,Yes,Credit card (automatic)
6379-RXJRQ,Month-to-month,Yes,Electronic check
2378-HTWFW,Month-to-month,No,Credit card (automatic)
8650-RHRKE,Month-to-month,Yes,Electronic check
4377-VDHYI,One year,Yes,Electronic check
0475-RIJEP,Month-to-month,Yes,Electronic check
1260-TTRXI,Month-to-month,No,Electronic check
3719-TDVQB,Two year,Yes,Mailed check
6328-ZPBGN,Month-to-month,Yes,Bank transfer (automatic)
0201-MIBOL,Two year,Yes,Bank transfer (automatic)
4937-QPZPO,One year,Yes,Electronic check
2925-VDZHY,Two year,No,Credit card (automatic)
6981-TDRFT,One year,Yes,Electronic check
3413-CSSTH,Month-to-month,Yes,Bank transfer (automatic)
8033-VCZGH,One year,Yes,Electronic check
4789-KWMXN,One year,Yes,Credit card (automatic)
0224-NIJLP,Two year,No,Mailed check
7542-CYDDM,Month-to-month,No,Mailed check
4718-WXBGI,Two year,Yes,Credit card (automatic)
2867-UIMSS,Month-to-month,No,Electronic check
8495-PRWFH,Month-to-month,No,Electronic check
0439-IFYUN,Month-to-month,Yes,Electronic check
5716-LIBJC,One year,Yes,Credit card (automatic)
2868-LLSKM,One year,Yes,Bank transfer (automatic)
8111-RKSPX,Month-to-month,Yes,Bank transfer (automatic)
2988-QRAJY,Two year,Yes,Credit card (automatic)
1585-MQSSU,Month-to-month,No,Mailed check
0071-NDAFP,Two year,No,Credit card (automatic)
2856-NNASM,Month-to-month,Yes,Mailed check
7328-ZJAJO,Two year,No,Credit card (automatic)
6458-CYIDZ,Month-to-month,No,Electronic check
8559-CIZFV,One year,No,Mailed check
1090-PYKCI,One year,Yes,Credit card (automatic)
3058-WQDRE,Month-to-month,Yes,Bank transfer (automatic)
7547-EKNFS,Month-to-month,Yes,Bank transfer (automatic)
2279-AXJJK,Month-to-month,Yes,Credit card (automatic)
6769-DYBQN,Month-to-month,No,Electronic check
0909-SELIE,Two year,Yes,Bank transfer (automatic)
3417-TSCIC,One year,Yes,Mailed check
1042-HFUCW,One year,Yes,Credit card (automatic)
4439-JMPMT,Month-to-month,Yes,Electronic check
6537-OTKMY,One year,No,Electronic check
8999-EXMNO,Two year,No,Mailed check
6725-TPKJO,Two year,No,Mailed check
2446-BEGGB,Month-to-month,Yes,Electronic check
7162-WPHPM,Two year,No,Credit card (automatic)
1599-MMYRQ,One year,Yes,Credit card (automatic)
8821-KVZKQ,One year,Yes,Bank transfer (automatic)
1496-GGSUK,Month-to-month,Yes,Mailed check
6434-TTGJP,Two year,No,Credit card (automatic)
0042-JVWOJ,One year,Yes,Bank transfer (automatic)
0130-SXOUN,Month-to-month,No,Credit card (automatic)
2575-GFSOE,Month-to-month,Yes,Electronic check
2330-PQGDQ,One year,No,Bank transfer (automatic)
1452-UZOSF,Two year,Yes,Credit card (automatic)
2097-YVPKN,Two year,No,Mailed check
2842-JTCCU,Month-to-month,No,Bank transfer (automatic)
8597-CTXVJ,One year,No,Bank transfer (automatic)
6631-HMANX,Two year,Yes,Credit card (automatic)
9962-BFPDU,Month-to-month,No,Mailed check
3296-SILRA,Month-to-month,Yes,Mailed check
9681-OXGVC,Month-to-month,Yes,Electronic check
6394-HHHZM,Month-to-month,No,Mailed check
5995-LFTLE,Two year,Yes,Credit card (automatic)
5180-UCIIQ,Month-to-month,No,Mailed check
1932-UEDCX,Month-to-month,Yes,Bank transfer (automatic)
7153-OANIO,Month-to-month,No,Electronic check
5188-HGMLP,Month-to-month,No,Bank transfer (automatic)
0665-XHDJU,Two year,Yes,Electronic check
6521-YYTYI,Month-to-month,Yes,Electronic check
8878-HMWBV,Month-to-month,Yes,Electronic check
8265-HKSOW,Two year,No,Credit card (automatic)
3544-FBCAS,Two year,Yes,Credit card (automatic)
5331-RGMTT,Month-to-month,Yes,Credit card (automatic)
4759-PXTAN,One year,Yes,Electronic check
7054-DMVAS,Two year,Yes,Bank transfer (automatic)
3428-MMGUB,Two year,Yes,Electronic check
6549-BTYPG,Two year,No,Credit card (automatic)
7823-JSOAG,Month-to-month,No,Electronic check
3705-RHRFR,Two year,No,Bank transfer (automatic)
9374-YOLBJ,Month-to-month,No,Electronic check
9074-KGVOX,Month-to-month,Yes,Credit card (automatic)
6128-DAFVY,Month-to-month,Yes,Credit card (automatic)
9933-QRGTX,Two year,Yes,Electronic check
4476-OSWTN,One year,Yes,Mailed check
3751-KTZEL,Month-to-month,No,Mailed check
1977-STDKI,Month-to-month,Yes,Electronic check
5066-GFJMM,Month-to-month,Yes,Mailed check
2661-GKBTK,Two year,No,Bank transfer (automatic)
0458-HEUZG,Two year,No,Mailed check
7268-WNTCP,Two year,No,Bank transfer (automatic)
0824-VWDPO,One year,No,Bank transfer (automatic)
8409-WQJUX,One year,No,Electronic check
2578-JQPHZ,Two year,No,Bank transfer (automatic)
3278-FSIXX,Month-to-month,Yes,Mailed check
5813-UECBU,Month-to-month,Yes,Credit card (automatic)
0328-GRPMV,Month-to-month,Yes,Electronic check
9746-UGFAC,One year,No,Bank transfer (automatic)
2946-KIQSP,Month-to-month,Yes,Mailed check
0625-AFOHS,Two year,No,Mailed check
6726-WEXXK,One year,Yes,Electronic check
4636-OLWOE,One year,Yes,Electronic check
4342-HENTK,Month-to-month,Yes,Electronic check
4685-ERGHK,One year,Yes,Electronic check
0885-HMGPY,Two year,No,Bank transfer (automatic)
5003-OKNNK,One year,No,Credit card (automatic)
4195-SMMNX,Month-to-month,No,Mailed check
7208-PSIHR,Two year,Yes,Bank transfer (automatic)
4012-ZTHBR,Month-to-month,Yes,Electronic check
0489-WMEMG,One year,Yes,Electronic check
7435-ZNUYY,One year,No,Mailed check
1354-YZFNB,Two year,No,Credit card (automatic)
6956-SMUCM,Month-to-month,Yes,Credit card (automatic)
2985-FMWYF,Month-to-month,Yes,Electronic check
2812-ENYMO,One year,No,Credit card (automatic)
2717-HVIZY,Month-to-month,No,Mailed check
3223-WZWJM,Month-to-month,Yes,Electronic check
3422-GALYP,Month-to-month,Yes,Electronic check
9053-JZFKV,Two year,No,Credit card (automatic)
2530-ENDWQ,Two year,Yes,Bank transfer (automatic)
2890-WFBHU,One year,No,Credit card (automatic)
0327-WFZSY,One year,No,Electronic check
7977-HXJKU,Two year,No,Mailed check
6615-ZGEDR,Month-to-month,No,Mailed check
7033-CLAMM,Two year,No,Bank transfer (automatic)
4023-RTIQM,One year,Yes,Credit card (automatic)
0864-FVJNJ,One year,No,Electronic check
7356-IWLFW,Month-to-month,Yes,Bank transfer (automatic)
9541-PWTWO,Two year,Yes,Bank transfer (automatic)
3967-VQOGC,Two year,Yes,Mailed check
7872-RDDLZ,Month-to-month,No,Electronic check
9250-WYPLL,Month-to-month,No,Electronic check
6308-CQRBU,Two year,No,Electronic check
2754-XBHTB,Month-to-month,Yes,Bank transfer (automatic)
1597-LHYNC,Month-to-month,Yes,Electronic check
0186-CAERR,One year,Yes,Bank transfer (automatic)
3043-SUDUA,Month-to-month,No,Bank transfer (automatic)
5442-BHQNG,Month-to-month,No,Electronic check
2169-RRLFW,Two year,No,Credit card (automatic)
5872-OEQNH,One year,Yes,Electronic check
3162-KKZXO,One year,Yes,Electronic check
7055-VKGDA,One year,Yes,Credit card (automatic)
0754-UKWQP,Month-to-month,Yes,Electronic check
8873-GLDMH,Month-to-month,Yes,Mailed check
5696-JVVQY,Two year,Yes,Credit card (automatic)
8946-BFWSG,Two year,No,Mailed check
7493-TPUWZ,Month-to-month,Yes,Electronic check
0547-HURJB,Month-to-month,No,Credit card (automatic)
8904-OPDCK,Month-to-month,Yes,Bank transfer (automatic)
8845-LWKGE,One year,Yes,Electronic check
1577-HKTFG,Month-to-month,No,Bank transfer (automatic)
8752-STIVR,Month-to-month,Yes,Electronic check
0691-NIKRI,One year,Yes,Credit card (automatic)
5022-JNQEQ,Month-to-month,Yes,Electronic check
4558-FANTW,Month-to-month,No,Electronic check
3249-VHRIP,Two year,Yes,Credit card (automatic)
3736-BLEPA,One year,Yes,Bank transfer (automatic)
4701-LKOZD,Two year,No,Credit card (automatic)
6603-QWSPR,Two year,Yes,Bank transfer (automatic)
9921-QFQUL,Month-to-month,No,Mailed check
1929-ZCBHE,One year,No,Electronic check
4378-MYPGO,Two year,Yes,Bank transfer (automatic)
8651-ENBZX,One year,Yes,Electronic check
4129-LYCOI,Two year,Yes,Electronic check
7798-JVXYM,Month-to-month,Yes,Electronic check
8647-SDTWQ,Month-to-month,Yes,Electronic check
2696-ECXKC,One year,No,Mailed check
2081-KJSQF,Month-to-month,Yes,Mailed check
7623-TRNQN,Month-to-month,Yes,Mailed check
3323-CPBWR,Month-to-month,Yes,Credit card (automatic)
9330-IJWIO,Month-to-month,Yes,Electronic check
3384-CTMSF,Month-to-month,Yes,Electronic check
0902-RFHOF,One year,No,Mailed check
9286-DOJGF,Month-to-month,Yes,Bank transfer (automatic)
6048-QBXKL,Month-to-month,Yes,Credit card (automatic)
9661-MHUMO,Month-to-month,Yes,Credit card (automatic)
7718-RXDGG,Month-to-month,Yes,Bank transfer (automatic)
1025-FALIX,Month-to-month,Yes,Credit card (automatic)
3451-VAWLI,Two year,No,Credit card (automatic)
3407-QGWLG,Month-to-month,Yes,Mailed check
1842-EZJMK,Month-to-month,No,Electronic check
2347-WKKAE,Month-to-month,Yes,Electronic check
8735-DCXNF,Month-to-month,Yes,Credit card (automatic)
3214-IYUUQ,One year,No,Bank transfer (automatic)
1936-UAFEH,Two year,No,Credit card (automatic)
3587-PMCOY,One year,Yes,Electronic check
8079-XRJRS,One year,No,Electronic check
1027-LKKQQ,Two year,Yes,Bank transfer (automatic)
7148-XZPHA,Month-to-month,No,Electronic check
8073-IJDCM,Month-to-month,Yes,Mailed check
5309-TAIKL,Month-to-month,No,Bank transfer (automatic)
6856-RAURS,Month-to-month,Yes,Mailed check
8778-LMWTJ,Month-to-month,Yes,Electronic check
9717-IOAAF,Two year,Yes,Credit card (automatic)
8884-ADFVN,Month-to-month,Yes,Electronic check
2845-KDHVX,Two year,Yes,Mailed check
0848-SOMKO,Two year,No,Bank transfer (automatic)
2720-WGKHP,Month-to-month,Yes,Electronic check
6734-FQAJX,Two year,Yes,Electronic check
2869-ADAWR,Month-to-month,Yes,Credit card (automatic)
1535-VTJOQ,Two year,No,Credit card (automatic)
6368-TZZDT,Two year,No,Credit card (automatic)
0943-ZQPXH,Month-to-month,Yes,Bank transfer (automatic)
1293-BSEUN,Two year,Yes,Mailed check
9894-EZEWG,Month-to-month,Yes,Credit card (automatic)
1302-TPUBN,Two year,No,Bank transfer (automatic)
7851-FLGGQ,Month-to-month,Yes,Mailed check
0637-UBJRP,Month-to-month,No,Electronic check
0940-OUQEC,Month-to-month,Yes,Bank transfer (automatic)
2378-VTKDH,Month-to-month,Yes,Electronic check
0927-CNGRH,Month-to-month,No,Mailed check
8608-OZTLB,One year,No,Electronic check
2335-GSODA,Two year,No,Mailed check
1952-DVVSW,One year,No,Mailed check
0702-PGIBZ,Month-to-month,Yes,Electronic check
6656-GULJQ,Two year,Yes,Credit card (automatic)
9853-JFZDU,Month-to-month,No,Electronic check
1963-VAUKV,Month-to-month,No,Mailed check
3777-XROBG,Two year,No,Credit card (automatic)
6994-FGRHH,One year,Yes,Electronic check
4000-VGMQP,One year,No,Credit card (automatic)
3999-WRNGR,Month-to-month,Yes,Electronic check
3466-RITXD,Month-to-month,Yes,Credit card (automatic)
2680-XKKNJ,One year,No,Bank transfer (automatic)
3058-HJCUY,One year,Yes,Electronic check
2974-GGUXS,Month-to-month,Yes,Credit card (automatic)
7994-XIRTR,One year,No,Bank transfer (automatic)
3259-FDWOY,Two year,Yes,Bank transfer (automatic)
2101-RANCD,Month-to-month,Yes,Electronic check
7921-BEPCI,Two year,No,Bank transfer (automatic)
0807-ZABDG,Month-to-month,Yes,Mailed check
8510-TMWYB,Two year,Yes,Bank transfer (automatic)
3258-ZKPAI,Two year,Yes,Bank transfer (automatic)
1428-IEDPR,Two year,Yes,Electronic check
5298-GSTLM,One year,Yes,Bank transfer (automatic)
4450-YOOHP,Month-to-month,Yes,Credit card (automatic)
6728-CZFEI,One year,No,Mailed check
5748-RNCJT,Two year,Yes,Bank transfer (automatic)
3653-NCRDJ,One year,Yes,Mailed check
6121-TNHBO,One year,No,Bank transfer (automatic)
5119-NZPTV,Month-to-month,No,Electronic check
6519-ZHPXP,Two year,Yes,Bank transfer (automatic)
7739-LAXOG,Month-to-month,Yes,Bank transfer (automatic)
3472-QPRCH,Two year,No,Credit card (automatic)
8224-UAXBZ,One year,Yes,Electronic check
9610-WCESF,Two year,No,Electronic check
9776-CLUJA,Month-to-month,Yes,Electronic check
2486-WYVVE,One year,Yes,Mailed check
3865-ZYKAD,Month-to-month,Yes,Credit card (automatic)
1422-DGUBX,One year,Yes,Electronic check
2999-AANRQ,Two year,No,Credit card (automatic)
8668-KNZTI,One year,No,Electronic check
0480-KYJVA,Two year,No,Credit card (automatic)
6034-ZRYCV,Two year,Yes,Electronic check
9746-YKGXB,One year,No,Bank transfer (automatic)
3926-YZVVX,One year,No,Bank transfer (automatic)
6000-UKLWI,Two year,No,Mailed check
2079-FBMZK,Month-to-month,Yes,Mailed check
6332-FBZRI,One year,Yes,Credit card (automatic)
2096-XOTMO,Month-to-month,No,Mailed check
3266-FTKHB,Two year,No,Mailed check
8221-EQDGL,Month-to-month,No,Mailed check
2346-LOCWC,Two year,No,Credit card (automatic)
6608-QQLVK,Month-to-month,Yes,Electronic check
0298-XACET,Two year,No,Mailed check
7560-QJAVJ,Two year,No,Bank transfer (automatic)
2995-YWTCD,Two year,Yes,Bank transfer (automatic)
3551-HUAZH,Month-to-month,Yes,Electronic check
9137-UIYPG,Month-to-month,Yes,Electronic check
2809-ZMYOQ,Month-to-month,Yes,Electronic check
5084-OOVCJ,Month-to-month,Yes,Credit card (automatic)
0254-WWRKD,One year,No,Credit card (automatic)
7727-SHVZV,Month-to-month,No,Bank transfer (automatic)
6302-JGYRJ,One year,Yes,Mailed check
5339-PXDVH,Month-to-month,No,Electronic check
2205-LPVGL,One year,Yes,Bank transfer (automatic)
8782-NUUOL,One year,No,Mailed check
3685-YLCMQ,One year,Yes,Electronic check
7601-WFVZV,Month-to-month,No,Mailed check
4609-KNNWG,Two year,No,Mailed check
4868-AADLV,One year,Yes,Electronic check
9529-OFXHY,Month-to-month,Yes,Bank transfer (automatic)
8634-MPHTR,Month-to-month,Yes,Electronic check
2669-QVCRG,Month-to-month,Yes,Credit card (automatic)
2478-EEWWM,Month-to-month,Yes,Electronic check
9174-IHETN,Two year,No,Credit card (automatic)
2233-TXSIU,One year,No,Credit card (automatic)
9644-UMGQA,Month-to-month,Yes,Electronic check
3256-EZDBI,Month-to-month,Yes,Credit card (automatic)
8761-NSOBC,Month-to-month,No,Electronic check
0419-YAAPX,Month-to-month,Yes,Credit card (automatic)
8413-VONUO,Month-to-month,No,Electronic check
0872-CASZJ,One year,Yes,Mailed check
4726-DLWQN,Month-to-month,Yes,Bank transfer (automatic)
8164-OCKUJ,Two year,No,Mailed check
3094-JOJAI,Month-to-month,No,Mailed check
9494-MRNYX,Month-to-month,No,Electronic check
2599-CZABP,One year,No,Electronic check
7945-PRBVF,Two year,No,Bank transfer (automatic)
4544-RXFMG,One year,Yes,Mailed check
0859-YGKFW,One year,No,Bank transfer (automatic)
1150-FTQGN,One year,No,Bank transfer (automatic)
9223-UCPVT,Month-to-month,No,Electronic check
7196-LIWRH,Two year,No,Mailed check
5448-VWNAM,Month-to-month,Yes,Mailed check
1177-XZBJL,One year,No,Bank transfer (automatic)
3518-FSTWG,Two year,Yes,Bank transfer (automatic)
9330-VOFSZ,Two year,Yes,Credit card (automatic)
4351-QLCSU,Month-to-month,Yes,Credit card (automatic)
0939-EREMR,Month-to-month,No,Mailed check
9389-ACWBI,Month-to-month,No,Credit card (automatic)
5419-JPRRN,Month-to-month,Yes,Electronic check
3644-QXEHN,Month-to-month,No,Electronic check
2911-IJORQ,One year,Yes,Bank transfer (automatic)
5921-NGYRH,Month-to-month,Yes,Mailed check
2100-BDNSN,Month-to-month,No,Bank transfer (automatic)
5998-DZLYR,Two year,Yes,Bank transfer (automatic)
0488-GSLFR,Month-to-month,Yes,Electronic check
9318-NKNFC,Month-to-month,Yes,Mailed check
3985-HOYPM,One year,No,Mailed check
9728-FTTVZ,Month-to-month,Yes,Electronic check
9548-LERKT,Two year,No,Mailed check
6576-FBXOJ,One year,No,Electronic check
4310-KEDTB,Month-to-month,Yes,Mailed check
7254-IQWOZ,Month-to-month,Yes,Electronic check
2474-BRUCM,Month-to-month,No,Electronic check
4062-HBMOS,Month-to-month,Yes,Electronic check
0742-NXBGR,Month-to-month,Yes,Electronic check
2676-ISHSF,Month-to-month,No,Mailed check
9236-NDUCW,Two year,No,Mailed check
4753-PADAS,One year,Yes,Bank transfer (automatic)
6103-QCKFX,Month-to-month,No,Bank transfer (automatic)
7781-EWARA,One year,No,Electronic check
6110-OHIHY,Month-to-month,No,Electronic check
7018-FPXHH,Two year,Yes,Bank transfer (automatic)
5889-LFOLL,Month-to-month,Yes,Electronic check
5708-EVONK,Month-to-month,Yes,Bank transfer (automatic)
8708-XPXHZ,Month-to-month,Yes,Electronic check
0616-ATFGB,Month-to-month,No,Electronic check
0572-ZJKLT,Two year,No,Mailed check
5135-RDDQL,Two year,Yes,Bank transfer (automatic)
1353-LJWEM,Month-to-month,Yes,Electronic check
1794-SWWKL,Month-to-month,Yes,Bank transfer (automatic)
6166-YIPFO,Two year,Yes,Electronic check
7016-BPGEU,Month-to-month,Yes,Credit card (automatic)
6876-ADESB,Month-to-month,No,Electronic check
9332-GYWLO,Month-to-month,No,Electronic check
1963-SVUCV,Month-to-month,No,Electronic check
4184-VODJZ,One year,Yes,Electronic check
0220-EBGCE,Month-to-month,Yes,Electronic check
1092-WPIVQ,Two year,No,Mailed check
7233-IOQNP,Month-to-month,No,Bank transfer (automatic)
2834-JKOOW,One year,No,Mailed check
2754-VDLTR,Month-to-month,No,Electronic check
2400-FEQME,Two year,No,Mailed check
3190-XFANI,One year,Yes,Bank transfer (automatic)
7551-DACSP,Month-to-month,Yes,Mailed check
4957-SREEC,Two year,No,Credit card (automatic)
7235-NXZCP,Month-to-month,Yes,Mailed check
0230-UBYPQ,One year,No,Bank transfer (automatic)
4923-ADWXJ,Month-to-month,Yes,Bank transfer (automatic)
1763-KUAAW,One year,No,Bank transfer (automatic)
1104-TNLZA,Month-to-month,Yes,Electronic check
5195-KPUNQ,One year,Yes,Mailed check
0520-FDVVT,One year,Yes,Bank transfer (automatic)
3439-GVUSX,Month-to-month,No,Mailed check
1444-VVSGW,One year,No,Credit card (automatic)
5712-PTIWW,Month-to-month,Yes,Electronic check
5949-HGVJL,Month-to-month,Yes,Electronic check
5203-XEHAX,One year,No,Electronic check
1635-HDGFT,Two year,No,Mailed check
3315-TOTBP,Month-to-month,Yes,Mailed check
8050-XGRVL,One year,No,Credit card (automatic)
6661-HBGWL,Month-to-month,Yes,Bank transfer (automatic)
1518-VOWAV,Month-to-month,Yes,Electronic check
9828-QHFBK,Month-to-month,Yes,Electronic check
3908-MKIMJ,Two year,Yes,Electronic check
5012-YSPJJ,Month-to-month,No,Mailed check
5909-ECHUI,Month-to-month,Yes,Electronic check
1309-BXVOQ,Month-to-month,Yes,Electronic check
6728-VOIFY,One year,Yes,Electronic check
9317-WZPGV,Month-to-month,Yes,Bank transfer (automatic)
4891-NLUBA,Two year,Yes,Bank transfer (automatic)
2856-HYAPG,Month-to-month,No,Electronic check
8969-PRHFK,One year,No,Mailed check
0661-KQHNK,One year,No,Credit card (automatic)
8709-KRDVL,Month-to-month,Yes,Electronic check
4488-PSYCG,Month-to-month,No,Bank transfer (automatic)
1427-VERSM,Month-to-month,Yes,Electronic check
9801-NOSHQ,One year,No,Mailed check
6339-YPSAH,Month-to-month,Yes,Electronic check
3621-CEOVK,Month-to-month,Yes,Electronic check
6906-ANDWJ,Month-to-month,Yes,Bank transfer (automatic)
2159-TURXX,Month-to-month,No,Credit card (automatic)
1548-FEHVL,Month-to-month,Yes,Electronic check
3795-CAWEX,Two year,Yes,Credit card (automatic)
6215-NQCPY,Month-to-month,Yes,Electronic check
5647-URDKA,Two year,No,Mailed check
2229-DPMBI,Two year,No,Mailed check
9626-WEQRM,Month-to-month,Yes,Mailed check
2188-SXWVT,One year,No,Mailed check
6258-PVZWJ,Two year,Yes,Credit card (automatic)
1094-BKOSX,One year,No,Bank transfer (automatic)
6969-MVBAI,Month-to-month,Yes,Electronic check
2978-XXSOG,Month-to-month,Yes,Mailed check
2342-CKIAO,Month-to-month,No,Mailed check
6953-PBDIN,Two year,No,Bank transfer (automatic)
3898-BSJYF,One year,No,Credit card (automatic)
3938-YFPXD,Two year,No,Credit card (automatic)
7696-AMHOD,One year,No,Credit card (automatic)
2453-SAFNS,One year,No,Mailed check
9558-IHEZX,Two year,Yes,Credit card (automatic)
9617-UDPEU,One year,Yes,Mailed check
6340-DACFT,Two year,No,Credit card (automatic)
4955-VCWBI,One year,No,Mailed check
6813-GZQCG,Two year,Yes,Credit card (automatic)
7426-GSWPO,Month-to-month,Yes,Bank transfer (automatic)
3389-KTRXV,Two year,No,Mailed check
3118-UHVVQ,Two year,No,Credit card (automatic)
1031-IIDEO,Month-to-month,Yes,Electronic check
5832-XKAES,Month-to-month,Yes,Credit card (automatic)
3205-MXZRA,One year,No,Credit card (automatic)
4701-AHWMW,Month-to-month,Yes,Bank transfer (automatic)
8317-BVKSO,Month-to-month,Yes,Electronic check
5702-KVQRD,Two year,Yes,Electronic check
0083-PIVIK,One year,No,Electronic check
9210-IAHGH,Month-to-month,Yes,Credit card (automatic)
6169-PGNCD,Two year,Yes,Credit card (automatic)
0023-XUOPT,Month-to-month,No,Electronic check
4592-IWTJI,Month-to-month,No,Credit card (automatic)
4909-JOUPP,Two year,No,Credit card (automatic)
4657-FWVFY,Month-to-month,Yes,Credit card (automatic)
2257-BOVXD,Month-to-month,Yes,Credit card (automatic)
7729-JTEEC,Month-to-month,Yes,Electronic check
7632-MNYOY,One year,No,Credit card (automatic)
6518-LGAOV,Month-to-month,Yes,Electronic check
7242-QZLXF,Month-to-month,Yes,Electronic check
4576-CSAJH,One year,Yes,Credit card (automatic)
1000-AJSLD,Month-to-month,Yes,Mailed check
9696-RMYBA,Month-to-month,Yes,Mailed check
8690-UPCZI,One year,No,Bank transfer (automatic)
1062-LHZOD,Month-to-month,Yes,Mailed check
9770-LXDBK,Month-to-month,No,Mailed check
4086-WITJG,Two year,No,Credit card (automatic)
8344-WFMFH,Month-to-month,Yes,Electronic check
9600-NAXZN,Month-to-month,Yes,Electronic check
8822-KNBHV,One year,Yes,Credit card (automatic)
8404-FYDIB,Month-to-month,Yes,Credit card (automatic)
2791-SFVEW,Month-to-month,No,Bank transfer (automatic)
6457-USBER,Month-to-month,Yes,Electronic check
6762-NSODU,Two year,No,Credit card (automatic)
4662-EKDPQ,Month-to-month,No,Bank transfer (automatic)
9248-OJYKK,Month-to-month,Yes,Electronic check
9888-ZCUMM,Two year,Yes,Bank transfer (automatic)
3398-FSHON,Month-to-month,Yes,Electronic check
3319-DWOEP,Month-to-month,Yes,Electronic check
1074-WVEVG,One year,No,Mailed check
9979-RGMZT,One year,Yes,Mailed check
6437-UDQJM,Two year,Yes,Credit card (automatic)
1226-IENZN,Month-to-month,Yes,Electronic check
2108-GLPQB,Month-to-month,No,Credit card (automatic)
9259-PACGQ,Month-to-month,No,Electronic check
4415-IJZTP,Month-to-month,Yes,Electronic check
1465-VINDH,Month-to-month,Yes,Credit card (automatic)
5474-LAMUQ,One year,No,Mailed check
3468-DRVQJ,One year,No,Electronic check
1122-YJBCS,One year,Yes,Credit card (automatic)
4990-ALDGW,Two year,No,Mailed check
4816-OKWNX,One year,Yes,Bank transfer (automatic)
3315-IKYZQ,One year,No,Mailed check
2810-FTLEM,Month-to-month,Yes,Electronic check
4747-LCAQL,Month-to-month,Yes,Mailed check
3411-WLRSQ,Month-to-month,Yes,Bank transfer (automatic)
0898-XCGTF,One year,Yes,Bank transfer (automatic)
8006-PYCSW,Month-to-month,No,Mailed check
8249-THVEC,One year,No,Mailed check
8722-PRFDV,Two year,No,Credit card (automatic)
2164-SOQXL,Month-to-month,No,Mailed check
4020-KIUDI,Month-to-month,No,Credit card (automatic)
5850-BDWCY,Month-to-month,No,Mailed check
2038-YSEZE,Month-to-month,No,Mailed check
0827-ITJPH,Two year,Yes,Credit card (automatic)
8799-OXZMD,Month-to-month,Yes,Mailed check
1925-TIBLE,Month-to-month,Yes,Electronic check
1705-GUHPV,Two year,No,Mailed check
4779-ZGICK,Two year,No,Mailed check
0048-PIHNL,One year,No,Bank transfer (automatic)
0818-OCPZO,Month-to-month,Yes,Electronic check
3967-KXAPS,Two year,No,Credit card (automatic)
1447-GIQMR,Month-to-month,Yes,Electronic check
3704-IEAXF,Two year,No,Credit card (automatic)
6810-VCAEX,One year,No,Credit card (automatic)
0674-EYYZV,Month-to-month,Yes,Electronic check
4480-MBMLB,One year,Yes,Bank transfer (automatic)
1395-OFUWC,Month-to-month,No,Credit card (automatic)
0822-QGCXA,Month-to-month,No,Electronic check
0872-NXJYS,Month-to-month,Yes,Electronic check
2832-KJCRD,Month-to-month,Yes,Electronic check
3588-WSTTJ,Month-to-month,Yes,Electronic check
5090-EMGTC,Two year,Yes,Mailed check
2346-CZYIL,Two year,No,Credit card (automatic)
3798-EPWRR,Month-to-month,No,Electronic check
6258-NGCNG,Month-to-month,No,Mailed check
4186-ZBUEW,One year,Yes,Mailed check
5274-XHAKY,Month-to-month,Yes,Bank transfer (automatic)
1442-BQPVU,Month-to-month,No,Electronic check
3978-YNKDD,Two year,No,Credit card (automatic)
4940-KHCWD,Two year,No,Bank transfer (automatic)
9412-ARGBX,Two year,Yes,Mailed check
1389-CXMLU,Month-to-month,No,Electronic check
9589-ABEPT,Two year,Yes,Mailed check
9388-ZEYVT,One year,No,Electronic check
0305-SQECB,One year,Yes,Mailed check
7605-SNLQG,Month-to-month,Yes,Credit card (automatic)
4670-TABXH,Two year,Yes,Credit card (automatic)
5561-NWEVX,Month-to-month,No,Electronic check
0064-SUDOG,Two year,No,Bank transfer (automatic)
8561-NMTBD,One year,Yes,Credit card (automatic)
5161-XEUVX,Two year,No,Mailed check
8292-FRFZQ,One year,No,Bank transfer (automatic)
8591-NXRCV,Month-to-month,Yes,Bank transfer (automatic)
7895-VONWT,Month-to-month,Yes,Electronic check
4526-RMTLL,Two year,Yes,Credit card (automatic)
6253-GNHWH,Two year,No,Mailed check
4566-NECEV,Month-to-month,No,Electronic check
8080-POTJR,One year,Yes,Credit card (automatic)
6906-MPARY,One year,Yes,Credit card (automatic)
3662-FXJFO,Two year,Yes,Mailed check
8107-RZLNV,Two year,Yes,Bank transfer (automatic)
0516-OOHAR,One year,No,Bank transfer (automatic)
2027-CWDNU,Month-to-month,Yes,Electronic check
2737-WFVYW,Month-to-month,Yes,Electronic check
9912-OMZDS,One year,Yes,Electronic check
3733-ZEECP,Month-to-month,Yes,Electronic check
7878-RTCZG,Month-to-month,No,Mailed check
2452-MRMZF,Two year,Yes,Credit card (automatic)
2272-QAGFO,Month-to-month,Yes,Electronic check
7103-IPXPJ,One year,No,Electronic check
4342-HFXWS,One year,No,Bank transfer (automatic)
3545-CNWRG,Month-to-month,Yes,Electronic check
1785-BPHTP,Month-to-month,No,Electronic check
4989-LIXVT,Month-to-month,Yes,Electronic check
7315-WYOAW,Month-to-month,No,Electronic check
1173-XZPYF,Month-to-month,Yes,Electronic check
9850-OWRHQ,Month-to-month,Yes,Credit card (automatic)
3768-NLUBH,Month-to-month,No,Electronic check
8676-TRMJS,Month-to-month,No,Mailed check
2509-TFPJU,Two year,No,Credit card (automatic)
9530-GRMJG,Two year,Yes,Electronic check
6898-RBTLU,Two year,No,Bank transfer (automatic)
5481-NTDOH,One year,Yes,Credit card (automatic)
2068-WWXQZ,Two year,No,Bank transfer (automatic)
7359-SSBJK,Two year,Yes,Credit card (automatic)
2061-VVFST,Month-to-month,No,Bank transfer (automatic)
0685-MLYYM,Month-to-month,No,Electronic check
0749-IRGQE,Month-to-month,No,Electronic check
2380-DAMQP,Two year,No,Electronic check
2256-YLYLP,Two year,Yes,Bank transfer (automatic)
1272-ILHFG,One year,No,Mailed check
0164-XAIRP,Two year,Yes,Bank transfer (automatic)
5666-CYCYZ,Month-to-month,Yes,Electronic check
4011-ARPHK,Month-to-month,No,Mailed check
8182-PNAGI,Month-to-month,No,Bank transfer (automatic)
6365-HITVU,Two year,No,Credit card (automatic)
7558-IMLMT,Two year,Yes,Mailed check
9488-FYQAU,Two year,Yes,Bank transfer (automatic)
3590-TCXTB,Month-to-month,No,Mailed check
6994-KERXL,Month-to-month,Yes,Electronic check
7957-RYHQD,Month-to-month,Yes,Credit card (automatic)
2180-DXNEG,Month-to-month,Yes,Electronic check
1960-UOTYM,Two year,No,Electronic check
2740-JFBOK,Month-to-month,Yes,Electronic check
6500-JVEGC,One year,No,Bank transfer (automatic)
5515-AKOAJ,Month-to-month,Yes,Electronic check
8976-OQHGT,Month-to-month,No,Mailed check
5245-VDBUR,One year,No,Mailed check
6230-BSUXY,Month-to-month,Yes,Electronic check
8469-SNFFH,One year,No,Bank transfer (automatic)
2144-ESWKO,One year,Yes,Credit card (automatic)
1241-FPMOF,Two year,No,Mailed check
9928-BZVLZ,Two year,No,Mailed check
4114-QMKVN,One year,No,Bank transfer (automatic)
9003-CPATH,Month-to-month,No,Electronic check
1754-GKYPY,Month-to-month,Yes,Bank transfer (automatic)
5294-CDGWY,One year,No,Electronic check
7956-XQWGU,Month-to-month,Yes,Credit card (automatic)
1591-MQJTP,One year,Yes,Bank transfer (automatic)
5295-PCJOO,Month-to-month,Yes,Electronic check
2369-FEVNO,Month-to-month,Yes,Mailed check
9863-JZAIC,Month-to-month,No,Mailed check
7471-MQPOS,One year,Yes,Bank transfer (automatic)
7660-HDPJV,Month-to-month,Yes,Electronic check
5115-SQAAU,Two year,Yes,Bank transfer (automatic)
9845-QOMAD,One year,No,Mailed check
7672-VFMXZ,Month-to-month,No,Electronic check
9739-JLPQJ,Two year,No,Credit card (automatic)
9916-AYHTC,Two year,No,Credit card (automatic)
3855-ONCAR,Month-to-month,Yes,Mailed check
1488-SYSFC,Month-to-month,Yes,Electronic check
7931-PXHFC,One year,Yes,Mailed check
3990-QYKBE,Month-to-month,Yes,Electronic check
0970-QXPXW,Month-to-month,No,Mailed check
3259-KNMRR,Two year,Yes,Bank transfer (automatic)
6120-RJKLU,Two year,Yes,Credit card (automatic)
9572-WUKSB,Month-to-month,Yes,Electronic check
5893-KCLGT,Two year,Yes,Mailed check
0076-LVEPS,Month-to-month,Yes,Mailed check
3640-JQGJG,Month-to-month,No,Bank transfer (automatic)
4919-MOAVT,Month-to-month,No,Electronic check
1596-OQSPS,Month-to-month,No,Electronic check
9867-XOBQA,Two year,No,Mailed check
9546-KDTRB,Month-to-month,No,Bank transfer (automatic)
3090-HAWSU,Two year,Yes,Credit card (automatic)
9820-RMCQV,Month-to-month,No,Credit card (automatic)
3174-RKMOW,Month-to-month,Yes,Electronic check
1760-CAZHT,Month-to-month,No,Mailed check
7839-QRKXN,Month-to-month,Yes,Mailed check
8441-SHIPE,Two year,Yes,Bank transfer (automatic)
5204-QZXPU,Month-to-month,Yes,Electronic check
4597-ELFTS,One year,No,Electronic check
1320-GVNHT,Two year,Yes,Credit card (automatic)
1047-RNXZV,Two year,No,Mailed check
3541-ZNUHK,Month-to-month,Yes,Electronic check
8450-JOVAH,Month-to-month,No,Mailed check
8725-JEDFD,Month-to-month,Yes,Mailed check
7562-UXTPG,Month-to-month,Yes,Mailed check
8071-SBTRN,Two year,Yes,Mailed check
1113-IUJYX,One year,No,Mailed check
6668-CNMFP,One year,Yes,Bank transfer (automatic)
5626-MGTUK,Month-to-month,Yes,Bank transfer (automatic)
5681-LLOEI,One year,Yes,Credit card (automatic)
8212-DJRCH,Month-to-month,Yes,Mailed check
4323-OHFOW,One year,Yes,Bank transfer (automatic)
4933-BSAIP,Two year,No,Mailed check
2030-BTZRO,Two year,Yes,Credit card (automatic)
1116-DXXDF,Two year,Yes,Electronic check
9274-CNFMO,Month-to-month,No,Electronic check
7758-XKCBS,Month-to-month,Yes,Electronic check
8992-JQYUN,Month-to-month,Yes,Electronic check
6563-VNPMN,Month-to-month,Yes,Bank transfer (automatic)
0617-AQNWT,Two year,No,Electronic check
2267-WTPYD,Month-to-month,No,Credit card (automatic)
0270-THENM,Two year,No,Bank transfer (automatic)
2446-PLQVO,Month-to-month,Yes,Electronic check
4707-MAXGU,Two year,No,Credit card (automatic)
2710-WYVXG,Two year,No,Mailed check
3005-NFMTA,Month-to-month,Yes,Electronic check
6300-BWMJX,Month-to-month,No,Electronic check
8784-CGILN,Month-to-month,Yes,Bank transfer (automatic)
5389-FFVKB,Month-to-month,Yes,Credit card (automatic)
7009-LGECI,Month-to-month,Yes,Bank transfer (automatic)
8444-WRIDW,Month-to-month,Yes,Credit card (automatic)
5022-KVDQT,Month-to-month,Yes,Electronic check
7976-CICYS,Month-to-month,Yes,Credit card (automatic)
1036-GUDCL,Month-to-month,Yes,Credit card (automatic)
2005-DWQZJ,Two year,No,Mailed check
8148-WOCMK,Two year,No,Credit card (automatic)
7815-PDTHL,Two year,Yes,Mailed check
9451-LPGOO,Month-to-month,Yes,Electronic check
9173-IVZVP,Two year,No,Mailed check
9129-UXERG,Month-to-month,Yes,Credit card (automatic)
3635-JBPSG,Two year,Yes,Mailed check
7964-ZRKKG,One year,Yes,Bank transfer (automatic)
5868-YWPDW,Month-to-month,Yes,Electronic check
6229-LSCKB,Month-to-month,Yes,Electronic check
2025-JKFWI,Month-to-month,Yes,Mailed check
4078-SAYYN,Month-to-month,Yes,Electronic check
1724-IQWNM,Month-to-month,Yes,Mailed check
8217-QYOHV,Month-to-month,Yes,Mailed check
5546-QUERU,One year,Yes,Mailed check
9940-HPQPG,Month-to-month,No,Bank transfer (automatic)
6897-UUBNU,Month-to-month,No,Mailed check
6127-IYJOZ,Month-to-month,Yes,Mailed check
6618-RYATB,Month-to-month,Yes,Mailed check
8930-XOTDP,Month-to-month,No,Mailed check
5916-QEWPT,Month-to-month,No,Credit card (automatic)
5060-TQUQN,Month-to-month,Yes,Bank transfer (automatic)
0531-XBKMM,Two year,No,Bank transfer (automatic)
8465-SBRXP,Two year,Yes,Bank transfer (automatic)
2408-PSJVE,Month-to-month,Yes,Mailed check
9079-YEXQJ,Month-to-month,No,Electronic check
9700-ZCLOT,Month-to-month,No,Mailed check
8738-JOKAR,One year,Yes,Mailed check
4534-WGCIR,Two year,No,Credit card (automatic)
1930-WNXSB,Month-to-month,Yes,Electronic check
2685-SREOM,Month-to-month,Yes,Electronic check
3508-CFVZL,Two year,No,Mailed check
0402-CQAJN,Month-to-month,Yes,Bank transfer (automatic)
6692-UDPJC,Month-to-month,Yes,Electronic check
1273-MTETI,Month-to-month,Yes,Electronic check
0657-DOGUM,One year,Yes,Bank transfer (automatic)
5480-HPRRX,Month-to-month,No,Electronic check
8792-AOROI,Two year,No,Mailed check
0295-PPHDO,Month-to-month,Yes,Electronic check
5146-YYFRZ,Two year,No,Bank transfer (automatic)
1195-OIYEJ,Month-to-month,Yes,Electronic check
5906-CVLHP,One year,Yes,Credit card (automatic)
3452-SRFEG,Month-to-month,Yes,Bank transfer (automatic)
4070-OKWVH,Month-to-month,No,Bank transfer (automatic)
5297-MDOIR,One year,Yes,Credit card (automatic)
6369-MCAKO,Two year,Yes,Bank transfer (automatic)
4926-UMJZD,Month-to-month,Yes,Mailed check
6848-HJTXY,Two year,No,Credit card (automatic)
6341-AEVKX,One year,Yes,Electronic check
4501-EQDRN,Month-to-month,No,Bank transfer (automatic)
2990-HWIML,Month-to-month,Yes,Electronic check
0682-USIXD,Month-to-month,Yes,Electronic check
6976-BWGLQ,Two year,No,Bank transfer (automatic)
7078-NVFAM,Month-to-month,Yes,Electronic check
8065-QBYTO,One year,Yes,Credit card (automatic)
2133-TSRRM,Month-to-month,Yes,Bank transfer (automatic)
7384-GHBPI,Month-to-month,Yes,Electronic check
7603-USHJS,Month-to-month,Yes,Credit card (automatic)
7234-FECYN,Month-to-month,No,Electronic check
2511-ALLCS,Two year,No,Bank transfer (automatic)
3191-CSNMG,Month-to-month,Yes,Electronic check
7952-OBOYL,Month-to-month,Yes,Mailed check
7470-DYNOE,One year,Yes,Electronic check
7853-OETYL,Month-to-month,Yes,Electronic check
1545-ACTAS,One year,Yes,Bank transfer (automatic)
5876-HZVZM,Month-to-month,No,Credit card (automatic)
1400-MMYXY,Month-to-month,Yes,Electronic check
5126-RCXYW,Two year,No,Credit card (automatic)
3085-QUOZK,Month-to-month,No,Mailed check
2363-BJLSL,Month-to-month,Yes,Bank transfer (automatic)
1956-YIFGE,One year,Yes,Mailed check
3926-CUQZX,Month-to-month,Yes,Bank transfer (automatic)
7921-LMDFQ,One year,Yes,Bank transfer (automatic)
2925-MXLSX,One year,Yes,Credit card (automatic)
5820-PTRYM,One year,Yes,Credit card (automatic)
9609-BENEA,One year,Yes,Electronic check
6211-WHMYA,Month-to-month,Yes,Electronic check
4459-BBGHE,Month-to-month,Yes,Electronic check
9945-PSVIP,Two year,Yes,Mailed check
1041-RXHRA,Month-to-month,No,Bank transfer (automatic)
1750-CSKKM,Month-to-month,No,Electronic check
9108-EJFJP,Month-to-month,Yes,Mailed check
0530-IJVDB,Two year,Yes,Electronic check
0508-SQWPL,Two year,Yes,Bank transfer (automatic)
2215-ZAFGX,Month-to-month,Yes,Electronic check
8213-TAZPM,One year,Yes,Bank transfer (automatic)
7142-HVGBG,Month-to-month,Yes,Electronic check
1304-SEGFY,Two year,Yes,Electronic check
7242-EDTYC,Two year,No,Bank transfer (automatic)
2904-GGUAZ,Two year,Yes,Bank transfer (automatic)
8267-ZNYVZ,One year,Yes,Electronic check
5136-GFPMB,Month-to-month,No,Credit card (automatic)
2595-KIWPV,Two year,No,Credit card (automatic)
5243-SAOTC,Month-to-month,Yes,Bank transfer (automatic)
9398-MMQTO,Month-to-month,No,Credit card (automatic)
7619-PLRLP,One year,No,Bank transfer (automatic)
6457-GIRWB,Month-to-month,Yes,Electronic check
6508-NJYRO,One year,No,Mailed check
1450-SKCVI,Month-to-month,Yes,Electronic check
4710-NKCAW,Month-to-month,No,Credit card (automatic)
5306-BVTKJ,One year,Yes,Credit card (automatic)
0357-NVCRI,Month-to-month,No,Credit card (automatic)
5570-PTWEH,Month-to-month,Yes,Credit card (automatic)
2371-KFUOG,One year,No,Bank transfer (automatic)
0463-ZSDNT,Month-to-month,Yes,Bank transfer (automatic)
6502-MJQAE,Month-to-month,Yes,Electronic check
6257-DTAYD,Two year,Yes,Credit card (automatic)
4616-ULAOA,Two year,Yes,Credit card (automatic)
7693-LCKZL,Month-to-month,Yes,Electronic check
7746-AWNQW,Month-to-month,Yes,Mailed check
5996-EBTKM,Two year,Yes,Bank transfer (automatic)
2758-RNWXS,One year,Yes,Electronic check
2314-TNDJQ,Two year,No,Credit card (automatic)
2405-LBMUW,One year,Yes,Bank transfer (automatic)
3454-JFUBC,Two year,Yes,Credit card (automatic)
0032-PGELS,Month-to-month,No,Bank transfer (automatic)
9039-ZVJDC,Month-to-month,Yes,Mailed check
6797-LNAQX,Two year,No,Bank transfer (automatic)
9013-AQORL,Month-to-month,No,Credit card (automatic)
2898-MRKPI,One year,Yes,Credit card (automatic)
2750-BJLSB,One year,Yes,Electronic check
3648-GZPHF,One year,Yes,Mailed check
2075-RMJIK,Month-to-month,Yes,Mailed check
9588-YRFHY,Two year,Yes,Credit card (automatic)
6394-MFYNG,Month-to-month,Yes,Bank transfer (automatic)
1564-NTYXF,Month-to-month,Yes,Electronic check
9364-YKUVW,Month-to-month,Yes,Mailed check
5392-AKEMH,Month-to-month,Yes,Electronic check
2451-YMUXS,Two year,Yes,Bank transfer (automatic)
3914-FDRHP,Month-to-month,No,Electronic check
3078-ZKNTS,Two year,Yes,Bank transfer (automatic)
1024-KPRBB,One year,Yes,Mailed check
4690-PKDQG,Month-to-month,Yes,Electronic check
8155-IBNHG,Month-to-month,Yes,Credit card (automatic)
0886-QGENL,Month-to-month,Yes,Electronic check
9547-ITEFG,Month-to-month,Yes,Credit card (automatic)
1264-FUHCX,One year,Yes,Credit card (automatic)
7789-CRUVC,Month-to-month,Yes,Credit card (automatic)
6598-KELSS,One year,Yes,Bank transfer (automatic)
8739-WWKDU,Month-to-month,Yes,Electronic check
8685-WHQPW,Month-to-month,Yes,Bank transfer (automatic)
4745-LSPLO,Month-to-month,No,Mailed check
8083-YTZES,Month-to-month,Yes,Electronic check
7240-FQLHE,Month-to-month,No,Bank transfer (automatic)
6664-FPDAC,One year,Yes,Electronic check
9972-VAFJJ,One year,Yes,Electronic check
0422-UXFAP,One year,Yes,Electronic check
1904-WAJAA,Two year,No,Electronic check
5130-YPIRV,Two year,Yes,Credit card (automatic)
2843-CQMEG,Month-to-month,Yes,Mailed check
6439-PKTRR,Two year,No,Electronic check
5351-QESIO,Month-to-month,No,Mailed check
0786-VSSUD,Month-to-month,Yes,Mailed check
5568-DMXZS,Month-to-month,Yes,Electronic check
8468-FZTOE,Two year,Yes,Electronic check
6633-SYEUS,Month-to-month,No,Bank transfer (automatic)
6447-GORXK,Month-to-month,No,Credit card (automatic)
6967-PEJLL,One year,Yes,Electronic check
3976-BWUCK,Month-to-month,Yes,Credit card (automatic)
5981-ZVXOT,One year,Yes,Electronic check
1684-FLBGS,Month-to-month,Yes,Credit card (automatic)
1389-WNUIB,One year,No,Bank transfer (automatic)
0376-OIWME,Month-to-month,Yes,Electronic check
3585-ISXZP,Month-to-month,No,Bank transfer (automatic)
0218-QNVAS,One year,No,Bank transfer (automatic)
6583-QGCSI,Month-to-month,Yes,Electronic check
0804-YGEQV,One year,Yes,Bank transfer (automatic)
7164-BPTUT,Two year,No,Mailed check
4174-LPGTI,One year,Yes,Bank transfer (automatic)
2523-EWWZL,Month-to-month,Yes,Electronic check
0928-XUTSN,Month-to-month,Yes,Electronic check
2108-XWMPY,Month-to-month,Yes,Mailed check
0052-YNYOT,One year,No,Electronic check
6304-IJFSQ,Month-to-month,Yes,Mailed check
9586-JGQKH,Two year,Yes,Bank transfer (automatic)
4501-VCPFK,Month-to-month,No,Electronic check
6075-SLNIL,Month-to-month,Yes,Credit card (automatic)
9347-AERRL,One year,No,Credit card (automatic)
0093-XWZFY,Month-to-month,Yes,Credit card (automatic)
2274-XUATA,Two year,Yes,Bank transfer (automatic)
1980-KXVPM,Month-to-month,Yes,Credit card (automatic)
7703-ZEKEF,Month-to-month,Yes,Electronic check
0723-DRCLG,Month-to-month,Yes,Electronic check
5482-NUPNA,Month-to-month,Yes,Mailed check
6691-CCIHA,Two year,Yes,Electronic check
1685-BQULA,Month-to-month,Yes,Bank transfer (automatic)
9053-EJUNL,Month-to-month,Yes,Electronic check
0666-UXTJO,Month-to-month,Yes,Credit card (automatic)
1471-GIQKQ,Month-to-month,No,Electronic check
4807-IZYOZ,Two year,No,Bank transfer (automatic)
1122-JWTJW,Month-to-month,Yes,Mailed check
9710-NJERN,Two year,No,Mailed check
9837-FWLCH,Month-to-month,Yes,Electronic check
1699-HPSBG,One year,Yes,Electronic check
7203-OYKCT,One year,Yes,Electronic check
1035-IPQPU,Month-to-month,Yes,Electronic check
7398-LXGYX,Month-to-month,Yes,Credit card (automatic)
2823-LKABH,Month-to-month,Yes,Bank transfer (automatic)
8775-CEBBJ,Month-to-month,Yes,Bank transfer (automatic)
0550-DCXLH,Month-to-month,No,Mailed check
9281-CEDRU,Two year,No,Bank transfer (automatic)
2235-DWLJU,Month-to-month,Yes,Electronic check
0871-OPBXW,Month-to-month,Yes,Mailed check
3605-JISKB,One year,No,Credit card (automatic)
6894-LFHLY,Month-to-month,Yes,Electronic check
9767-FFLEM,Month-to-month,Yes,Credit card (automatic)
0639-TSIQW,Month-to-month,Yes,Credit card (automatic)
8456-QDAVC,Month-to-month,Yes,Bank transfer (automatic)
7750-EYXWZ,One year,No,Electronic check
2569-WGERO,Two year,Yes,Bank transfer (automatic)
6840-RESVB,One year,Yes,Mailed check
2234-XADUH,One year,Yes,Credit card (automatic)
4801-JZAZL,Month-to-month,Yes,Electronic check
8361-LTMKD,Month-to-month,Yes,Mailed check
3186-AJIEK,Two year,Yes,Bank transfer (automatic)
